Started at:   Tue Sep 29 03:28:21 PM UTC 2026
Repo root:    /home-mscluster/travhengani/Graph-Signalling-Game
Python:       Python 3.13.5 (/home-mscluster/travhengani/miniconda3/bin/python3)
Run log:      results/question1/logs/convention_kmm_20260929_152821.log

========================================================================
Convention determination on K_{m,m} (longer training + Boolean framework)
graphs   : K3x3, K4x4, K5x5, K6x6
variants : shared, two_brain, independent
seeds    : 30 per (graph, variant)
========================================================================

########################################################################
# K3x3  (3 signallers, 3 guessers, 9 edges)
#   schedule: 12000 episodes, epsilon decay over 8000
#   convention space: 40,320 perfect ((2^3)! bijections), of which 48 are pure-tracking (m!*2^m)
########################################################################

============================================================
  K3x3 / shared
============================================================

  seed  0  R=0.917  [exploiting joint channel (0.917)]  (33.4s)
           not perfect (1 tracking, 2 holistic, 0 pooling signallers)
             S0: general(G0,G1,G2) [nonlinear]    (kind=general, depends on [0, 1, 2])
             S1: track G0                         (kind=dictator, depends on [0])
             S2: general(G0,G1,G2) [nonlinear]    (kind=general, depends on [0, 1, 2])
             entropy reduction per guesser (out of 1.0): G0=1.00, G1=0.75, G2=0.75
             ex1: items(G0=CAT, G1=DOG, G2=DOG) -> lights(S0=ON, S1=OFF, S2=ON) -> guesses(G0=CATok, G1=DOGok, G2=DOGok)  R=1.00
             ex2: items(G0=DOG, G1=DOG, G2=CAT) -> lights(S0=ON, S1=ON, S2=OFF) -> guesses(G0=DOGok, G1=DOGok, G2=CATok)  R=1.00
             ex3: items(G0=DOG, G1=CAT, G2=DOG) -> lights(S0=ON, S1=ON, S2=ON) -> guesses(G0=DOGok, G1=DOGXX, G2=DOGok)  R=0.67
             ex4: items(G0=DOG, G1=DOG, G2=DOG) -> lights(S0=ON, S1=ON, S2=ON) -> guesses(G0=DOGok, G1=DOGok, G2=DOGok)  R=1.00
             ex5: items(G0=DOG, G1=DOG, G2=CAT) -> lights(S0=ON, S1=ON, S2=OFF) -> guesses(G0=DOGok, G1=DOGok, G2=CATok)  R=1.00

  seed  1  R=0.958  [exploiting joint channel (0.958)]  (19.1s)
           not perfect (1 tracking, 2 holistic, 0 pooling signallers)
             S0: general(G0,G1,G2) [nonlinear]    (kind=general, depends on [0, 1, 2])
             S1: track NOT G2                     (kind=dictator, depends on [2])
             S2: general(G0,G1,G2) [nonlinear]    (kind=general, depends on [0, 1, 2])
             entropy reduction per guesser (out of 1.0): G0=1.00, G1=0.75, G2=1.00
             ex1: items(G0=CAT, G1=DOG, G2=DOG) -> lights(S0=ON, S1=OFF, S2=ON) -> guesses(G0=CATok, G1=DOGok, G2=DOGok)  R=1.00
             ex2: items(G0=DOG, G1=CAT, G2=CAT) -> lights(S0=OFF, S1=ON, S2=ON) -> guesses(G0=DOGok, G1=CATok, G2=CATok)  R=1.00
             ex3: items(G0=DOG, G1=CAT, G2=DOG) -> lights(S0=OFF, S1=OFF, S2=OFF) -> guesses(G0=DOGok, G1=CATok, G2=DOGok)  R=1.00
             ex4: items(G0=DOG, G1=DOG, G2=CAT) -> lights(S0=ON, S1=ON, S2=OFF) -> guesses(G0=DOGok, G1=DOGok, G2=CATok)  R=1.00
             ex5: items(G0=CAT, G1=DOG, G2=CAT) -> lights(S0=ON, S1=ON, S2=ON) -> guesses(G0=CATok, G1=CATXX, G2=CATok)  R=0.67

  seed  2  R=1.000  [perfect (complementary conventions)]  (18.9s)
           PERFECT pure-tracking (fully compositional: every light = one guesser's item)
             S0: track NOT G2                     (kind=dictator, depends on [2])
             S1: track G1                         (kind=dictator, depends on [1])
             S2: track G0                         (kind=dictator, depends on [0])
             entropy reduction per guesser (out of 1.0): G0=1.00, G1=1.00, G2=1.00
             ex1: items(G0=DOG, G1=CAT, G2=CAT) -> lights(S0=ON, S1=OFF, S2=ON) -> guesses(G0=DOGok, G1=CATok, G2=CATok)  R=1.00
             ex2: items(G0=CAT, G1=DOG, G2=DOG) -> lights(S0=OFF, S1=ON, S2=OFF) -> guesses(G0=CATok, G1=DOGok, G2=DOGok)  R=1.00
             ex3: items(G0=DOG, G1=CAT, G2=CAT) -> lights(S0=ON, S1=OFF, S2=ON) -> guesses(G0=DOGok, G1=CATok, G2=CATok)  R=1.00
             ex4: items(G0=CAT, G1=CAT, G2=CAT) -> lights(S0=ON, S1=OFF, S2=OFF) -> guesses(G0=CATok, G1=CATok, G2=CATok)  R=1.00
             ex5: items(G0=DOG, G1=CAT, G2=CAT) -> lights(S0=ON, S1=OFF, S2=ON) -> guesses(G0=DOGok, G1=CATok, G2=CATok)  R=1.00

  seed  3  R=0.875  [exploiting joint channel (0.875)]  (19.0s)
           not perfect (1 tracking, 2 holistic, 0 pooling signallers)
             S0: general(G0,G1,G2) [nonlinear]    (kind=general, depends on [0, 1, 2])
             S1: general(G0,G1,G2) [nonlinear]    (kind=general, depends on [0, 1, 2])
             S2: track NOT G2                     (kind=dictator, depends on [2])
             entropy reduction per guesser (out of 1.0): G0=0.41, G1=0.66, G2=1.00
             ex1: items(G0=CAT, G1=CAT, G2=CAT) -> lights(S0=ON, S1=OFF, S2=ON) -> guesses(G0=CATok, G1=CATok, G2=CATok)  R=1.00
             ex2: items(G0=CAT, G1=CAT, G2=DOG) -> lights(S0=OFF, S1=OFF, S2=OFF) -> guesses(G0=CATok, G1=CATok, G2=DOGok)  R=1.00
             ex3: items(G0=CAT, G1=DOG, G2=CAT) -> lights(S0=ON, S1=ON, S2=ON) -> guesses(G0=CATok, G1=DOGok, G2=CATok)  R=1.00
             ex4: items(G0=CAT, G1=CAT, G2=DOG) -> lights(S0=OFF, S1=OFF, S2=OFF) -> guesses(G0=CATok, G1=CATok, G2=DOGok)  R=1.00
             ex5: items(G0=CAT, G1=DOG, G2=CAT) -> lights(S0=ON, S1=ON, S2=ON) -> guesses(G0=CATok, G1=DOGok, G2=CATok)  R=1.00

  seed  4  R=1.000  [perfect (complementary conventions)]  (18.8s)
           PERFECT pure-tracking (fully compositional: every light = one guesser's item)
             S0: track NOT G2                     (kind=dictator, depends on [2])
             S1: track NOT G1                     (kind=dictator, depends on [1])
             S2: track G0                         (kind=dictator, depends on [0])
             entropy reduction per guesser (out of 1.0): G0=1.00, G1=1.00, G2=1.00
             ex1: items(G0=CAT, G1=CAT, G2=CAT) -> lights(S0=ON, S1=ON, S2=OFF) -> guesses(G0=CATok, G1=CATok, G2=CATok)  R=1.00
             ex2: items(G0=DOG, G1=DOG, G2=DOG) -> lights(S0=OFF, S1=OFF, S2=ON) -> guesses(G0=DOGok, G1=DOGok, G2=DOGok)  R=1.00
             ex3: items(G0=CAT, G1=DOG, G2=CAT) -> lights(S0=ON, S1=OFF, S2=OFF) -> guesses(G0=CATok, G1=DOGok, G2=CATok)  R=1.00
             ex4: items(G0=CAT, G1=DOG, G2=CAT) -> lights(S0=ON, S1=OFF, S2=OFF) -> guesses(G0=CATok, G1=DOGok, G2=CATok)  R=1.00
             ex5: items(G0=DOG, G1=CAT, G2=CAT) -> lights(S0=ON, S1=ON, S2=ON) -> guesses(G0=DOGok, G1=CATok, G2=CATok)  R=1.00

  seed  5  R=0.875  [exploiting joint channel (0.875)]  (19.0s)
           not perfect (1 tracking, 2 holistic, 0 pooling signallers)
             S0: general(G0,G1,G2) [nonlinear]    (kind=general, depends on [0, 1, 2])
             S1: track NOT G2                     (kind=dictator, depends on [2])
             S2: general(G0,G1,G2) [nonlinear]    (kind=general, depends on [0, 1, 2])
             entropy reduction per guesser (out of 1.0): G0=0.75, G1=0.75, G2=1.00
             ex1: items(G0=CAT, G1=DOG, G2=CAT) -> lights(S0=ON, S1=ON, S2=OFF) -> guesses(G0=CATok, G1=DOGok, G2=CATok)  R=1.00
             ex2: items(G0=DOG, G1=CAT, G2=CAT) -> lights(S0=ON, S1=ON, S2=ON) -> guesses(G0=CATXX, G1=CATok, G2=CATok)  R=0.67
             ex3: items(G0=CAT, G1=CAT, G2=DOG) -> lights(S0=ON, S1=OFF, S2=ON) -> guesses(G0=CATok, G1=CATok, G2=DOGok)  R=1.00
             ex4: items(G0=DOG, G1=DOG, G2=DOG) -> lights(S0=OFF, S1=OFF, S2=OFF) -> guesses(G0=DOGok, G1=DOGok, G2=DOGok)  R=1.00
             ex5: items(G0=CAT, G1=DOG, G2=DOG) -> lights(S0=ON, S1=OFF, S2=ON) -> guesses(G0=CATok, G1=CATXX, G2=DOGok)  R=0.67

  seed  6  R=0.875  [exploiting joint channel (0.875)]  (18.9s)
           not perfect (0 tracking, 3 holistic, 0 pooling signallers)
             S0: general(G0,G1,G2) [nonlinear]    (kind=general, depends on [0, 1, 2])
             S1: general(G0,G1,G2) [nonlinear]    (kind=general, depends on [0, 1, 2])
             S2: general(G0,G1) [nonlinear]       (kind=general, depends on [0, 1])
             entropy reduction per guesser (out of 1.0): G0=0.75, G1=1.00, G2=0.50
             ex1: items(G0=DOG, G1=CAT, G2=CAT) -> lights(S0=OFF, S1=OFF, S2=OFF) -> guesses(G0=CATXX, G1=CATok, G2=CATok)  R=0.67
             ex2: items(G0=DOG, G1=CAT, G2=CAT) -> lights(S0=OFF, S1=OFF, S2=OFF) -> guesses(G0=CATXX, G1=CATok, G2=CATok)  R=0.67
             ex3: items(G0=CAT, G1=DOG, G2=DOG) -> lights(S0=ON, S1=ON, S2=OFF) -> guesses(G0=CATok, G1=DOGok, G2=DOGok)  R=1.00
             ex4: items(G0=DOG, G1=DOG, G2=CAT) -> lights(S0=ON, S1=ON, S2=ON) -> guesses(G0=DOGok, G1=DOGok, G2=DOGXX)  R=0.67
             ex5: items(G0=CAT, G1=DOG, G2=DOG) -> lights(S0=ON, S1=ON, S2=OFF) -> guesses(G0=CATok, G1=DOGok, G2=DOGok)  R=1.00

  seed  7  R=0.917  [exploiting joint channel (0.917)]  (18.8s)
           not perfect (0 tracking, 3 holistic, 0 pooling signallers)
             S0: general(G0,G1,G2) [nonlinear]    (kind=general, depends on [0, 1, 2])
             S1: general(G0,G1,G2) [nonlinear]    (kind=general, depends on [0, 1, 2])
             S2: general(G0,G1,G2) [nonlinear]    (kind=general, depends on [0, 1, 2])
             entropy reduction per guesser (out of 1.0): G0=1.00, G1=0.50, G2=1.00
             ex1: items(G0=DOG, G1=DOG, G2=CAT) -> lights(S0=ON, S1=ON, S2=ON) -> guesses(G0=DOGok, G1=CATXX, G2=CATok)  R=0.67
             ex2: items(G0=DOG, G1=CAT, G2=CAT) -> lights(S0=ON, S1=ON, S2=ON) -> guesses(G0=DOGok, G1=CATok, G2=CATok)  R=1.00
             ex3: items(G0=DOG, G1=DOG, G2=DOG) -> lights(S0=OFF, S1=OFF, S2=ON) -> guesses(G0=DOGok, G1=DOGok, G2=DOGok)  R=1.00
             ex4: items(G0=DOG, G1=CAT, G2=DOG) -> lights(S0=ON, S1=OFF, S2=ON) -> guesses(G0=DOGok, G1=CATok, G2=DOGok)  R=1.00
             ex5: items(G0=CAT, G1=CAT, G2=DOG) -> lights(S0=OFF, S1=OFF, S2=OFF) -> guesses(G0=CATok, G1=CATok, G2=DOGok)  R=1.00

  seed  8  R=1.000  [perfect (complementary conventions)]  (18.8s)
           PERFECT pure-tracking (fully compositional: every light = one guesser's item)
             S0: track NOT G2                     (kind=dictator, depends on [2])
             S1: track G0                         (kind=dictator, depends on [0])
             S2: track NOT G1                     (kind=dictator, depends on [1])
             entropy reduction per guesser (out of 1.0): G0=1.00, G1=1.00, G2=1.00
             ex1: items(G0=CAT, G1=CAT, G2=DOG) -> lights(S0=OFF, S1=OFF, S2=ON) -> guesses(G0=CATok, G1=CATok, G2=DOGok)  R=1.00
             ex2: items(G0=CAT, G1=CAT, G2=DOG) -> lights(S0=OFF, S1=OFF, S2=ON) -> guesses(G0=CATok, G1=CATok, G2=DOGok)  R=1.00
             ex3: items(G0=CAT, G1=DOG, G2=DOG) -> lights(S0=OFF, S1=OFF, S2=OFF) -> guesses(G0=CATok, G1=DOGok, G2=DOGok)  R=1.00
             ex4: items(G0=CAT, G1=CAT, G2=CAT) -> lights(S0=ON, S1=OFF, S2=ON) -> guesses(G0=CATok, G1=CATok, G2=CATok)  R=1.00
             ex5: items(G0=DOG, G1=DOG, G2=DOG) -> lights(S0=OFF, S1=ON, S2=OFF) -> guesses(G0=DOGok, G1=DOGok, G2=DOGok)  R=1.00

  seed  9  R=0.875  [exploiting joint channel (0.875)]  (19.0s)
           not perfect (0 tracking, 3 holistic, 0 pooling signallers)
             S0: general(G0,G1,G2) [nonlinear]    (kind=general, depends on [0, 1, 2])
             S1: general(G0,G1,G2) [nonlinear]    (kind=general, depends on [0, 1, 2])
             S2: general(G0,G1,G2) [nonlinear]    (kind=general, depends on [0, 1, 2])
             entropy reduction per guesser (out of 1.0): G0=0.50, G1=0.75, G2=1.00
             ex1: items(G0=CAT, G1=CAT, G2=DOG) -> lights(S0=ON, S1=ON, S2=OFF) -> guesses(G0=CATok, G1=CATok, G2=DOGok)  R=1.00
             ex2: items(G0=CAT, G1=CAT, G2=DOG) -> lights(S0=ON, S1=ON, S2=OFF) -> guesses(G0=CATok, G1=CATok, G2=DOGok)  R=1.00
             ex3: items(G0=DOG, G1=CAT, G2=DOG) -> lights(S0=ON, S1=ON, S2=ON) -> guesses(G0=DOGok, G1=DOGXX, G2=DOGok)  R=0.67
             ex4: items(G0=CAT, G1=CAT, G2=CAT) -> lights(S0=ON, S1=OFF, S2=OFF) -> guesses(G0=CATok, G1=CATok, G2=CATok)  R=1.00
             ex5: items(G0=CAT, G1=DOG, G2=CAT) -> lights(S0=OFF, S1=OFF, S2=ON) -> guesses(G0=CATok, G1=DOGok, G2=CATok)  R=1.00

  seed 10  R=1.000  [perfect (complementary conventions)]  (18.7s)
           PERFECT holistic (uses relational encoding: S1=general(G0,G1,G2) [nonlinear]; S2=general(G0,G1,G2) [nonlinear])
             S0: track NOT G2                     (kind=dictator, depends on [2])
             S1: general(G0,G1,G2) [nonlinear]    (kind=general, depends on [0, 1, 2])
             S2: general(G0,G1,G2) [nonlinear]    (kind=general, depends on [0, 1, 2])
             entropy reduction per guesser (out of 1.0): G0=1.00, G1=1.00, G2=1.00
             ex1: items(G0=CAT, G1=CAT, G2=CAT) -> lights(S0=ON, S1=OFF, S2=OFF) -> guesses(G0=CATok, G1=CATok, G2=CATok)  R=1.00
             ex2: items(G0=CAT, G1=CAT, G2=CAT) -> lights(S0=ON, S1=OFF, S2=OFF) -> guesses(G0=CATok, G1=CATok, G2=CATok)  R=1.00
             ex3: items(G0=CAT, G1=DOG, G2=DOG) -> lights(S0=OFF, S1=ON, S2=OFF) -> guesses(G0=CATok, G1=DOGok, G2=DOGok)  R=1.00
             ex4: items(G0=CAT, G1=CAT, G2=DOG) -> lights(S0=OFF, S1=OFF, S2=OFF) -> guesses(G0=CATok, G1=CATok, G2=DOGok)  R=1.00
             ex5: items(G0=CAT, G1=DOG, G2=CAT) -> lights(S0=ON, S1=OFF, S2=ON) -> guesses(G0=CATok, G1=DOGok, G2=CATok)  R=1.00

  seed 11  R=1.000  [perfect (complementary conventions)]  (18.9s)
           PERFECT pure-tracking (fully compositional: every light = one guesser's item)
             S0: track NOT G2                     (kind=dictator, depends on [2])
             S1: track G0                         (kind=dictator, depends on [0])
             S2: track G1                         (kind=dictator, depends on [1])
             entropy reduction per guesser (out of 1.0): G0=1.00, G1=1.00, G2=1.00
             ex1: items(G0=CAT, G1=DOG, G2=CAT) -> lights(S0=ON, S1=OFF, S2=ON) -> guesses(G0=CATok, G1=DOGok, G2=CATok)  R=1.00
             ex2: items(G0=DOG, G1=DOG, G2=CAT) -> lights(S0=ON, S1=ON, S2=ON) -> guesses(G0=DOGok, G1=DOGok, G2=CATok)  R=1.00
             ex3: items(G0=CAT, G1=CAT, G2=CAT) -> lights(S0=ON, S1=OFF, S2=OFF) -> guesses(G0=CATok, G1=CATok, G2=CATok)  R=1.00
             ex4: items(G0=CAT, G1=CAT, G2=CAT) -> lights(S0=ON, S1=OFF, S2=OFF) -> guesses(G0=CATok, G1=CATok, G2=CATok)  R=1.00
             ex5: items(G0=DOG, G1=CAT, G2=CAT) -> lights(S0=ON, S1=ON, S2=OFF) -> guesses(G0=DOGok, G1=CATok, G2=CATok)  R=1.00

  seed 12  R=0.917  [exploiting joint channel (0.917)]  (18.8s)
           not perfect (2 tracking, 1 holistic, 0 pooling signallers)
             S0: track G1                         (kind=dictator, depends on [1])
             S1: general(G0,G1,G2) [nonlinear]    (kind=general, depends on [0, 1, 2])
             S2: track G0                         (kind=dictator, depends on [0])
             entropy reduction per guesser (out of 1.0): G0=1.00, G1=1.00, G2=0.50
             ex1: items(G0=CAT, G1=DOG, G2=CAT) -> lights(S0=ON, S1=ON, S2=OFF) -> guesses(G0=CATok, G1=DOGok, G2=CATok)  R=1.00
             ex2: items(G0=CAT, G1=DOG, G2=DOG) -> lights(S0=ON, S1=OFF, S2=OFF) -> guesses(G0=CATok, G1=DOGok, G2=DOGok)  R=1.00
             ex3: items(G0=CAT, G1=DOG, G2=CAT) -> lights(S0=ON, S1=ON, S2=OFF) -> guesses(G0=CATok, G1=DOGok, G2=CATok)  R=1.00
             ex4: items(G0=DOG, G1=CAT, G2=CAT) -> lights(S0=OFF, S1=ON, S2=ON) -> guesses(G0=DOGok, G1=CATok, G2=CATok)  R=1.00
             ex5: items(G0=DOG, G1=CAT, G2=CAT) -> lights(S0=OFF, S1=ON, S2=ON) -> guesses(G0=DOGok, G1=CATok, G2=CATok)  R=1.00

  seed 13  R=0.917  [exploiting joint channel (0.917)]  (18.9s)
           not perfect (1 tracking, 2 holistic, 0 pooling signallers)
             S0: general(G0,G1,G2) [nonlinear]    (kind=general, depends on [0, 1, 2])
             S1: general(G0,G1,G2) [nonlinear]    (kind=general, depends on [0, 1, 2])
             S2: track NOT G1                     (kind=dictator, depends on [1])
             entropy reduction per guesser (out of 1.0): G0=1.00, G1=1.00, G2=0.75
             ex1: items(G0=DOG, G1=CAT, G2=CAT) -> lights(S0=ON, S1=ON, S2=ON) -> guesses(G0=DOGok, G1=CATok, G2=CATok)  R=1.00
             ex2: items(G0=CAT, G1=DOG, G2=CAT) -> lights(S0=OFF, S1=OFF, S2=OFF) -> guesses(G0=CATok, G1=DOGok, G2=CATok)  R=1.00
             ex3: items(G0=CAT, G1=DOG, G2=CAT) -> lights(S0=OFF, S1=OFF, S2=OFF) -> guesses(G0=CATok, G1=DOGok, G2=CATok)  R=1.00
             ex4: items(G0=CAT, G1=CAT, G2=DOG) -> lights(S0=OFF, S1=OFF, S2=ON) -> guesses(G0=CATok, G1=CATok, G2=DOGok)  R=1.00
             ex5: items(G0=DOG, G1=DOG, G2=CAT) -> lights(S0=ON, S1=OFF, S2=OFF) -> guesses(G0=CATXX, G1=DOGok, G2=CATok)  R=0.67

  seed 14  R=0.875  [exploiting joint channel (0.875)]  (19.0s)
           not perfect (0 tracking, 3 holistic, 0 pooling signallers)
             S0: general(G0,G1,G2) [nonlinear]    (kind=general, depends on [0, 1, 2])
             S1: general(G0,G1,G2) [nonlinear]    (kind=general, depends on [0, 1, 2])
             S2: general(G0,G1,G2) [nonlinear]    (kind=general, depends on [0, 1, 2])
             entropy reduction per guesser (out of 1.0): G0=0.75, G1=0.75, G2=1.00
             ex1: items(G0=CAT, G1=DOG, G2=DOG) -> lights(S0=OFF, S1=OFF, S2=OFF) -> guesses(G0=CATok, G1=CATXX, G2=DOGok)  R=0.67
             ex2: items(G0=DOG, G1=CAT, G2=DOG) -> lights(S0=ON, S1=OFF, S2=ON) -> guesses(G0=DOGok, G1=CATok, G2=DOGok)  R=1.00
             ex3: items(G0=DOG, G1=CAT, G2=CAT) -> lights(S0=ON, S1=ON, S2=ON) -> guesses(G0=DOGok, G1=CATok, G2=CATok)  R=1.00
             ex4: items(G0=DOG, G1=DOG, G2=CAT) -> lights(S0=OFF, S1=ON, S2=ON) -> guesses(G0=DOGok, G1=DOGok, G2=CATok)  R=1.00
             ex5: items(G0=CAT, G1=DOG, G2=DOG) -> lights(S0=OFF, S1=OFF, S2=OFF) -> guesses(G0=CATok, G1=CATXX, G2=DOGok)  R=0.67

  seed 15  R=0.917  [exploiting joint channel (0.917)]  (18.8s)
           not perfect (2 tracking, 1 holistic, 0 pooling signallers)
             S0: track G1                         (kind=dictator, depends on [1])
             S1: track NOT G0                     (kind=dictator, depends on [0])
             S2: general(G1,G2) [nonlinear]       (kind=general, depends on [1, 2])
             entropy reduction per guesser (out of 1.0): G0=1.00, G1=1.00, G2=0.50
             ex1: items(G0=CAT, G1=CAT, G2=DOG) -> lights(S0=OFF, S1=ON, S2=ON) -> guesses(G0=CATok, G1=CATok, G2=DOGok)  R=1.00
             ex2: items(G0=CAT, G1=DOG, G2=CAT) -> lights(S0=ON, S1=ON, S2=ON) -> guesses(G0=CATok, G1=DOGok, G2=DOGXX)  R=0.67
             ex3: items(G0=DOG, G1=CAT, G2=DOG) -> lights(S0=OFF, S1=OFF, S2=ON) -> guesses(G0=DOGok, G1=CATok, G2=DOGok)  R=1.00
             ex4: items(G0=DOG, G1=DOG, G2=DOG) -> lights(S0=ON, S1=OFF, S2=ON) -> guesses(G0=DOGok, G1=DOGok, G2=DOGok)  R=1.00
             ex5: items(G0=DOG, G1=DOG, G2=DOG) -> lights(S0=ON, S1=OFF, S2=ON) -> guesses(G0=DOGok, G1=DOGok, G2=DOGok)  R=1.00

  seed 16  R=0.875  [exploiting joint channel (0.875)]  (18.9s)
           not perfect (0 tracking, 3 holistic, 0 pooling signallers)
             S0: general(G0,G1,G2) [nonlinear]    (kind=general, depends on [0, 1, 2])
             S1: general(G0,G2) [nonlinear]       (kind=general, depends on [0, 2])
             S2: general(G0,G1,G2) [nonlinear]    (kind=general, depends on [0, 1, 2])
             entropy reduction per guesser (out of 1.0): G0=1.00, G1=0.50, G2=1.00
             ex1: items(G0=DOG, G1=CAT, G2=DOG) -> lights(S0=OFF, S1=ON, S2=OFF) -> guesses(G0=DOGok, G1=CATok, G2=DOGok)  R=1.00
             ex2: items(G0=DOG, G1=DOG, G2=CAT) -> lights(S0=OFF, S1=OFF, S2=ON) -> guesses(G0=DOGok, G1=DOGok, G2=CATok)  R=1.00
             ex3: items(G0=DOG, G1=CAT, G2=CAT) -> lights(S0=OFF, S1=OFF, S2=OFF) -> guesses(G0=DOGok, G1=DOGXX, G2=CATok)  R=0.67
             ex4: items(G0=DOG, G1=CAT, G2=CAT) -> lights(S0=OFF, S1=OFF, S2=OFF) -> guesses(G0=DOGok, G1=DOGXX, G2=CATok)  R=0.67
             ex5: items(G0=DOG, G1=CAT, G2=DOG) -> lights(S0=OFF, S1=ON, S2=OFF) -> guesses(G0=DOGok, G1=CATok, G2=DOGok)  R=1.00

  seed 17  R=0.917  [exploiting joint channel (0.917)]  (19.0s)
           not perfect (1 tracking, 2 holistic, 0 pooling signallers)
             S0: track G1                         (kind=dictator, depends on [1])
             S1: general(G0,G1,G2) [nonlinear]    (kind=general, depends on [0, 1, 2])
             S2: general(G0,G1,G2) [nonlinear]    (kind=general, depends on [0, 1, 2])
             entropy reduction per guesser (out of 1.0): G0=0.75, G1=1.00, G2=0.75
             ex1: items(G0=DOG, G1=CAT, G2=CAT) -> lights(S0=OFF, S1=OFF, S2=ON) -> guesses(G0=DOGok, G1=CATok, G2=CATok)  R=1.00
             ex2: items(G0=CAT, G1=CAT, G2=CAT) -> lights(S0=OFF, S1=OFF, S2=OFF) -> guesses(G0=CATok, G1=CATok, G2=CATok)  R=1.00
             ex3: items(G0=CAT, G1=CAT, G2=CAT) -> lights(S0=OFF, S1=OFF, S2=OFF) -> guesses(G0=CATok, G1=CATok, G2=CATok)  R=1.00
             ex4: items(G0=DOG, G1=CAT, G2=DOG) -> lights(S0=OFF, S1=ON, S2=ON) -> guesses(G0=DOGok, G1=CATok, G2=DOGok)  R=1.00
             ex5: items(G0=DOG, G1=DOG, G2=DOG) -> lights(S0=ON, S1=ON, S2=ON) -> guesses(G0=DOGok, G1=DOGok, G2=DOGok)  R=1.00

  seed 18  R=0.917  [exploiting joint channel (0.917)]  (19.0s)
           not perfect (2 tracking, 1 holistic, 0 pooling signallers)
             S0: track NOT G0                     (kind=dictator, depends on [0])
             S1: track G2                         (kind=dictator, depends on [2])
             S2: general(G0,G1,G2) [nonlinear]    (kind=general, depends on [0, 1, 2])
             entropy reduction per guesser (out of 1.0): G0=1.00, G1=0.75, G2=1.00
             ex1: items(G0=DOG, G1=CAT, G2=DOG) -> lights(S0=OFF, S1=ON, S2=OFF) -> guesses(G0=DOGok, G1=CATok, G2=DOGok)  R=1.00
             ex2: items(G0=DOG, G1=DOG, G2=DOG) -> lights(S0=OFF, S1=ON, S2=ON) -> guesses(G0=CATXX, G1=DOGok, G2=DOGok)  R=0.67
             ex3: items(G0=DOG, G1=DOG, G2=CAT) -> lights(S0=OFF, S1=OFF, S2=OFF) -> guesses(G0=DOGok, G1=CATXX, G2=CATok)  R=0.67
             ex4: items(G0=CAT, G1=CAT, G2=CAT) -> lights(S0=ON, S1=OFF, S2=OFF) -> guesses(G0=CATok, G1=CATok, G2=CATok)  R=1.00
             ex5: items(G0=DOG, G1=CAT, G2=CAT) -> lights(S0=OFF, S1=OFF, S2=OFF) -> guesses(G0=DOGok, G1=CATok, G2=CATok)  R=1.00

  seed 19  R=1.000  [perfect (complementary conventions)]  (19.0s)
           PERFECT pure-tracking (fully compositional: every light = one guesser's item)
             S0: track NOT G1                     (kind=dictator, depends on [1])
             S1: track NOT G0                     (kind=dictator, depends on [0])
             S2: track NOT G2                     (kind=dictator, depends on [2])
             entropy reduction per guesser (out of 1.0): G0=1.00, G1=1.00, G2=1.00
             ex1: items(G0=DOG, G1=DOG, G2=CAT) -> lights(S0=OFF, S1=OFF, S2=ON) -> guesses(G0=DOGok, G1=DOGok, G2=CATok)  R=1.00
             ex2: items(G0=CAT, G1=DOG, G2=CAT) -> lights(S0=OFF, S1=ON, S2=ON) -> guesses(G0=CATok, G1=DOGok, G2=CATok)  R=1.00
             ex3: items(G0=CAT, G1=CAT, G2=DOG) -> lights(S0=ON, S1=ON, S2=OFF) -> guesses(G0=CATok, G1=CATok, G2=DOGok)  R=1.00
             ex4: items(G0=DOG, G1=DOG, G2=CAT) -> lights(S0=OFF, S1=OFF, S2=ON) -> guesses(G0=DOGok, G1=DOGok, G2=CATok)  R=1.00
             ex5: items(G0=DOG, G1=DOG, G2=DOG) -> lights(S0=OFF, S1=OFF, S2=OFF) -> guesses(G0=DOGok, G1=DOGok, G2=DOGok)  R=1.00

  seed 20  R=0.875  [exploiting joint channel (0.875)]  (18.9s)
           not perfect (1 tracking, 2 holistic, 0 pooling signallers)
             S0: general(G1,G2) [nonlinear]       (kind=general, depends on [1, 2])
             S1: track G0                         (kind=dictator, depends on [0])
             S2: general(G1,G2) [nonlinear]       (kind=general, depends on [1, 2])
             entropy reduction per guesser (out of 1.0): G0=1.00, G1=1.00, G2=0.50
             ex1: items(G0=DOG, G1=CAT, G2=CAT) -> lights(S0=ON, S1=ON, S2=ON) -> guesses(G0=DOGok, G1=CATok, G2=CATok)  R=1.00
             ex2: items(G0=DOG, G1=DOG, G2=CAT) -> lights(S0=OFF, S1=ON, S2=ON) -> guesses(G0=DOGok, G1=DOGok, G2=DOGXX)  R=0.67
             ex3: items(G0=DOG, G1=DOG, G2=DOG) -> lights(S0=OFF, S1=ON, S2=ON) -> guesses(G0=DOGok, G1=DOGok, G2=DOGok)  R=1.00
             ex4: items(G0=DOG, G1=CAT, G2=CAT) -> lights(S0=ON, S1=ON, S2=ON) -> guesses(G0=DOGok, G1=CATok, G2=CATok)  R=1.00
             ex5: items(G0=DOG, G1=CAT, G2=DOG) -> lights(S0=OFF, S1=ON, S2=OFF) -> guesses(G0=DOGok, G1=CATok, G2=DOGok)  R=1.00

  seed 21  R=0.833  [exploiting joint channel (0.833)]  (19.0s)
           not perfect (0 tracking, 3 holistic, 0 pooling signallers)
             S0: general(G0,G1,G2) [nonlinear]    (kind=general, depends on [0, 1, 2])
             S1: general(G1,G2) [nonlinear]       (kind=general, depends on [1, 2])
             S2: general(G0,G1,G2) [nonlinear]    (kind=general, depends on [0, 1, 2])
             entropy reduction per guesser (out of 1.0): G0=0.75, G1=0.75, G2=0.75
             ex1: items(G0=DOG, G1=DOG, G2=CAT) -> lights(S0=ON, S1=ON, S2=ON) -> guesses(G0=DOGok, G1=DOGok, G2=CATok)  R=1.00
             ex2: items(G0=DOG, G1=DOG, G2=CAT) -> lights(S0=ON, S1=ON, S2=ON) -> guesses(G0=DOGok, G1=DOGok, G2=CATok)  R=1.00
             ex3: items(G0=CAT, G1=CAT, G2=CAT) -> lights(S0=OFF, S1=ON, S2=OFF) -> guesses(G0=CATok, G1=CATok, G2=CATok)  R=1.00
             ex4: items(G0=DOG, G1=CAT, G2=DOG) -> lights(S0=OFF, S1=ON, S2=ON) -> guesses(G0=DOGok, G1=CATok, G2=DOGok)  R=1.00
             ex5: items(G0=DOG, G1=CAT, G2=DOG) -> lights(S0=OFF, S1=ON, S2=ON) -> guesses(G0=DOGok, G1=CATok, G2=DOGok)  R=1.00

  seed 22  R=0.875  [exploiting joint channel (0.875)]  (19.2s)
           not perfect (1 tracking, 2 holistic, 0 pooling signallers)
             S0: general(G0,G1,G2) [nonlinear]    (kind=general, depends on [0, 1, 2])
             S1: general(G0,G1,G2) [nonlinear]    (kind=general, depends on [0, 1, 2])
             S2: track G1                         (kind=dictator, depends on [1])
             entropy reduction per guesser (out of 1.0): G0=0.41, G1=1.00, G2=0.66
             ex1: items(G0=DOG, G1=CAT, G2=DOG) -> lights(S0=ON, S1=ON, S2=OFF) -> guesses(G0=DOGok, G1=CATok, G2=DOGok)  R=1.00
             ex2: items(G0=CAT, G1=DOG, G2=DOG) -> lights(S0=ON, S1=ON, S2=ON) -> guesses(G0=DOGXX, G1=DOGok, G2=DOGok)  R=0.67
             ex3: items(G0=DOG, G1=CAT, G2=CAT) -> lights(S0=OFF, S1=OFF, S2=OFF) -> guesses(G0=CATXX, G1=CATok, G2=CATok)  R=0.67
             ex4: items(G0=DOG, G1=CAT, G2=CAT) -> lights(S0=OFF, S1=OFF, S2=OFF) -> guesses(G0=CATXX, G1=CATok, G2=CATok)  R=0.67
             ex5: items(G0=DOG, G1=CAT, G2=DOG) -> lights(S0=ON, S1=ON, S2=OFF) -> guesses(G0=DOGok, G1=CATok, G2=DOGok)  R=1.00

  seed 23  R=0.833  [exploiting joint channel (0.833)]  (18.9s)
           not perfect (1 tracking, 2 holistic, 0 pooling signallers)
             S0: general(G0,G1,G2) [nonlinear]    (kind=general, depends on [0, 1, 2])
             S1: track G2                         (kind=dictator, depends on [2])
             S2: general(G0,G1,G2) [nonlinear]    (kind=general, depends on [0, 1, 2])
             entropy reduction per guesser (out of 1.0): G0=0.50, G1=0.75, G2=1.00
             ex1: items(G0=DOG, G1=CAT, G2=DOG) -> lights(S0=ON, S1=ON, S2=OFF) -> guesses(G0=CATXX, G1=CATok, G2=DOGok)  R=0.67
             ex2: items(G0=DOG, G1=CAT, G2=CAT) -> lights(S0=ON, S1=OFF, S2=OFF) -> guesses(G0=CATXX, G1=CATok, G2=CATok)  R=0.67
             ex3: items(G0=DOG, G1=CAT, G2=DOG) -> lights(S0=ON, S1=ON, S2=OFF) -> guesses(G0=CATXX, G1=CATok, G2=DOGok)  R=0.67
             ex4: items(G0=DOG, G1=CAT, G2=DOG) -> lights(S0=ON, S1=ON, S2=OFF) -> guesses(G0=CATXX, G1=CATok, G2=DOGok)  R=0.67
             ex5: items(G0=DOG, G1=CAT, G2=DOG) -> lights(S0=ON, S1=ON, S2=OFF) -> guesses(G0=CATXX, G1=CATok, G2=DOGok)  R=0.67

  seed 24  R=0.958  [exploiting joint channel (0.958)]  (19.1s)
           not perfect (2 tracking, 1 holistic, 0 pooling signallers)
             S0: track NOT G0                     (kind=dictator, depends on [0])
             S1: track G2                         (kind=dictator, depends on [2])
             S2: general(G0,G1,G2) [nonlinear]    (kind=general, depends on [0, 1, 2])
             entropy reduction per guesser (out of 1.0): G0=1.00, G1=0.75, G2=1.00
             ex1: items(G0=DOG, G1=DOG, G2=CAT) -> lights(S0=OFF, S1=OFF, S2=OFF) -> guesses(G0=DOGok, G1=DOGok, G2=CATok)  R=1.00
             ex2: items(G0=DOG, G1=DOG, G2=DOG) -> lights(S0=OFF, S1=ON, S2=ON) -> guesses(G0=DOGok, G1=DOGok, G2=DOGok)  R=1.00
             ex3: items(G0=DOG, G1=CAT, G2=DOG) -> lights(S0=OFF, S1=ON, S2=OFF) -> guesses(G0=DOGok, G1=CATok, G2=DOGok)  R=1.00
             ex4: items(G0=DOG, G1=DOG, G2=CAT) -> lights(S0=OFF, S1=OFF, S2=OFF) -> guesses(G0=DOGok, G1=DOGok, G2=CATok)  R=1.00
             ex5: items(G0=DOG, G1=CAT, G2=DOG) -> lights(S0=OFF, S1=ON, S2=OFF) -> guesses(G0=DOGok, G1=CATok, G2=DOGok)  R=1.00

  seed 25  R=1.000  [perfect (complementary conventions)]  (19.0s)
           PERFECT pure-tracking (fully compositional: every light = one guesser's item)
             S0: track G1                         (kind=dictator, depends on [1])
             S1: track NOT G2                     (kind=dictator, depends on [2])
             S2: track G0                         (kind=dictator, depends on [0])
             entropy reduction per guesser (out of 1.0): G0=1.00, G1=1.00, G2=1.00
             ex1: items(G0=DOG, G1=CAT, G2=DOG) -> lights(S0=OFF, S1=OFF, S2=ON) -> guesses(G0=DOGok, G1=CATok, G2=DOGok)  R=1.00
             ex2: items(G0=CAT, G1=DOG, G2=CAT) -> lights(S0=ON, S1=ON, S2=OFF) -> guesses(G0=CATok, G1=DOGok, G2=CATok)  R=1.00
             ex3: items(G0=DOG, G1=CAT, G2=DOG) -> lights(S0=OFF, S1=OFF, S2=ON) -> guesses(G0=DOGok, G1=CATok, G2=DOGok)  R=1.00
             ex4: items(G0=CAT, G1=DOG, G2=DOG) -> lights(S0=ON, S1=OFF, S2=OFF) -> guesses(G0=CATok, G1=DOGok, G2=DOGok)  R=1.00
             ex5: items(G0=CAT, G1=CAT, G2=DOG) -> lights(S0=OFF, S1=OFF, S2=OFF) -> guesses(G0=CATok, G1=CATok, G2=DOGok)  R=1.00

  seed 26  R=0.833  [exploiting joint channel (0.833)]  (19.0s)
           not perfect (1 tracking, 2 holistic, 0 pooling signallers)
             S0: track G0                         (kind=dictator, depends on [0])
             S1: general(G0,G1,G2) [nonlinear]    (kind=general, depends on [0, 1, 2])
             S2: general(G0,G1,G2) [nonlinear]    (kind=general, depends on [0, 1, 2])
             entropy reduction per guesser (out of 1.0): G0=1.00, G1=0.25, G2=0.75
             ex1: items(G0=CAT, G1=DOG, G2=CAT) -> lights(S0=OFF, S1=OFF, S2=OFF) -> guesses(G0=CATok, G1=DOGok, G2=DOGXX)  R=0.67
             ex2: items(G0=DOG, G1=DOG, G2=CAT) -> lights(S0=ON, S1=ON, S2=ON) -> guesses(G0=DOGok, G1=CATXX, G2=CATok)  R=0.67
             ex3: items(G0=CAT, G1=CAT, G2=DOG) -> lights(S0=OFF, S1=OFF, S2=OFF) -> guesses(G0=CATok, G1=DOGXX, G2=DOGok)  R=0.67
             ex4: items(G0=CAT, G1=DOG, G2=CAT) -> lights(S0=OFF, S1=OFF, S2=OFF) -> guesses(G0=CATok, G1=DOGok, G2=DOGXX)  R=0.67
             ex5: items(G0=CAT, G1=DOG, G2=CAT) -> lights(S0=OFF, S1=OFF, S2=OFF) -> guesses(G0=CATok, G1=DOGok, G2=DOGXX)  R=0.67

  seed 27  R=0.875  [exploiting joint channel (0.875)]  (19.1s)
           not perfect (1 tracking, 2 holistic, 0 pooling signallers)
             S0: general(G0,G1,G2) [nonlinear]    (kind=general, depends on [0, 1, 2])
             S1: general(G0,G1) [nonlinear]       (kind=general, depends on [0, 1])
             S2: track NOT G2                     (kind=dictator, depends on [2])
             entropy reduction per guesser (out of 1.0): G0=0.75, G1=0.75, G2=1.00
             ex1: items(G0=CAT, G1=DOG, G2=DOG) -> lights(S0=ON, S1=OFF, S2=OFF) -> guesses(G0=DOGXX, G1=DOGok, G2=DOGok)  R=0.67
             ex2: items(G0=DOG, G1=CAT, G2=DOG) -> lights(S0=OFF, S1=ON, S2=OFF) -> guesses(G0=CATXX, G1=CATok, G2=DOGok)  R=0.67
             ex3: items(G0=DOG, G1=CAT, G2=CAT) -> lights(S0=ON, S1=ON, S2=ON) -> guesses(G0=DOGok, G1=DOGXX, G2=CATok)  R=0.67
             ex4: items(G0=CAT, G1=DOG, G2=CAT) -> lights(S0=OFF, S1=OFF, S2=ON) -> guesses(G0=CATok, G1=DOGok, G2=CATok)  R=1.00
             ex5: items(G0=CAT, G1=CAT, G2=DOG) -> lights(S0=OFF, S1=ON, S2=OFF) -> guesses(G0=CATok, G1=CATok, G2=DOGok)  R=1.00

  seed 28  R=0.833  [exploiting joint channel (0.833)]  (19.0s)
           not perfect (1 tracking, 2 holistic, 0 pooling signallers)
             S0: general(G0,G1,G2) [nonlinear]    (kind=general, depends on [0, 1, 2])
             S1: track G2                         (kind=dictator, depends on [2])
             S2: general(G0,G1,G2) [nonlinear]    (kind=general, depends on [0, 1, 2])
             entropy reduction per guesser (out of 1.0): G0=0.50, G1=0.75, G2=1.00
             ex1: items(G0=CAT, G1=CAT, G2=CAT) -> lights(S0=OFF, S1=OFF, S2=OFF) -> guesses(G0=CATok, G1=CATok, G2=CATok)  R=1.00
             ex2: items(G0=CAT, G1=CAT, G2=DOG) -> lights(S0=OFF, S1=ON, S2=OFF) -> guesses(G0=CATok, G1=CATok, G2=DOGok)  R=1.00
             ex3: items(G0=CAT, G1=DOG, G2=CAT) -> lights(S0=ON, S1=OFF, S2=ON) -> guesses(G0=CATok, G1=DOGok, G2=CATok)  R=1.00
             ex4: items(G0=DOG, G1=DOG, G2=CAT) -> lights(S0=ON, S1=OFF, S2=ON) -> guesses(G0=CATXX, G1=DOGok, G2=CATok)  R=0.67
             ex5: items(G0=DOG, G1=DOG, G2=CAT) -> lights(S0=ON, S1=OFF, S2=ON) -> guesses(G0=CATXX, G1=DOGok, G2=CATok)  R=0.67

  seed 29  R=1.000  [perfect (complementary conventions)]  (19.0s)
           PERFECT pure-tracking (fully compositional: every light = one guesser's item)
             S0: track G0                         (kind=dictator, depends on [0])
             S1: track G1                         (kind=dictator, depends on [1])
             S2: track G2                         (kind=dictator, depends on [2])
             entropy reduction per guesser (out of 1.0): G0=1.00, G1=1.00, G2=1.00
             ex1: items(G0=CAT, G1=DOG, G2=CAT) -> lights(S0=OFF, S1=ON, S2=OFF) -> guesses(G0=CATok, G1=DOGok, G2=CATok)  R=1.00
             ex2: items(G0=CAT, G1=DOG, G2=DOG) -> lights(S0=OFF, S1=ON, S2=ON) -> guesses(G0=CATok, G1=DOGok, G2=DOGok)  R=1.00
             ex3: items(G0=DOG, G1=CAT, G2=DOG) -> lights(S0=ON, S1=OFF, S2=ON) -> guesses(G0=DOGok, G1=CATok, G2=DOGok)  R=1.00
             ex4: items(G0=CAT, G1=CAT, G2=DOG) -> lights(S0=OFF, S1=OFF, S2=ON) -> guesses(G0=CATok, G1=CATok, G2=DOGok)  R=1.00
             ex5: items(G0=CAT, G1=DOG, G2=CAT) -> lights(S0=OFF, S1=ON, S2=OFF) -> guesses(G0=CATok, G1=DOGok, G2=CATok)  R=1.00

  --- K3x3 / shared: summary over 30 seeds ---
      mean team reward           : 0.918
      complementarity rate       : 26.7% of seeds perfect
      distinct PERFECT conventions: 8 (from 8 perfect seeds; entropy 3.000 bits)
      convention types:
        partial / non-perfect: 22/30
        perfect pure-tracking: 7/30
        perfect holistic: 1/30
      signaller-light census (all seeds pooled): general=48 (53%), dictator=42 (47%)
      mean channel utilisation H(M) : 0.971 bits (out of 1.0)
      mean entropy reduction / guesser: 0.860 bits (out of 1.0)

============================================================
  K3x3 / two_brain
============================================================

  seed  0  R=0.833  [exploiting joint channel (0.833)]  (30.3s)
           not perfect (2 tracking, 1 holistic, 0 pooling signallers)
             S0: track G2                         (kind=dictator, depends on [2])
             S1: general(G0,G1,G2) [nonlinear]    (kind=general, depends on [0, 1, 2])
             S2: track G1                         (kind=dictator, depends on [1])
             entropy reduction per guesser (out of 1.0): G0=0.25, G1=1.00, G2=1.00
             ex1: items(G0=CAT, G1=DOG, G2=DOG) -> lights(S0=ON, S1=OFF, S2=ON) -> guesses(G0=DOGXX, G1=DOGok, G2=DOGok)  R=0.67
             ex2: items(G0=DOG, G1=DOG, G2=CAT) -> lights(S0=OFF, S1=OFF, S2=ON) -> guesses(G0=DOGok, G1=DOGok, G2=CATok)  R=1.00
             ex3: items(G0=DOG, G1=CAT, G2=DOG) -> lights(S0=ON, S1=OFF, S2=OFF) -> guesses(G0=CATXX, G1=CATok, G2=DOGok)  R=0.67
             ex4: items(G0=DOG, G1=DOG, G2=DOG) -> lights(S0=ON, S1=ON, S2=ON) -> guesses(G0=DOGok, G1=DOGok, G2=DOGok)  R=1.00
             ex5: items(G0=DOG, G1=DOG, G2=CAT) -> lights(S0=OFF, S1=OFF, S2=ON) -> guesses(G0=DOGok, G1=DOGok, G2=CATok)  R=1.00

  seed  1  R=0.875  [exploiting joint channel (0.875)]  (30.2s)
           not perfect (1 tracking, 2 holistic, 0 pooling signallers)
             S0: general(G0,G1,G2) [nonlinear]    (kind=general, depends on [0, 1, 2])
             S1: general(G0,G1,G2) [nonlinear]    (kind=general, depends on [0, 1, 2])
             S2: track NOT G1                     (kind=dictator, depends on [1])
             entropy reduction per guesser (out of 1.0): G0=1.00, G1=1.00, G2=0.50
             ex1: items(G0=CAT, G1=DOG, G2=DOG) -> lights(S0=ON, S1=ON, S2=OFF) -> guesses(G0=CATok, G1=DOGok, G2=CATXX)  R=0.67
             ex2: items(G0=DOG, G1=CAT, G2=CAT) -> lights(S0=OFF, S1=ON, S2=ON) -> guesses(G0=DOGok, G1=CATok, G2=CATok)  R=1.00
             ex3: items(G0=DOG, G1=CAT, G2=DOG) -> lights(S0=OFF, S1=OFF, S2=ON) -> guesses(G0=DOGok, G1=CATok, G2=DOGok)  R=1.00
             ex4: items(G0=DOG, G1=DOG, G2=CAT) -> lights(S0=ON, S1=OFF, S2=OFF) -> guesses(G0=CATXX, G1=DOGok, G2=CATok)  R=0.67
             ex5: items(G0=CAT, G1=DOG, G2=CAT) -> lights(S0=ON, S1=ON, S2=OFF) -> guesses(G0=CATok, G1=DOGok, G2=CATok)  R=1.00

  seed  2  R=0.917  [exploiting joint channel (0.917)]  (30.2s)
           not perfect (1 tracking, 2 holistic, 0 pooling signallers)
             S0: track G0                         (kind=dictator, depends on [0])
             S1: general(G0,G1,G2) [nonlinear]    (kind=general, depends on [0, 1, 2])
             S2: general(G1,G2) [nonlinear]       (kind=general, depends on [1, 2])
             entropy reduction per guesser (out of 1.0): G0=1.00, G1=0.75, G2=0.75
             ex1: items(G0=DOG, G1=CAT, G2=CAT) -> lights(S0=ON, S1=OFF, S2=OFF) -> guesses(G0=DOGok, G1=CATok, G2=CATok)  R=1.00
             ex2: items(G0=CAT, G1=DOG, G2=DOG) -> lights(S0=OFF, S1=ON, S2=ON) -> guesses(G0=CATok, G1=CATXX, G2=DOGok)  R=0.67
             ex3: items(G0=DOG, G1=CAT, G2=CAT) -> lights(S0=ON, S1=OFF, S2=OFF) -> guesses(G0=DOGok, G1=CATok, G2=CATok)  R=1.00
             ex4: items(G0=CAT, G1=CAT, G2=CAT) -> lights(S0=OFF, S1=OFF, S2=OFF) -> guesses(G0=CATok, G1=CATok, G2=CATok)  R=1.00
             ex5: items(G0=DOG, G1=CAT, G2=CAT) -> lights(S0=ON, S1=OFF, S2=OFF) -> guesses(G0=DOGok, G1=CATok, G2=CATok)  R=1.00

  seed  3  R=1.000  [perfect (complementary conventions)]  (30.4s)
           PERFECT pure-tracking (fully compositional: every light = one guesser's item)
             S0: track NOT G2                     (kind=dictator, depends on [2])
             S1: track NOT G1                     (kind=dictator, depends on [1])
             S2: track G0                         (kind=dictator, depends on [0])
             entropy reduction per guesser (out of 1.0): G0=1.00, G1=1.00, G2=1.00
             ex1: items(G0=CAT, G1=CAT, G2=CAT) -> lights(S0=ON, S1=ON, S2=OFF) -> guesses(G0=CATok, G1=CATok, G2=CATok)  R=1.00
             ex2: items(G0=CAT, G1=CAT, G2=DOG) -> lights(S0=OFF, S1=ON, S2=OFF) -> guesses(G0=CATok, G1=CATok, G2=DOGok)  R=1.00
             ex3: items(G0=CAT, G1=DOG, G2=CAT) -> lights(S0=ON, S1=OFF, S2=OFF) -> guesses(G0=CATok, G1=DOGok, G2=CATok)  R=1.00
             ex4: items(G0=CAT, G1=CAT, G2=DOG) -> lights(S0=OFF, S1=ON, S2=OFF) -> guesses(G0=CATok, G1=CATok, G2=DOGok)  R=1.00
             ex5: items(G0=CAT, G1=DOG, G2=CAT) -> lights(S0=ON, S1=OFF, S2=OFF) -> guesses(G0=CATok, G1=DOGok, G2=CATok)  R=1.00

  seed  4  R=0.875  [exploiting joint channel (0.875)]  (30.5s)
           not perfect (2 tracking, 1 holistic, 0 pooling signallers)
             S0: track G2                         (kind=dictator, depends on [2])
             S1: general(G0,G1,G2) [nonlinear]    (kind=general, depends on [0, 1, 2])
             S2: track G0                         (kind=dictator, depends on [0])
             entropy reduction per guesser (out of 1.0): G0=1.00, G1=0.25, G2=1.00
             ex1: items(G0=CAT, G1=CAT, G2=CAT) -> lights(S0=OFF, S1=ON, S2=OFF) -> guesses(G0=CATok, G1=CATok, G2=CATok)  R=1.00
             ex2: items(G0=DOG, G1=DOG, G2=DOG) -> lights(S0=ON, S1=OFF, S2=ON) -> guesses(G0=DOGok, G1=DOGok, G2=DOGok)  R=1.00
             ex3: items(G0=CAT, G1=DOG, G2=CAT) -> lights(S0=OFF, S1=ON, S2=OFF) -> guesses(G0=CATok, G1=CATXX, G2=CATok)  R=0.67
             ex4: items(G0=CAT, G1=DOG, G2=CAT) -> lights(S0=OFF, S1=ON, S2=OFF) -> guesses(G0=CATok, G1=CATXX, G2=CATok)  R=0.67
             ex5: items(G0=DOG, G1=CAT, G2=CAT) -> lights(S0=OFF, S1=OFF, S2=ON) -> guesses(G0=DOGok, G1=CATok, G2=CATok)  R=1.00

  seed  5  R=0.875  [exploiting joint channel (0.875)]  (30.4s)
           not perfect (1 tracking, 2 holistic, 0 pooling signallers)
             S0: general(G0,G1,G2) [nonlinear]    (kind=general, depends on [0, 1, 2])
             S1: general(G0,G1,G2) [nonlinear]    (kind=general, depends on [0, 1, 2])
             S2: track G1                         (kind=dictator, depends on [1])
             entropy reduction per guesser (out of 1.0): G0=0.41, G1=1.00, G2=0.66
             ex1: items(G0=CAT, G1=DOG, G2=CAT) -> lights(S0=OFF, S1=OFF, S2=ON) -> guesses(G0=CATok, G1=DOGok, G2=CATok)  R=1.00
             ex2: items(G0=DOG, G1=CAT, G2=CAT) -> lights(S0=ON, S1=OFF, S2=OFF) -> guesses(G0=DOGok, G1=CATok, G2=CATok)  R=1.00
             ex3: items(G0=CAT, G1=CAT, G2=DOG) -> lights(S0=ON, S1=ON, S2=OFF) -> guesses(G0=DOGXX, G1=CATok, G2=DOGok)  R=0.67
             ex4: items(G0=DOG, G1=DOG, G2=DOG) -> lights(S0=OFF, S1=ON, S2=ON) -> guesses(G0=DOGok, G1=DOGok, G2=DOGok)  R=1.00
             ex5: items(G0=CAT, G1=DOG, G2=DOG) -> lights(S0=OFF, S1=ON, S2=ON) -> guesses(G0=DOGXX, G1=DOGok, G2=DOGok)  R=0.67

  seed  6  R=1.000  [perfect (complementary conventions)]  (30.3s)
           PERFECT pure-tracking (fully compositional: every light = one guesser's item)
             S0: track G2                         (kind=dictator, depends on [2])
             S1: track NOT G0                     (kind=dictator, depends on [0])
             S2: track NOT G1                     (kind=dictator, depends on [1])
             entropy reduction per guesser (out of 1.0): G0=1.00, G1=1.00, G2=1.00
             ex1: items(G0=DOG, G1=CAT, G2=CAT) -> lights(S0=OFF, S1=OFF, S2=ON) -> guesses(G0=DOGok, G1=CATok, G2=CATok)  R=1.00
             ex2: items(G0=DOG, G1=CAT, G2=CAT) -> lights(S0=OFF, S1=OFF, S2=ON) -> guesses(G0=DOGok, G1=CATok, G2=CATok)  R=1.00
             ex3: items(G0=CAT, G1=DOG, G2=DOG) -> lights(S0=ON, S1=ON, S2=OFF) -> guesses(G0=CATok, G1=DOGok, G2=DOGok)  R=1.00
             ex4: items(G0=DOG, G1=DOG, G2=CAT) -> lights(S0=OFF, S1=OFF, S2=OFF) -> guesses(G0=DOGok, G1=DOGok, G2=CATok)  R=1.00
             ex5: items(G0=CAT, G1=DOG, G2=DOG) -> lights(S0=ON, S1=ON, S2=OFF) -> guesses(G0=CATok, G1=DOGok, G2=DOGok)  R=1.00

  seed  7  R=0.917  [exploiting joint channel (0.917)]  (30.2s)
           not perfect (1 tracking, 2 holistic, 0 pooling signallers)
             S0: general(G0,G1,G2) [nonlinear]    (kind=general, depends on [0, 1, 2])
             S1: track NOT G1                     (kind=dictator, depends on [1])
             S2: general(G0,G1,G2) [nonlinear]    (kind=general, depends on [0, 1, 2])
             entropy reduction per guesser (out of 1.0): G0=0.66, G1=1.00, G2=0.66
             ex1: items(G0=DOG, G1=DOG, G2=CAT) -> lights(S0=ON, S1=OFF, S2=ON) -> guesses(G0=DOGok, G1=DOGok, G2=CATok)  R=1.00
             ex2: items(G0=DOG, G1=CAT, G2=CAT) -> lights(S0=ON, S1=ON, S2=ON) -> guesses(G0=DOGok, G1=CATok, G2=CATok)  R=1.00
             ex3: items(G0=DOG, G1=DOG, G2=DOG) -> lights(S0=OFF, S1=OFF, S2=ON) -> guesses(G0=DOGok, G1=DOGok, G2=DOGok)  R=1.00
             ex4: items(G0=DOG, G1=CAT, G2=DOG) -> lights(S0=ON, S1=ON, S2=ON) -> guesses(G0=DOGok, G1=CATok, G2=CATXX)  R=0.67
             ex5: items(G0=CAT, G1=CAT, G2=DOG) -> lights(S0=OFF, S1=ON, S2=OFF) -> guesses(G0=CATok, G1=CATok, G2=DOGok)  R=1.00

  seed  8  R=1.000  [perfect (complementary conventions)]  (29.8s)
           PERFECT holistic (uses relational encoding: S0=general(G0,G1,G2) [nonlinear]; S1=general(G0,G1,G2) [nonlinear]; S2=general(G0,G1,G2) [nonlinear])
             S0: general(G0,G1,G2) [nonlinear]    (kind=general, depends on [0, 1, 2])
             S1: general(G0,G1,G2) [nonlinear]    (kind=general, depends on [0, 1, 2])
             S2: general(G0,G1,G2) [nonlinear]    (kind=general, depends on [0, 1, 2])
             entropy reduction per guesser (out of 1.0): G0=1.00, G1=1.00, G2=1.00
             ex1: items(G0=CAT, G1=CAT, G2=DOG) -> lights(S0=OFF, S1=OFF, S2=OFF) -> guesses(G0=CATok, G1=CATok, G2=DOGok)  R=1.00
             ex2: items(G0=CAT, G1=CAT, G2=DOG) -> lights(S0=OFF, S1=OFF, S2=OFF) -> guesses(G0=CATok, G1=CATok, G2=DOGok)  R=1.00
             ex3: items(G0=CAT, G1=DOG, G2=DOG) -> lights(S0=ON, S1=ON, S2=OFF) -> guesses(G0=CATok, G1=DOGok, G2=DOGok)  R=1.00
             ex4: items(G0=CAT, G1=CAT, G2=CAT) -> lights(S0=ON, S1=OFF, S2=ON) -> guesses(G0=CATok, G1=CATok, G2=CATok)  R=1.00
             ex5: items(G0=DOG, G1=DOG, G2=DOG) -> lights(S0=OFF, S1=ON, S2=OFF) -> guesses(G0=DOGok, G1=DOGok, G2=DOGok)  R=1.00

  seed  9  R=0.958  [exploiting joint channel (0.958)]  (30.1s)
           not perfect (0 tracking, 3 holistic, 0 pooling signallers)
             S0: general(G0,G1,G2) [nonlinear]    (kind=general, depends on [0, 1, 2])
             S1: general(G0,G1,G2) [nonlinear]    (kind=general, depends on [0, 1, 2])
             S2: general(G0,G1,G2) [nonlinear]    (kind=general, depends on [0, 1, 2])
             entropy reduction per guesser (out of 1.0): G0=0.75, G1=1.00, G2=1.00
             ex1: items(G0=CAT, G1=CAT, G2=DOG) -> lights(S0=ON, S1=OFF, S2=ON) -> guesses(G0=CATok, G1=CATok, G2=DOGok)  R=1.00
             ex2: items(G0=CAT, G1=CAT, G2=DOG) -> lights(S0=ON, S1=OFF, S2=ON) -> guesses(G0=CATok, G1=CATok, G2=DOGok)  R=1.00
             ex3: items(G0=DOG, G1=CAT, G2=DOG) -> lights(S0=ON, S1=OFF, S2=ON) -> guesses(G0=CATXX, G1=CATok, G2=DOGok)  R=0.67
             ex4: items(G0=CAT, G1=CAT, G2=CAT) -> lights(S0=OFF, S1=OFF, S2=ON) -> guesses(G0=CATok, G1=CATok, G2=CATok)  R=1.00
             ex5: items(G0=CAT, G1=DOG, G2=CAT) -> lights(S0=OFF, S1=OFF, S2=OFF) -> guesses(G0=CATok, G1=DOGok, G2=CATok)  R=1.00

  seed 10  R=0.917  [exploiting joint channel (0.917)]  (30.0s)
           not perfect (1 tracking, 2 holistic, 0 pooling signallers)
             S0: track G1                         (kind=dictator, depends on [1])
             S1: general(G0,G1,G2) [nonlinear]    (kind=general, depends on [0, 1, 2])
             S2: general(G0,G1,G2) [nonlinear]    (kind=general, depends on [0, 1, 2])
             entropy reduction per guesser (out of 1.0): G0=0.75, G1=1.00, G2=0.75
             ex1: items(G0=CAT, G1=CAT, G2=CAT) -> lights(S0=OFF, S1=OFF, S2=ON) -> guesses(G0=CATok, G1=CATok, G2=CATok)  R=1.00
             ex2: items(G0=CAT, G1=CAT, G2=CAT) -> lights(S0=OFF, S1=OFF, S2=ON) -> guesses(G0=CATok, G1=CATok, G2=CATok)  R=1.00
             ex3: items(G0=CAT, G1=DOG, G2=DOG) -> lights(S0=ON, S1=OFF, S2=OFF) -> guesses(G0=CATok, G1=DOGok, G2=DOGok)  R=1.00
             ex4: items(G0=CAT, G1=CAT, G2=DOG) -> lights(S0=OFF, S1=OFF, S2=OFF) -> guesses(G0=CATok, G1=CATok, G2=DOGok)  R=1.00
             ex5: items(G0=CAT, G1=DOG, G2=CAT) -> lights(S0=ON, S1=OFF, S2=ON) -> guesses(G0=CATok, G1=DOGok, G2=CATok)  R=1.00

  seed 11  R=0.833  [exploiting joint channel (0.833)]  (30.1s)
           not perfect (1 tracking, 2 holistic, 0 pooling signallers)
             S0: track NOT G2                     (kind=dictator, depends on [2])
             S1: general(G0,G1,G2) [nonlinear]    (kind=general, depends on [0, 1, 2])
             S2: general(G0,G1,G2) [nonlinear]    (kind=general, depends on [0, 1, 2])
             entropy reduction per guesser (out of 1.0): G0=0.50, G1=0.75, G2=1.00
             ex1: items(G0=CAT, G1=DOG, G2=CAT) -> lights(S0=ON, S1=OFF, S2=ON) -> guesses(G0=CATok, G1=DOGok, G2=CATok)  R=1.00
             ex2: items(G0=DOG, G1=DOG, G2=CAT) -> lights(S0=ON, S1=OFF, S2=ON) -> guesses(G0=CATXX, G1=DOGok, G2=CATok)  R=0.67
             ex3: items(G0=CAT, G1=CAT, G2=CAT) -> lights(S0=ON, S1=ON, S2=OFF) -> guesses(G0=CATok, G1=CATok, G2=CATok)  R=1.00
             ex4: items(G0=CAT, G1=CAT, G2=CAT) -> lights(S0=ON, S1=ON, S2=OFF) -> guesses(G0=CATok, G1=CATok, G2=CATok)  R=1.00
             ex5: items(G0=DOG, G1=CAT, G2=CAT) -> lights(S0=ON, S1=ON, S2=OFF) -> guesses(G0=CATXX, G1=CATok, G2=CATok)  R=0.67

  seed 12  R=0.917  [exploiting joint channel (0.917)]  (30.1s)
           not perfect (1 tracking, 2 holistic, 0 pooling signallers)
             S0: general(G1,G2) [nonlinear]       (kind=general, depends on [1, 2])
             S1: general(G0,G1,G2) [nonlinear]    (kind=general, depends on [0, 1, 2])
             S2: track NOT G0                     (kind=dictator, depends on [0])
             entropy reduction per guesser (out of 1.0): G0=1.00, G1=0.75, G2=0.75
             ex1: items(G0=CAT, G1=DOG, G2=CAT) -> lights(S0=OFF, S1=ON, S2=ON) -> guesses(G0=CATok, G1=DOGok, G2=CATok)  R=1.00
             ex2: items(G0=CAT, G1=DOG, G2=DOG) -> lights(S0=OFF, S1=OFF, S2=ON) -> guesses(G0=CATok, G1=CATXX, G2=DOGok)  R=0.67
             ex3: items(G0=CAT, G1=DOG, G2=CAT) -> lights(S0=OFF, S1=ON, S2=ON) -> guesses(G0=CATok, G1=DOGok, G2=CATok)  R=1.00
             ex4: items(G0=DOG, G1=CAT, G2=CAT) -> lights(S0=ON, S1=ON, S2=OFF) -> guesses(G0=DOGok, G1=CATok, G2=CATok)  R=1.00
             ex5: items(G0=DOG, G1=CAT, G2=CAT) -> lights(S0=ON, S1=ON, S2=OFF) -> guesses(G0=DOGok, G1=CATok, G2=CATok)  R=1.00

  seed 13  R=0.958  [exploiting joint channel (0.958)]  (29.8s)
           not perfect (2 tracking, 1 holistic, 0 pooling signallers)
             S0: track G0                         (kind=dictator, depends on [0])
             S1: track G2                         (kind=dictator, depends on [2])
             S2: general(G0,G1,G2) [nonlinear]    (kind=general, depends on [0, 1, 2])
             entropy reduction per guesser (out of 1.0): G0=1.00, G1=0.75, G2=1.00
             ex1: items(G0=DOG, G1=CAT, G2=CAT) -> lights(S0=ON, S1=OFF, S2=OFF) -> guesses(G0=DOGok, G1=CATok, G2=CATok)  R=1.00
             ex2: items(G0=CAT, G1=DOG, G2=CAT) -> lights(S0=OFF, S1=OFF, S2=ON) -> guesses(G0=CATok, G1=CATXX, G2=CATok)  R=0.67
             ex3: items(G0=CAT, G1=DOG, G2=CAT) -> lights(S0=OFF, S1=OFF, S2=ON) -> guesses(G0=CATok, G1=CATXX, G2=CATok)  R=0.67
             ex4: items(G0=CAT, G1=CAT, G2=DOG) -> lights(S0=OFF, S1=ON, S2=OFF) -> guesses(G0=CATok, G1=CATok, G2=DOGok)  R=1.00
             ex5: items(G0=DOG, G1=DOG, G2=CAT) -> lights(S0=ON, S1=OFF, S2=ON) -> guesses(G0=DOGok, G1=DOGok, G2=CATok)  R=1.00

  seed 14  R=0.958  [exploiting joint channel (0.958)]  (30.1s)
           not perfect (0 tracking, 3 holistic, 0 pooling signallers)
             S0: general(G0,G1,G2) [nonlinear]    (kind=general, depends on [0, 1, 2])
             S1: general(G0,G1,G2) [nonlinear]    (kind=general, depends on [0, 1, 2])
             S2: general(G0,G1,G2) [nonlinear]    (kind=general, depends on [0, 1, 2])
             entropy reduction per guesser (out of 1.0): G0=0.75, G1=1.00, G2=1.00
             ex1: items(G0=CAT, G1=DOG, G2=DOG) -> lights(S0=OFF, S1=OFF, S2=OFF) -> guesses(G0=CATok, G1=DOGok, G2=DOGok)  R=1.00
             ex2: items(G0=DOG, G1=CAT, G2=DOG) -> lights(S0=ON, S1=OFF, S2=OFF) -> guesses(G0=DOGok, G1=CATok, G2=DOGok)  R=1.00
             ex3: items(G0=DOG, G1=CAT, G2=CAT) -> lights(S0=ON, S1=OFF, S2=ON) -> guesses(G0=DOGok, G1=CATok, G2=CATok)  R=1.00
             ex4: items(G0=DOG, G1=DOG, G2=CAT) -> lights(S0=ON, S1=ON, S2=ON) -> guesses(G0=DOGok, G1=DOGok, G2=CATok)  R=1.00
             ex5: items(G0=CAT, G1=DOG, G2=DOG) -> lights(S0=OFF, S1=OFF, S2=OFF) -> guesses(G0=CATok, G1=DOGok, G2=DOGok)  R=1.00

  seed 15  R=0.917  [exploiting joint channel (0.917)]  (29.8s)
           not perfect (0 tracking, 3 holistic, 0 pooling signallers)
             S0: general(G0,G1,G2) [nonlinear]    (kind=general, depends on [0, 1, 2])
             S1: general(G0,G1,G2) [nonlinear]    (kind=general, depends on [0, 1, 2])
             S2: general(G0,G1,G2) [nonlinear]    (kind=general, depends on [0, 1, 2])
             entropy reduction per guesser (out of 1.0): G0=0.75, G1=1.00, G2=1.00
             ex1: items(G0=CAT, G1=CAT, G2=DOG) -> lights(S0=ON, S1=ON, S2=ON) -> guesses(G0=DOGXX, G1=CATok, G2=DOGok)  R=0.67
             ex2: items(G0=CAT, G1=DOG, G2=CAT) -> lights(S0=OFF, S1=OFF, S2=ON) -> guesses(G0=CATok, G1=DOGok, G2=CATok)  R=1.00
             ex3: items(G0=DOG, G1=CAT, G2=DOG) -> lights(S0=ON, S1=ON, S2=ON) -> guesses(G0=DOGok, G1=CATok, G2=DOGok)  R=1.00
             ex4: items(G0=DOG, G1=DOG, G2=DOG) -> lights(S0=OFF, S1=ON, S2=ON) -> guesses(G0=DOGok, G1=DOGok, G2=DOGok)  R=1.00
             ex5: items(G0=DOG, G1=DOG, G2=DOG) -> lights(S0=OFF, S1=ON, S2=ON) -> guesses(G0=DOGok, G1=DOGok, G2=DOGok)  R=1.00

  seed 16  R=0.958  [exploiting joint channel (0.958)]  (30.1s)
           not perfect (3 tracking, 0 holistic, 0 pooling signallers)
             S0: track G1                         (kind=dictator, depends on [1])
             S1: track G0                         (kind=dictator, depends on [0])
             S2: track G2                         (kind=dictator, depends on [2])
             entropy reduction per guesser (out of 1.0): G0=1.00, G1=1.00, G2=1.00
             ex1: items(G0=DOG, G1=CAT, G2=DOG) -> lights(S0=OFF, S1=ON, S2=ON) -> guesses(G0=DOGok, G1=CATok, G2=DOGok)  R=1.00
             ex2: items(G0=DOG, G1=DOG, G2=CAT) -> lights(S0=ON, S1=ON, S2=OFF) -> guesses(G0=DOGok, G1=DOGok, G2=CATok)  R=1.00
             ex3: items(G0=DOG, G1=CAT, G2=CAT) -> lights(S0=OFF, S1=ON, S2=OFF) -> guesses(G0=CATXX, G1=CATok, G2=CATok)  R=0.67
             ex4: items(G0=DOG, G1=CAT, G2=CAT) -> lights(S0=OFF, S1=ON, S2=OFF) -> guesses(G0=CATXX, G1=CATok, G2=CATok)  R=0.67
             ex5: items(G0=DOG, G1=CAT, G2=DOG) -> lights(S0=OFF, S1=ON, S2=ON) -> guesses(G0=DOGok, G1=CATok, G2=DOGok)  R=1.00

  seed 17  R=0.917  [exploiting joint channel (0.917)]  (29.9s)
           not perfect (0 tracking, 3 holistic, 0 pooling signallers)
             S0: general(G0,G2) [nonlinear]       (kind=general, depends on [0, 2])
             S1: general(G0,G1,G2) [nonlinear]    (kind=general, depends on [0, 1, 2])
             S2: general(G0,G1,G2) [nonlinear]    (kind=general, depends on [0, 1, 2])
             entropy reduction per guesser (out of 1.0): G0=0.66, G1=0.66, G2=1.00
             ex1: items(G0=DOG, G1=CAT, G2=CAT) -> lights(S0=OFF, S1=ON, S2=ON) -> guesses(G0=DOGok, G1=CATok, G2=CATok)  R=1.00
             ex2: items(G0=CAT, G1=CAT, G2=CAT) -> lights(S0=ON, S1=ON, S2=ON) -> guesses(G0=CATok, G1=CATok, G2=CATok)  R=1.00
             ex3: items(G0=CAT, G1=CAT, G2=CAT) -> lights(S0=ON, S1=ON, S2=ON) -> guesses(G0=CATok, G1=CATok, G2=CATok)  R=1.00
             ex4: items(G0=DOG, G1=CAT, G2=DOG) -> lights(S0=OFF, S1=ON, S2=OFF) -> guesses(G0=DOGok, G1=CATok, G2=DOGok)  R=1.00
             ex5: items(G0=DOG, G1=DOG, G2=DOG) -> lights(S0=OFF, S1=ON, S2=OFF) -> guesses(G0=DOGok, G1=CATXX, G2=DOGok)  R=0.67

  seed 18  R=0.875  [exploiting joint channel (0.875)]  (30.1s)
           not perfect (1 tracking, 2 holistic, 0 pooling signallers)
             S0: general(G0,G1,G2) [nonlinear]    (kind=general, depends on [0, 1, 2])
             S1: general(G0,G1,G2) [nonlinear]    (kind=general, depends on [0, 1, 2])
             S2: track G2                         (kind=dictator, depends on [2])
             entropy reduction per guesser (out of 1.0): G0=0.66, G1=0.41, G2=1.00
             ex1: items(G0=DOG, G1=CAT, G2=DOG) -> lights(S0=ON, S1=ON, S2=ON) -> guesses(G0=DOGok, G1=DOGXX, G2=DOGok)  R=0.67
             ex2: items(G0=DOG, G1=DOG, G2=DOG) -> lights(S0=ON, S1=ON, S2=ON) -> guesses(G0=DOGok, G1=DOGok, G2=DOGok)  R=1.00
             ex3: items(G0=DOG, G1=DOG, G2=CAT) -> lights(S0=ON, S1=ON, S2=OFF) -> guesses(G0=DOGok, G1=DOGok, G2=CATok)  R=1.00
             ex4: items(G0=CAT, G1=CAT, G2=CAT) -> lights(S0=OFF, S1=OFF, S2=OFF) -> guesses(G0=CATok, G1=CATok, G2=CATok)  R=1.00
             ex5: items(G0=DOG, G1=CAT, G2=CAT) -> lights(S0=ON, S1=OFF, S2=OFF) -> guesses(G0=DOGok, G1=CATok, G2=CATok)  R=1.00

  seed 19  R=0.917  [exploiting joint channel (0.917)]  (29.9s)
           not perfect (2 tracking, 1 holistic, 0 pooling signallers)
             S0: track G2                         (kind=dictator, depends on [2])
             S1: general(G0,G1) [nonlinear]       (kind=general, depends on [0, 1])
             S2: track NOT G0                     (kind=dictator, depends on [0])
             entropy reduction per guesser (out of 1.0): G0=1.00, G1=0.50, G2=1.00
             ex1: items(G0=DOG, G1=DOG, G2=CAT) -> lights(S0=OFF, S1=ON, S2=OFF) -> guesses(G0=DOGok, G1=CATXX, G2=CATok)  R=0.67
             ex2: items(G0=CAT, G1=DOG, G2=CAT) -> lights(S0=OFF, S1=ON, S2=ON) -> guesses(G0=CATok, G1=DOGok, G2=CATok)  R=1.00
             ex3: items(G0=CAT, G1=CAT, G2=DOG) -> lights(S0=ON, S1=OFF, S2=ON) -> guesses(G0=CATok, G1=CATok, G2=DOGok)  R=1.00
             ex4: items(G0=DOG, G1=DOG, G2=CAT) -> lights(S0=OFF, S1=ON, S2=OFF) -> guesses(G0=DOGok, G1=CATXX, G2=CATok)  R=0.67
             ex5: items(G0=DOG, G1=DOG, G2=DOG) -> lights(S0=ON, S1=ON, S2=OFF) -> guesses(G0=DOGok, G1=DOGok, G2=DOGok)  R=1.00

  seed 20  R=0.917  [exploiting joint channel (0.917)]  (30.1s)
           not perfect (0 tracking, 3 holistic, 0 pooling signallers)
             S0: general(G0,G1,G2) [nonlinear]    (kind=general, depends on [0, 1, 2])
             S1: general(G0,G1,G2) [nonlinear]    (kind=general, depends on [0, 1, 2])
             S2: general(G0,G1,G2) [nonlinear]    (kind=general, depends on [0, 1, 2])
             entropy reduction per guesser (out of 1.0): G0=0.75, G1=1.00, G2=1.00
             ex1: items(G0=DOG, G1=CAT, G2=CAT) -> lights(S0=ON, S1=ON, S2=ON) -> guesses(G0=DOGok, G1=CATok, G2=CATok)  R=1.00
             ex2: items(G0=DOG, G1=DOG, G2=CAT) -> lights(S0=ON, S1=OFF, S2=ON) -> guesses(G0=DOGok, G1=CATXX, G2=CATok)  R=0.67
             ex3: items(G0=DOG, G1=DOG, G2=DOG) -> lights(S0=OFF, S1=OFF, S2=ON) -> guesses(G0=DOGok, G1=DOGok, G2=DOGok)  R=1.00
             ex4: items(G0=DOG, G1=CAT, G2=CAT) -> lights(S0=ON, S1=ON, S2=ON) -> guesses(G0=DOGok, G1=CATok, G2=CATok)  R=1.00
             ex5: items(G0=DOG, G1=CAT, G2=DOG) -> lights(S0=ON, S1=OFF, S2=OFF) -> guesses(G0=DOGok, G1=CATok, G2=DOGok)  R=1.00

  seed 21  R=0.792  [exploiting joint channel (0.792)]  (30.1s)
           not perfect (1 tracking, 2 holistic, 0 pooling signallers)
             S0: general(G0,G1,G2) [nonlinear]    (kind=general, depends on [0, 1, 2])
             S1: track G1                         (kind=dictator, depends on [1])
             S2: general(G0,G1,G2) [nonlinear]    (kind=general, depends on [0, 1, 2])
             entropy reduction per guesser (out of 1.0): G0=0.31, G1=1.00, G2=0.31
             ex1: items(G0=DOG, G1=DOG, G2=CAT) -> lights(S0=OFF, S1=ON, S2=OFF) -> guesses(G0=DOGok, G1=DOGok, G2=DOGXX)  R=0.67
             ex2: items(G0=DOG, G1=DOG, G2=CAT) -> lights(S0=OFF, S1=ON, S2=OFF) -> guesses(G0=DOGok, G1=DOGok, G2=DOGXX)  R=0.67
             ex3: items(G0=CAT, G1=CAT, G2=CAT) -> lights(S0=ON, S1=OFF, S2=ON) -> guesses(G0=CATok, G1=CATok, G2=CATok)  R=1.00
             ex4: items(G0=DOG, G1=CAT, G2=DOG) -> lights(S0=OFF, S1=OFF, S2=OFF) -> guesses(G0=DOGok, G1=DOGXX, G2=DOGok)  R=0.67
             ex5: items(G0=DOG, G1=CAT, G2=DOG) -> lights(S0=OFF, S1=OFF, S2=OFF) -> guesses(G0=DOGok, G1=DOGXX, G2=DOGok)  R=0.67

  seed 22  R=0.875  [exploiting joint channel (0.875)]  (30.0s)
           not perfect (1 tracking, 2 holistic, 0 pooling signallers)
             S0: track NOT G2                     (kind=dictator, depends on [2])
             S1: general(G0,G1,G2) [nonlinear]    (kind=general, depends on [0, 1, 2])
             S2: general(G0,G1,G2) [nonlinear]    (kind=general, depends on [0, 1, 2])
             entropy reduction per guesser (out of 1.0): G0=0.41, G1=0.66, G2=1.00
             ex1: items(G0=DOG, G1=CAT, G2=DOG) -> lights(S0=OFF, S1=ON, S2=OFF) -> guesses(G0=DOGok, G1=CATok, G2=DOGok)  R=1.00
             ex2: items(G0=CAT, G1=DOG, G2=DOG) -> lights(S0=OFF, S1=ON, S2=ON) -> guesses(G0=DOGXX, G1=DOGok, G2=DOGok)  R=0.67
             ex3: items(G0=DOG, G1=CAT, G2=CAT) -> lights(S0=ON, S1=OFF, S2=ON) -> guesses(G0=CATXX, G1=CATok, G2=CATok)  R=0.67
             ex4: items(G0=DOG, G1=CAT, G2=CAT) -> lights(S0=ON, S1=OFF, S2=ON) -> guesses(G0=CATXX, G1=CATok, G2=CATok)  R=0.67
             ex5: items(G0=DOG, G1=CAT, G2=DOG) -> lights(S0=OFF, S1=ON, S2=OFF) -> guesses(G0=DOGok, G1=CATok, G2=DOGok)  R=1.00

  seed 23  R=0.958  [exploiting joint channel (0.958)]  (30.0s)
           not perfect (1 tracking, 2 holistic, 0 pooling signallers)
             S0: track NOT G2                     (kind=dictator, depends on [2])
             S1: general(G0,G1,G2) [nonlinear]    (kind=general, depends on [0, 1, 2])
             S2: general(G0,G1,G2) [nonlinear]    (kind=general, depends on [0, 1, 2])
             entropy reduction per guesser (out of 1.0): G0=0.75, G1=1.00, G2=1.00
             ex1: items(G0=DOG, G1=CAT, G2=DOG) -> lights(S0=OFF, S1=OFF, S2=OFF) -> guesses(G0=DOGok, G1=CATok, G2=DOGok)  R=1.00
             ex2: items(G0=DOG, G1=CAT, G2=CAT) -> lights(S0=ON, S1=OFF, S2=ON) -> guesses(G0=DOGok, G1=CATok, G2=CATok)  R=1.00
             ex3: items(G0=DOG, G1=CAT, G2=DOG) -> lights(S0=OFF, S1=OFF, S2=OFF) -> guesses(G0=DOGok, G1=CATok, G2=DOGok)  R=1.00
             ex4: items(G0=DOG, G1=CAT, G2=DOG) -> lights(S0=OFF, S1=OFF, S2=OFF) -> guesses(G0=DOGok, G1=CATok, G2=DOGok)  R=1.00
             ex5: items(G0=DOG, G1=CAT, G2=DOG) -> lights(S0=OFF, S1=OFF, S2=OFF) -> guesses(G0=DOGok, G1=CATok, G2=DOGok)  R=1.00

  seed 24  R=1.000  [perfect (complementary conventions)]  (29.9s)
           PERFECT pure-tracking (fully compositional: every light = one guesser's item)
             S0: track NOT G1                     (kind=dictator, depends on [1])
             S1: track NOT G0                     (kind=dictator, depends on [0])
             S2: track G2                         (kind=dictator, depends on [2])
             entropy reduction per guesser (out of 1.0): G0=1.00, G1=1.00, G2=1.00
             ex1: items(G0=DOG, G1=DOG, G2=CAT) -> lights(S0=OFF, S1=OFF, S2=OFF) -> guesses(G0=DOGok, G1=DOGok, G2=CATok)  R=1.00
             ex2: items(G0=DOG, G1=DOG, G2=DOG) -> lights(S0=OFF, S1=OFF, S2=ON) -> guesses(G0=DOGok, G1=DOGok, G2=DOGok)  R=1.00
             ex3: items(G0=DOG, G1=CAT, G2=DOG) -> lights(S0=ON, S1=OFF, S2=ON) -> guesses(G0=DOGok, G1=CATok, G2=DOGok)  R=1.00
             ex4: items(G0=DOG, G1=DOG, G2=CAT) -> lights(S0=OFF, S1=OFF, S2=OFF) -> guesses(G0=DOGok, G1=DOGok, G2=CATok)  R=1.00
             ex5: items(G0=DOG, G1=CAT, G2=DOG) -> lights(S0=ON, S1=OFF, S2=ON) -> guesses(G0=DOGok, G1=CATok, G2=DOGok)  R=1.00

  seed 25  R=1.000  [perfect (complementary conventions)]  (30.1s)
           PERFECT pure-tracking (fully compositional: every light = one guesser's item)
             S0: track G1                         (kind=dictator, depends on [1])
             S1: track NOT G2                     (kind=dictator, depends on [2])
             S2: track G0                         (kind=dictator, depends on [0])
             entropy reduction per guesser (out of 1.0): G0=1.00, G1=1.00, G2=1.00
             ex1: items(G0=DOG, G1=CAT, G2=DOG) -> lights(S0=OFF, S1=OFF, S2=ON) -> guesses(G0=DOGok, G1=CATok, G2=DOGok)  R=1.00
             ex2: items(G0=CAT, G1=DOG, G2=CAT) -> lights(S0=ON, S1=ON, S2=OFF) -> guesses(G0=CATok, G1=DOGok, G2=CATok)  R=1.00
             ex3: items(G0=DOG, G1=CAT, G2=DOG) -> lights(S0=OFF, S1=OFF, S2=ON) -> guesses(G0=DOGok, G1=CATok, G2=DOGok)  R=1.00
             ex4: items(G0=CAT, G1=DOG, G2=DOG) -> lights(S0=ON, S1=OFF, S2=OFF) -> guesses(G0=CATok, G1=DOGok, G2=DOGok)  R=1.00
             ex5: items(G0=CAT, G1=CAT, G2=DOG) -> lights(S0=OFF, S1=OFF, S2=OFF) -> guesses(G0=CATok, G1=CATok, G2=DOGok)  R=1.00

  seed 26  R=1.000  [perfect (complementary conventions)]  (30.0s)
           PERFECT pure-tracking (fully compositional: every light = one guesser's item)
             S0: track G2                         (kind=dictator, depends on [2])
             S1: track G1                         (kind=dictator, depends on [1])
             S2: track G0                         (kind=dictator, depends on [0])
             entropy reduction per guesser (out of 1.0): G0=1.00, G1=1.00, G2=1.00
             ex1: items(G0=CAT, G1=DOG, G2=CAT) -> lights(S0=OFF, S1=ON, S2=OFF) -> guesses(G0=CATok, G1=DOGok, G2=CATok)  R=1.00
             ex2: items(G0=DOG, G1=DOG, G2=CAT) -> lights(S0=OFF, S1=ON, S2=ON) -> guesses(G0=DOGok, G1=DOGok, G2=CATok)  R=1.00
             ex3: items(G0=CAT, G1=CAT, G2=DOG) -> lights(S0=ON, S1=OFF, S2=OFF) -> guesses(G0=CATok, G1=CATok, G2=DOGok)  R=1.00
             ex4: items(G0=CAT, G1=DOG, G2=CAT) -> lights(S0=OFF, S1=ON, S2=OFF) -> guesses(G0=CATok, G1=DOGok, G2=CATok)  R=1.00
             ex5: items(G0=CAT, G1=DOG, G2=CAT) -> lights(S0=OFF, S1=ON, S2=OFF) -> guesses(G0=CATok, G1=DOGok, G2=CATok)  R=1.00

  seed 27  R=0.875  [exploiting joint channel (0.875)]  (30.2s)
           not perfect (2 tracking, 1 holistic, 0 pooling signallers)
             S0: track G2                         (kind=dictator, depends on [2])
             S1: general(G0,G1,G2) [nonlinear]    (kind=general, depends on [0, 1, 2])
             S2: track G0                         (kind=dictator, depends on [0])
             entropy reduction per guesser (out of 1.0): G0=1.00, G1=0.50, G2=1.00
             ex1: items(G0=CAT, G1=DOG, G2=DOG) -> lights(S0=ON, S1=OFF, S2=OFF) -> guesses(G0=CATok, G1=CATXX, G2=DOGok)  R=0.67
             ex2: items(G0=DOG, G1=CAT, G2=DOG) -> lights(S0=ON, S1=OFF, S2=ON) -> guesses(G0=DOGok, G1=CATok, G2=DOGok)  R=1.00
             ex3: items(G0=DOG, G1=CAT, G2=CAT) -> lights(S0=OFF, S1=OFF, S2=ON) -> guesses(G0=DOGok, G1=DOGXX, G2=CATok)  R=0.67
             ex4: items(G0=CAT, G1=DOG, G2=CAT) -> lights(S0=OFF, S1=OFF, S2=OFF) -> guesses(G0=CATok, G1=DOGok, G2=CATok)  R=1.00
             ex5: items(G0=CAT, G1=CAT, G2=DOG) -> lights(S0=ON, S1=OFF, S2=OFF) -> guesses(G0=CATok, G1=CATok, G2=DOGok)  R=1.00

  seed 28  R=0.792  [exploiting joint channel (0.792)]  (30.1s)
           not perfect (0 tracking, 3 holistic, 0 pooling signallers)
             S0: general(G0,G1,G2) [nonlinear]    (kind=general, depends on [0, 1, 2])
             S1: general(G0,G1,G2) [nonlinear]    (kind=general, depends on [0, 1, 2])
             S2: general(G0,G1,G2) [nonlinear]    (kind=general, depends on [0, 1, 2])
             entropy reduction per guesser (out of 1.0): G0=0.75, G1=0.16, G2=0.66
             ex1: items(G0=CAT, G1=CAT, G2=CAT) -> lights(S0=ON, S1=OFF, S2=OFF) -> guesses(G0=CATok, G1=CATok, G2=CATok)  R=1.00
             ex2: items(G0=CAT, G1=CAT, G2=DOG) -> lights(S0=OFF, S1=OFF, S2=OFF) -> guesses(G0=CATok, G1=CATok, G2=DOGok)  R=1.00
             ex3: items(G0=CAT, G1=DOG, G2=CAT) -> lights(S0=ON, S1=OFF, S2=OFF) -> guesses(G0=CATok, G1=CATXX, G2=CATok)  R=0.67
             ex4: items(G0=DOG, G1=DOG, G2=CAT) -> lights(S0=ON, S1=ON, S2=ON) -> guesses(G0=DOGok, G1=DOGok, G2=CATok)  R=1.00
             ex5: items(G0=DOG, G1=DOG, G2=CAT) -> lights(S0=ON, S1=ON, S2=ON) -> guesses(G0=DOGok, G1=DOGok, G2=CATok)  R=1.00

  seed 29  R=0.875  [exploiting joint channel (0.875)]  (30.1s)
           not perfect (2 tracking, 1 holistic, 0 pooling signallers)
             S0: general(G0,G1,G2) [nonlinear]    (kind=general, depends on [0, 1, 2])
             S1: track G2                         (kind=dictator, depends on [2])
             S2: track NOT G0                     (kind=dictator, depends on [0])
             entropy reduction per guesser (out of 1.0): G0=1.00, G1=0.25, G2=1.00
             ex1: items(G0=CAT, G1=DOG, G2=CAT) -> lights(S0=ON, S1=OFF, S2=ON) -> guesses(G0=CATok, G1=DOGok, G2=CATok)  R=1.00
             ex2: items(G0=CAT, G1=DOG, G2=DOG) -> lights(S0=ON, S1=ON, S2=ON) -> guesses(G0=CATok, G1=CATXX, G2=DOGok)  R=0.67
             ex3: items(G0=DOG, G1=CAT, G2=DOG) -> lights(S0=ON, S1=ON, S2=OFF) -> guesses(G0=DOGok, G1=DOGXX, G2=DOGok)  R=0.67
             ex4: items(G0=CAT, G1=CAT, G2=DOG) -> lights(S0=ON, S1=ON, S2=ON) -> guesses(G0=CATok, G1=CATok, G2=DOGok)  R=1.00
             ex5: items(G0=CAT, G1=DOG, G2=CAT) -> lights(S0=ON, S1=OFF, S2=ON) -> guesses(G0=CATok, G1=DOGok, G2=CATok)  R=1.00

  --- K3x3 / two_brain: summary over 30 seeds ---
      mean team reward           : 0.917
      complementarity rate       : 20.0% of seeds perfect
      distinct PERFECT conventions: 6 (from 6 perfect seeds; entropy 2.585 bits)
      convention types:
        partial / non-perfect: 24/30
        perfect pure-tracking: 5/30
        perfect holistic: 1/30
      signaller-light census (all seeds pooled): general=49 (54%), dictator=41 (46%)
      mean channel utilisation H(M) : 0.963 bits (out of 1.0)
      mean entropy reduction / guesser: 0.839 bits (out of 1.0)

============================================================
  K3x3 / independent
============================================================

  seed  0  R=0.958  [exploiting joint channel (0.958)]  (78.4s)
           not perfect (2 tracking, 1 holistic, 0 pooling signallers)
             S0: track NOT G1                     (kind=dictator, depends on [1])
             S1: general(G0,G1,G2) [nonlinear]    (kind=general, depends on [0, 1, 2])
             S2: track G2                         (kind=dictator, depends on [2])
             entropy reduction per guesser (out of 1.0): G0=0.75, G1=1.00, G2=1.00
             ex1: items(G0=CAT, G1=DOG, G2=DOG) -> lights(S0=OFF, S1=OFF, S2=ON) -> guesses(G0=CATok, G1=DOGok, G2=DOGok)  R=1.00
             ex2: items(G0=DOG, G1=DOG, G2=CAT) -> lights(S0=OFF, S1=ON, S2=OFF) -> guesses(G0=DOGok, G1=DOGok, G2=CATok)  R=1.00
             ex3: items(G0=DOG, G1=CAT, G2=DOG) -> lights(S0=ON, S1=ON, S2=ON) -> guesses(G0=DOGok, G1=CATok, G2=DOGok)  R=1.00
             ex4: items(G0=DOG, G1=DOG, G2=DOG) -> lights(S0=OFF, S1=ON, S2=ON) -> guesses(G0=DOGok, G1=DOGok, G2=DOGok)  R=1.00
             ex5: items(G0=DOG, G1=DOG, G2=CAT) -> lights(S0=OFF, S1=ON, S2=OFF) -> guesses(G0=DOGok, G1=DOGok, G2=CATok)  R=1.00

  seed  1  R=0.958  [exploiting joint channel (0.958)]  (78.1s)
           not perfect (2 tracking, 1 holistic, 0 pooling signallers)
             S0: general(G0,G1,G2) [nonlinear]    (kind=general, depends on [0, 1, 2])
             S1: track G0                         (kind=dictator, depends on [0])
             S2: track NOT G2                     (kind=dictator, depends on [2])
             entropy reduction per guesser (out of 1.0): G0=1.00, G1=0.75, G2=1.00
             ex1: items(G0=CAT, G1=DOG, G2=DOG) -> lights(S0=ON, S1=OFF, S2=OFF) -> guesses(G0=CATok, G1=DOGok, G2=DOGok)  R=1.00
             ex2: items(G0=DOG, G1=CAT, G2=CAT) -> lights(S0=OFF, S1=ON, S2=ON) -> guesses(G0=DOGok, G1=CATok, G2=CATok)  R=1.00
             ex3: items(G0=DOG, G1=CAT, G2=DOG) -> lights(S0=OFF, S1=ON, S2=OFF) -> guesses(G0=DOGok, G1=DOGXX, G2=DOGok)  R=0.67
             ex4: items(G0=DOG, G1=DOG, G2=CAT) -> lights(S0=ON, S1=ON, S2=ON) -> guesses(G0=DOGok, G1=DOGok, G2=CATok)  R=1.00
             ex5: items(G0=CAT, G1=DOG, G2=CAT) -> lights(S0=ON, S1=OFF, S2=ON) -> guesses(G0=CATok, G1=DOGok, G2=CATok)  R=1.00

  seed  2  R=0.958  [exploiting joint channel (0.958)]  (78.5s)
           not perfect (2 tracking, 1 holistic, 0 pooling signallers)
             S0: general(G0,G1,G2) [nonlinear]    (kind=general, depends on [0, 1, 2])
             S1: track NOT G1                     (kind=dictator, depends on [1])
             S2: track NOT G0                     (kind=dictator, depends on [0])
             entropy reduction per guesser (out of 1.0): G0=1.00, G1=1.00, G2=0.75
             ex1: items(G0=DOG, G1=CAT, G2=CAT) -> lights(S0=OFF, S1=ON, S2=OFF) -> guesses(G0=DOGok, G1=CATok, G2=DOGXX)  R=0.67
             ex2: items(G0=CAT, G1=DOG, G2=DOG) -> lights(S0=OFF, S1=OFF, S2=ON) -> guesses(G0=CATok, G1=DOGok, G2=DOGok)  R=1.00
             ex3: items(G0=DOG, G1=CAT, G2=CAT) -> lights(S0=OFF, S1=ON, S2=OFF) -> guesses(G0=DOGok, G1=CATok, G2=DOGXX)  R=0.67
             ex4: items(G0=CAT, G1=CAT, G2=CAT) -> lights(S0=ON, S1=ON, S2=ON) -> guesses(G0=CATok, G1=CATok, G2=CATok)  R=1.00
             ex5: items(G0=DOG, G1=CAT, G2=CAT) -> lights(S0=OFF, S1=ON, S2=OFF) -> guesses(G0=DOGok, G1=CATok, G2=DOGXX)  R=0.67

  seed  3  R=1.000  [perfect (complementary conventions)]  (78.0s)
           PERFECT pure-tracking (fully compositional: every light = one guesser's item)
             S0: track NOT G2                     (kind=dictator, depends on [2])
             S1: track G0                         (kind=dictator, depends on [0])
             S2: track G1                         (kind=dictator, depends on [1])
             entropy reduction per guesser (out of 1.0): G0=1.00, G1=1.00, G2=1.00
             ex1: items(G0=CAT, G1=CAT, G2=CAT) -> lights(S0=ON, S1=OFF, S2=OFF) -> guesses(G0=CATok, G1=CATok, G2=CATok)  R=1.00
             ex2: items(G0=CAT, G1=CAT, G2=DOG) -> lights(S0=OFF, S1=OFF, S2=OFF) -> guesses(G0=CATok, G1=CATok, G2=DOGok)  R=1.00
             ex3: items(G0=CAT, G1=DOG, G2=CAT) -> lights(S0=ON, S1=OFF, S2=ON) -> guesses(G0=CATok, G1=DOGok, G2=CATok)  R=1.00
             ex4: items(G0=CAT, G1=CAT, G2=DOG) -> lights(S0=OFF, S1=OFF, S2=OFF) -> guesses(G0=CATok, G1=CATok, G2=DOGok)  R=1.00
             ex5: items(G0=CAT, G1=DOG, G2=CAT) -> lights(S0=ON, S1=OFF, S2=ON) -> guesses(G0=CATok, G1=DOGok, G2=CATok)  R=1.00

  seed  4  R=0.958  [exploiting joint channel (0.958)]  (78.1s)
           not perfect (1 tracking, 2 holistic, 0 pooling signallers)
             S0: track NOT G2                     (kind=dictator, depends on [2])
             S1: general(G0,G1,G2) [nonlinear]    (kind=general, depends on [0, 1, 2])
             S2: general(G0,G1,G2) [nonlinear]    (kind=general, depends on [0, 1, 2])
             entropy reduction per guesser (out of 1.0): G0=0.75, G1=1.00, G2=1.00
             ex1: items(G0=CAT, G1=CAT, G2=CAT) -> lights(S0=ON, S1=ON, S2=ON) -> guesses(G0=CATok, G1=CATok, G2=CATok)  R=1.00
             ex2: items(G0=DOG, G1=DOG, G2=DOG) -> lights(S0=OFF, S1=ON, S2=ON) -> guesses(G0=DOGok, G1=DOGok, G2=DOGok)  R=1.00
             ex3: items(G0=CAT, G1=DOG, G2=CAT) -> lights(S0=ON, S1=OFF, S2=ON) -> guesses(G0=CATok, G1=DOGok, G2=CATok)  R=1.00
             ex4: items(G0=CAT, G1=DOG, G2=CAT) -> lights(S0=ON, S1=OFF, S2=ON) -> guesses(G0=CATok, G1=DOGok, G2=CATok)  R=1.00
             ex5: items(G0=DOG, G1=CAT, G2=CAT) -> lights(S0=ON, S1=ON, S2=OFF) -> guesses(G0=DOGok, G1=CATok, G2=CATok)  R=1.00

  seed  5  R=0.958  [exploiting joint channel (0.958)]  (77.8s)
           not perfect (1 tracking, 2 holistic, 0 pooling signallers)
             S0: track G1                         (kind=dictator, depends on [1])
             S1: general(G0,G1,G2) [nonlinear]    (kind=general, depends on [0, 1, 2])
             S2: general(G0,G1,G2) [nonlinear]    (kind=general, depends on [0, 1, 2])
             entropy reduction per guesser (out of 1.0): G0=0.75, G1=1.00, G2=1.00
             ex1: items(G0=CAT, G1=DOG, G2=CAT) -> lights(S0=ON, S1=OFF, S2=ON) -> guesses(G0=CATok, G1=DOGok, G2=CATok)  R=1.00
             ex2: items(G0=DOG, G1=CAT, G2=CAT) -> lights(S0=OFF, S1=ON, S2=OFF) -> guesses(G0=DOGok, G1=CATok, G2=CATok)  R=1.00
             ex3: items(G0=CAT, G1=CAT, G2=DOG) -> lights(S0=OFF, S1=ON, S2=ON) -> guesses(G0=DOGXX, G1=CATok, G2=DOGok)  R=0.67
             ex4: items(G0=DOG, G1=DOG, G2=DOG) -> lights(S0=ON, S1=ON, S2=OFF) -> guesses(G0=DOGok, G1=DOGok, G2=DOGok)  R=1.00
             ex5: items(G0=CAT, G1=DOG, G2=DOG) -> lights(S0=ON, S1=OFF, S2=OFF) -> guesses(G0=CATok, G1=DOGok, G2=DOGok)  R=1.00

  seed  6  R=0.833  [exploiting joint channel (0.833)]  (77.7s)
           not perfect (3 tracking, 0 holistic, 0 pooling signallers)
             S0: track NOT G0                     (kind=dictator, depends on [0])
             S1: track NOT G2                     (kind=dictator, depends on [2])
             S2: track G0                         (kind=dictator, depends on [0])
             entropy reduction per guesser (out of 1.0): G0=1.00, G1=0.00, G2=1.00
             ex1: items(G0=DOG, G1=CAT, G2=CAT) -> lights(S0=OFF, S1=ON, S2=ON) -> guesses(G0=DOGok, G1=CATok, G2=CATok)  R=1.00
             ex2: items(G0=DOG, G1=CAT, G2=CAT) -> lights(S0=OFF, S1=ON, S2=ON) -> guesses(G0=DOGok, G1=CATok, G2=CATok)  R=1.00
             ex3: items(G0=CAT, G1=DOG, G2=DOG) -> lights(S0=ON, S1=OFF, S2=OFF) -> guesses(G0=CATok, G1=CATXX, G2=DOGok)  R=0.67
             ex4: items(G0=DOG, G1=DOG, G2=CAT) -> lights(S0=OFF, S1=ON, S2=ON) -> guesses(G0=DOGok, G1=CATXX, G2=CATok)  R=0.67
             ex5: items(G0=CAT, G1=DOG, G2=DOG) -> lights(S0=ON, S1=OFF, S2=OFF) -> guesses(G0=CATok, G1=CATXX, G2=DOGok)  R=0.67

  seed  7  R=1.000  [perfect (complementary conventions)]  (77.5s)
           PERFECT pure-tracking (fully compositional: every light = one guesser's item)
             S0: track G2                         (kind=dictator, depends on [2])
             S1: track NOT G1                     (kind=dictator, depends on [1])
             S2: track NOT G0                     (kind=dictator, depends on [0])
             entropy reduction per guesser (out of 1.0): G0=1.00, G1=1.00, G2=1.00
             ex1: items(G0=DOG, G1=DOG, G2=CAT) -> lights(S0=OFF, S1=OFF, S2=OFF) -> guesses(G0=DOGok, G1=DOGok, G2=CATok)  R=1.00
             ex2: items(G0=DOG, G1=CAT, G2=CAT) -> lights(S0=OFF, S1=ON, S2=OFF) -> guesses(G0=DOGok, G1=CATok, G2=CATok)  R=1.00
             ex3: items(G0=DOG, G1=DOG, G2=DOG) -> lights(S0=ON, S1=OFF, S2=OFF) -> guesses(G0=DOGok, G1=DOGok, G2=DOGok)  R=1.00
             ex4: items(G0=DOG, G1=CAT, G2=DOG) -> lights(S0=ON, S1=ON, S2=OFF) -> guesses(G0=DOGok, G1=CATok, G2=DOGok)  R=1.00
             ex5: items(G0=CAT, G1=CAT, G2=DOG) -> lights(S0=ON, S1=ON, S2=ON) -> guesses(G0=CATok, G1=CATok, G2=DOGok)  R=1.00

  seed  8  R=0.958  [exploiting joint channel (0.958)]  (77.9s)
           not perfect (0 tracking, 3 holistic, 0 pooling signallers)
             S0: general(G0,G1,G2) [nonlinear]    (kind=general, depends on [0, 1, 2])
             S1: general(G0,G1,G2) [nonlinear]    (kind=general, depends on [0, 1, 2])
             S2: general(G0,G1,G2) [nonlinear]    (kind=general, depends on [0, 1, 2])
             entropy reduction per guesser (out of 1.0): G0=1.00, G1=0.75, G2=1.00
             ex1: items(G0=CAT, G1=CAT, G2=DOG) -> lights(S0=ON, S1=ON, S2=OFF) -> guesses(G0=CATok, G1=CATok, G2=DOGok)  R=1.00
             ex2: items(G0=CAT, G1=CAT, G2=DOG) -> lights(S0=ON, S1=ON, S2=OFF) -> guesses(G0=CATok, G1=CATok, G2=DOGok)  R=1.00
             ex3: items(G0=CAT, G1=DOG, G2=DOG) -> lights(S0=OFF, S1=ON, S2=OFF) -> guesses(G0=CATok, G1=DOGok, G2=DOGok)  R=1.00
             ex4: items(G0=CAT, G1=CAT, G2=CAT) -> lights(S0=ON, S1=OFF, S2=ON) -> guesses(G0=CATok, G1=CATok, G2=CATok)  R=1.00
             ex5: items(G0=DOG, G1=DOG, G2=DOG) -> lights(S0=OFF, S1=OFF, S2=OFF) -> guesses(G0=DOGok, G1=DOGok, G2=DOGok)  R=1.00

  seed  9  R=0.917  [exploiting joint channel (0.917)]  (78.1s)
           not perfect (1 tracking, 2 holistic, 0 pooling signallers)
             S0: general(G0,G1,G2) [nonlinear]    (kind=general, depends on [0, 1, 2])
             S1: track G2                         (kind=dictator, depends on [2])
             S2: general(G1,G2) [nonlinear]       (kind=general, depends on [1, 2])
             entropy reduction per guesser (out of 1.0): G0=0.66, G1=0.66, G2=1.00
             ex1: items(G0=CAT, G1=CAT, G2=DOG) -> lights(S0=OFF, S1=ON, S2=OFF) -> guesses(G0=CATok, G1=CATok, G2=DOGok)  R=1.00
             ex2: items(G0=CAT, G1=CAT, G2=DOG) -> lights(S0=OFF, S1=ON, S2=OFF) -> guesses(G0=CATok, G1=CATok, G2=DOGok)  R=1.00
             ex3: items(G0=DOG, G1=CAT, G2=DOG) -> lights(S0=ON, S1=ON, S2=OFF) -> guesses(G0=DOGok, G1=CATok, G2=DOGok)  R=1.00
             ex4: items(G0=CAT, G1=CAT, G2=CAT) -> lights(S0=OFF, S1=OFF, S2=ON) -> guesses(G0=CATok, G1=CATok, G2=CATok)  R=1.00
             ex5: items(G0=CAT, G1=DOG, G2=CAT) -> lights(S0=ON, S1=OFF, S2=ON) -> guesses(G0=DOGXX, G1=DOGok, G2=CATok)  R=0.67

  seed 10  R=0.875  [exploiting joint channel (0.875)]  (78.0s)
           not perfect (1 tracking, 2 holistic, 0 pooling signallers)
             S0: track G2                         (kind=dictator, depends on [2])
             S1: general(G0,G1,G2) [nonlinear]    (kind=general, depends on [0, 1, 2])
             S2: general(G0,G1,G2) [nonlinear]    (kind=general, depends on [0, 1, 2])
             entropy reduction per guesser (out of 1.0): G0=0.66, G1=0.41, G2=1.00
             ex1: items(G0=CAT, G1=CAT, G2=CAT) -> lights(S0=OFF, S1=OFF, S2=OFF) -> guesses(G0=CATok, G1=CATok, G2=CATok)  R=1.00
             ex2: items(G0=CAT, G1=CAT, G2=CAT) -> lights(S0=OFF, S1=OFF, S2=OFF) -> guesses(G0=CATok, G1=CATok, G2=CATok)  R=1.00
             ex3: items(G0=CAT, G1=DOG, G2=DOG) -> lights(S0=ON, S1=OFF, S2=OFF) -> guesses(G0=CATok, G1=CATXX, G2=DOGok)  R=0.67
             ex4: items(G0=CAT, G1=CAT, G2=DOG) -> lights(S0=ON, S1=OFF, S2=OFF) -> guesses(G0=CATok, G1=CATok, G2=DOGok)  R=1.00
             ex5: items(G0=CAT, G1=DOG, G2=CAT) -> lights(S0=OFF, S1=OFF, S2=ON) -> guesses(G0=CATok, G1=DOGok, G2=CATok)  R=1.00

  seed 11  R=0.917  [exploiting joint channel (0.917)]  (78.0s)
           not perfect (2 tracking, 1 holistic, 0 pooling signallers)
             S0: general(G0,G1) [nonlinear]       (kind=general, depends on [0, 1])
             S1: track G0                         (kind=dictator, depends on [0])
             S2: track NOT G2                     (kind=dictator, depends on [2])
             entropy reduction per guesser (out of 1.0): G0=1.00, G1=0.50, G2=1.00
             ex1: items(G0=CAT, G1=DOG, G2=CAT) -> lights(S0=ON, S1=OFF, S2=ON) -> guesses(G0=CATok, G1=CATXX, G2=CATok)  R=0.67
             ex2: items(G0=DOG, G1=DOG, G2=CAT) -> lights(S0=OFF, S1=ON, S2=ON) -> guesses(G0=DOGok, G1=DOGok, G2=CATok)  R=1.00
             ex3: items(G0=CAT, G1=CAT, G2=CAT) -> lights(S0=ON, S1=OFF, S2=ON) -> guesses(G0=CATok, G1=CATok, G2=CATok)  R=1.00
             ex4: items(G0=CAT, G1=CAT, G2=CAT) -> lights(S0=ON, S1=OFF, S2=ON) -> guesses(G0=CATok, G1=CATok, G2=CATok)  R=1.00
             ex5: items(G0=DOG, G1=CAT, G2=CAT) -> lights(S0=ON, S1=ON, S2=ON) -> guesses(G0=DOGok, G1=CATok, G2=CATok)  R=1.00

  seed 12  R=0.958  [exploiting joint channel (0.958)]  (77.7s)
           not perfect (3 tracking, 0 holistic, 0 pooling signallers)
             S0: track NOT G0                     (kind=dictator, depends on [0])
             S1: track NOT G2                     (kind=dictator, depends on [2])
             S2: track G1                         (kind=dictator, depends on [1])
             entropy reduction per guesser (out of 1.0): G0=1.00, G1=1.00, G2=1.00
             ex1: items(G0=CAT, G1=DOG, G2=CAT) -> lights(S0=ON, S1=ON, S2=ON) -> guesses(G0=CATok, G1=DOGok, G2=CATok)  R=1.00
             ex2: items(G0=CAT, G1=DOG, G2=DOG) -> lights(S0=ON, S1=OFF, S2=ON) -> guesses(G0=CATok, G1=DOGok, G2=DOGok)  R=1.00
             ex3: items(G0=CAT, G1=DOG, G2=CAT) -> lights(S0=ON, S1=ON, S2=ON) -> guesses(G0=CATok, G1=DOGok, G2=CATok)  R=1.00
             ex4: items(G0=DOG, G1=CAT, G2=CAT) -> lights(S0=OFF, S1=ON, S2=OFF) -> guesses(G0=DOGok, G1=DOGXX, G2=CATok)  R=0.67
             ex5: items(G0=DOG, G1=CAT, G2=CAT) -> lights(S0=OFF, S1=ON, S2=OFF) -> guesses(G0=DOGok, G1=DOGXX, G2=CATok)  R=0.67

  seed 13  R=0.917  [exploiting joint channel (0.917)]  (77.8s)
           not perfect (1 tracking, 2 holistic, 0 pooling signallers)
             S0: general(G0,G1,G2) [nonlinear]    (kind=general, depends on [0, 1, 2])
             S1: general(G0,G1,G2) [nonlinear]    (kind=general, depends on [0, 1, 2])
             S2: track G0                         (kind=dictator, depends on [0])
             entropy reduction per guesser (out of 1.0): G0=1.00, G1=0.75, G2=0.75
             ex1: items(G0=DOG, G1=CAT, G2=CAT) -> lights(S0=OFF, S1=ON, S2=ON) -> guesses(G0=DOGok, G1=CATok, G2=CATok)  R=1.00
             ex2: items(G0=CAT, G1=DOG, G2=CAT) -> lights(S0=OFF, S1=OFF, S2=OFF) -> guesses(G0=CATok, G1=DOGok, G2=CATok)  R=1.00
             ex3: items(G0=CAT, G1=DOG, G2=CAT) -> lights(S0=OFF, S1=OFF, S2=OFF) -> guesses(G0=CATok, G1=DOGok, G2=CATok)  R=1.00
             ex4: items(G0=CAT, G1=CAT, G2=DOG) -> lights(S0=ON, S1=ON, S2=OFF) -> guesses(G0=CATok, G1=CATok, G2=CATXX)  R=0.67
             ex5: items(G0=DOG, G1=DOG, G2=CAT) -> lights(S0=OFF, S1=OFF, S2=ON) -> guesses(G0=DOGok, G1=DOGok, G2=CATok)  R=1.00

  seed 14  R=0.875  [exploiting joint channel (0.875)]  (78.0s)
           not perfect (1 tracking, 2 holistic, 0 pooling signallers)
             S0: general(G0,G1,G2) [nonlinear]    (kind=general, depends on [0, 1, 2])
             S1: track G2                         (kind=dictator, depends on [2])
             S2: general(G0,G1,G2) [nonlinear]    (kind=general, depends on [0, 1, 2])
             entropy reduction per guesser (out of 1.0): G0=0.66, G1=0.41, G2=1.00
             ex1: items(G0=CAT, G1=DOG, G2=DOG) -> lights(S0=OFF, S1=ON, S2=ON) -> guesses(G0=CATok, G1=DOGok, G2=DOGok)  R=1.00
             ex2: items(G0=DOG, G1=CAT, G2=DOG) -> lights(S0=OFF, S1=ON, S2=OFF) -> guesses(G0=DOGok, G1=CATok, G2=DOGok)  R=1.00
             ex3: items(G0=DOG, G1=CAT, G2=CAT) -> lights(S0=ON, S1=OFF, S2=OFF) -> guesses(G0=DOGok, G1=CATok, G2=CATok)  R=1.00
             ex4: items(G0=DOG, G1=DOG, G2=CAT) -> lights(S0=ON, S1=OFF, S2=OFF) -> guesses(G0=DOGok, G1=CATXX, G2=CATok)  R=0.67
             ex5: items(G0=CAT, G1=DOG, G2=DOG) -> lights(S0=OFF, S1=ON, S2=ON) -> guesses(G0=CATok, G1=DOGok, G2=DOGok)  R=1.00

  seed 15  R=1.000  [perfect (complementary conventions)]  (78.3s)
           PERFECT pure-tracking (fully compositional: every light = one guesser's item)
             S0: track G1                         (kind=dictator, depends on [1])
             S1: track G0                         (kind=dictator, depends on [0])
             S2: track G2                         (kind=dictator, depends on [2])
             entropy reduction per guesser (out of 1.0): G0=1.00, G1=1.00, G2=1.00
             ex1: items(G0=CAT, G1=CAT, G2=DOG) -> lights(S0=OFF, S1=OFF, S2=ON) -> guesses(G0=CATok, G1=CATok, G2=DOGok)  R=1.00
             ex2: items(G0=CAT, G1=DOG, G2=CAT) -> lights(S0=ON, S1=OFF, S2=OFF) -> guesses(G0=CATok, G1=DOGok, G2=CATok)  R=1.00
             ex3: items(G0=DOG, G1=CAT, G2=DOG) -> lights(S0=OFF, S1=ON, S2=ON) -> guesses(G0=DOGok, G1=CATok, G2=DOGok)  R=1.00
             ex4: items(G0=DOG, G1=DOG, G2=DOG) -> lights(S0=ON, S1=ON, S2=ON) -> guesses(G0=DOGok, G1=DOGok, G2=DOGok)  R=1.00
             ex5: items(G0=DOG, G1=DOG, G2=DOG) -> lights(S0=ON, S1=ON, S2=ON) -> guesses(G0=DOGok, G1=DOGok, G2=DOGok)  R=1.00

  seed 16  R=0.792  [exploiting joint channel (0.792)]  (77.7s)
           not perfect (0 tracking, 3 holistic, 0 pooling signallers)
             S0: general(G0,G1,G2) [nonlinear]    (kind=general, depends on [0, 1, 2])
             S1: general(G0,G1,G2) [nonlinear]    (kind=general, depends on [0, 1, 2])
             S2: general(G0,G1,G2) [nonlinear]    (kind=general, depends on [0, 1, 2])
             entropy reduction per guesser (out of 1.0): G0=0.50, G1=0.75, G2=0.75
             ex1: items(G0=DOG, G1=CAT, G2=DOG) -> lights(S0=ON, S1=ON, S2=OFF) -> guesses(G0=DOGok, G1=CATok, G2=CATXX)  R=0.67
             ex2: items(G0=DOG, G1=DOG, G2=CAT) -> lights(S0=ON, S1=ON, S2=ON) -> guesses(G0=DOGok, G1=DOGok, G2=CATok)  R=1.00
             ex3: items(G0=DOG, G1=CAT, G2=CAT) -> lights(S0=ON, S1=OFF, S2=OFF) -> guesses(G0=DOGok, G1=CATok, G2=CATok)  R=1.00
             ex4: items(G0=DOG, G1=CAT, G2=CAT) -> lights(S0=ON, S1=OFF, S2=OFF) -> guesses(G0=DOGok, G1=CATok, G2=CATok)  R=1.00
             ex5: items(G0=DOG, G1=CAT, G2=DOG) -> lights(S0=ON, S1=ON, S2=OFF) -> guesses(G0=DOGok, G1=CATok, G2=CATXX)  R=0.67

  seed 17  R=0.958  [exploiting joint channel (0.958)]  (78.1s)
           not perfect (1 tracking, 2 holistic, 0 pooling signallers)
             S0: general(G0,G1,G2) [nonlinear]    (kind=general, depends on [0, 1, 2])
             S1: track NOT G1                     (kind=dictator, depends on [1])
             S2: general(G0,G1,G2) [nonlinear]    (kind=general, depends on [0, 1, 2])
             entropy reduction per guesser (out of 1.0): G0=0.75, G1=1.00, G2=1.00
             ex1: items(G0=DOG, G1=CAT, G2=CAT) -> lights(S0=ON, S1=ON, S2=OFF) -> guesses(G0=DOGok, G1=CATok, G2=CATok)  R=1.00
             ex2: items(G0=CAT, G1=CAT, G2=CAT) -> lights(S0=ON, S1=ON, S2=ON) -> guesses(G0=CATok, G1=CATok, G2=CATok)  R=1.00
             ex3: items(G0=CAT, G1=CAT, G2=CAT) -> lights(S0=ON, S1=ON, S2=ON) -> guesses(G0=CATok, G1=CATok, G2=CATok)  R=1.00
             ex4: items(G0=DOG, G1=CAT, G2=DOG) -> lights(S0=OFF, S1=ON, S2=OFF) -> guesses(G0=DOGok, G1=CATok, G2=DOGok)  R=1.00
             ex5: items(G0=DOG, G1=DOG, G2=DOG) -> lights(S0=OFF, S1=OFF, S2=OFF) -> guesses(G0=CATXX, G1=DOGok, G2=DOGok)  R=0.67

  seed 18  R=0.958  [exploiting joint channel (0.958)]  (77.9s)
           not perfect (2 tracking, 1 holistic, 0 pooling signallers)
             S0: track NOT G2                     (kind=dictator, depends on [2])
             S1: track G1                         (kind=dictator, depends on [1])
             S2: general(G0,G1,G2) [nonlinear]    (kind=general, depends on [0, 1, 2])
             entropy reduction per guesser (out of 1.0): G0=0.75, G1=1.00, G2=1.00
             ex1: items(G0=DOG, G1=CAT, G2=DOG) -> lights(S0=OFF, S1=OFF, S2=OFF) -> guesses(G0=DOGok, G1=CATok, G2=DOGok)  R=1.00
             ex2: items(G0=DOG, G1=DOG, G2=DOG) -> lights(S0=OFF, S1=ON, S2=OFF) -> guesses(G0=DOGok, G1=DOGok, G2=DOGok)  R=1.00
             ex3: items(G0=DOG, G1=DOG, G2=CAT) -> lights(S0=ON, S1=ON, S2=OFF) -> guesses(G0=DOGok, G1=DOGok, G2=CATok)  R=1.00
             ex4: items(G0=CAT, G1=CAT, G2=CAT) -> lights(S0=ON, S1=OFF, S2=ON) -> guesses(G0=DOGXX, G1=CATok, G2=CATok)  R=0.67
             ex5: items(G0=DOG, G1=CAT, G2=CAT) -> lights(S0=ON, S1=OFF, S2=ON) -> guesses(G0=DOGok, G1=CATok, G2=CATok)  R=1.00

  seed 19  R=0.917  [exploiting joint channel (0.917)]  (77.8s)
           not perfect (1 tracking, 2 holistic, 0 pooling signallers)
             S0: general(G0,G2) [nonlinear]       (kind=general, depends on [0, 2])
             S1: general(G0,G1,G2) [nonlinear]    (kind=general, depends on [0, 1, 2])
             S2: track NOT G2                     (kind=dictator, depends on [2])
             entropy reduction per guesser (out of 1.0): G0=1.00, G1=0.50, G2=1.00
             ex1: items(G0=DOG, G1=DOG, G2=CAT) -> lights(S0=OFF, S1=ON, S2=ON) -> guesses(G0=DOGok, G1=DOGok, G2=CATok)  R=1.00
             ex2: items(G0=CAT, G1=DOG, G2=CAT) -> lights(S0=ON, S1=ON, S2=ON) -> guesses(G0=CATok, G1=DOGok, G2=CATok)  R=1.00
             ex3: items(G0=CAT, G1=CAT, G2=DOG) -> lights(S0=OFF, S1=OFF, S2=OFF) -> guesses(G0=CATok, G1=CATok, G2=DOGok)  R=1.00
             ex4: items(G0=DOG, G1=DOG, G2=CAT) -> lights(S0=OFF, S1=ON, S2=ON) -> guesses(G0=DOGok, G1=DOGok, G2=CATok)  R=1.00
             ex5: items(G0=DOG, G1=DOG, G2=DOG) -> lights(S0=OFF, S1=ON, S2=OFF) -> guesses(G0=DOGok, G1=DOGok, G2=DOGok)  R=1.00

  seed 20  R=0.958  [exploiting joint channel (0.958)]  (78.1s)
           not perfect (2 tracking, 1 holistic, 0 pooling signallers)
             S0: general(G0,G1,G2) [nonlinear]    (kind=general, depends on [0, 1, 2])
             S1: track G1                         (kind=dictator, depends on [1])
             S2: track NOT G2                     (kind=dictator, depends on [2])
             entropy reduction per guesser (out of 1.0): G0=0.75, G1=1.00, G2=1.00
             ex1: items(G0=DOG, G1=CAT, G2=CAT) -> lights(S0=ON, S1=OFF, S2=ON) -> guesses(G0=DOGok, G1=CATok, G2=CATok)  R=1.00
             ex2: items(G0=DOG, G1=DOG, G2=CAT) -> lights(S0=ON, S1=ON, S2=ON) -> guesses(G0=CATXX, G1=DOGok, G2=CATok)  R=0.67
             ex3: items(G0=DOG, G1=DOG, G2=DOG) -> lights(S0=ON, S1=ON, S2=OFF) -> guesses(G0=DOGok, G1=DOGok, G2=DOGok)  R=1.00
             ex4: items(G0=DOG, G1=CAT, G2=CAT) -> lights(S0=ON, S1=OFF, S2=ON) -> guesses(G0=DOGok, G1=CATok, G2=CATok)  R=1.00
             ex5: items(G0=DOG, G1=CAT, G2=DOG) -> lights(S0=ON, S1=OFF, S2=OFF) -> guesses(G0=DOGok, G1=CATok, G2=DOGok)  R=1.00

  seed 21  R=0.917  [exploiting joint channel (0.917)]  (77.8s)
           not perfect (0 tracking, 3 holistic, 0 pooling signallers)
             S0: general(G0,G1,G2) [nonlinear]    (kind=general, depends on [0, 1, 2])
             S1: general(G0,G1,G2) [nonlinear]    (kind=general, depends on [0, 1, 2])
             S2: general(G1,G2) [nonlinear]       (kind=general, depends on [1, 2])
             entropy reduction per guesser (out of 1.0): G0=0.75, G1=1.00, G2=0.75
             ex1: items(G0=DOG, G1=DOG, G2=CAT) -> lights(S0=ON, S1=OFF, S2=ON) -> guesses(G0=DOGok, G1=DOGok, G2=CATok)  R=1.00
             ex2: items(G0=DOG, G1=DOG, G2=CAT) -> lights(S0=ON, S1=OFF, S2=ON) -> guesses(G0=DOGok, G1=DOGok, G2=CATok)  R=1.00
             ex3: items(G0=CAT, G1=CAT, G2=CAT) -> lights(S0=OFF, S1=ON, S2=ON) -> guesses(G0=CATok, G1=CATok, G2=CATok)  R=1.00
             ex4: items(G0=DOG, G1=CAT, G2=DOG) -> lights(S0=OFF, S1=OFF, S2=ON) -> guesses(G0=DOGok, G1=CATok, G2=CATXX)  R=0.67
             ex5: items(G0=DOG, G1=CAT, G2=DOG) -> lights(S0=OFF, S1=OFF, S2=ON) -> guesses(G0=DOGok, G1=CATok, G2=CATXX)  R=0.67

  seed 22  R=0.958  [exploiting joint channel (0.958)]  (78.4s)
           not perfect (1 tracking, 2 holistic, 0 pooling signallers)
             S0: general(G0,G1,G2) [nonlinear]    (kind=general, depends on [0, 1, 2])
             S1: track G2                         (kind=dictator, depends on [2])
             S2: general(G0,G1,G2) [nonlinear]    (kind=general, depends on [0, 1, 2])
             entropy reduction per guesser (out of 1.0): G0=0.75, G1=1.00, G2=1.00
             ex1: items(G0=DOG, G1=CAT, G2=DOG) -> lights(S0=ON, S1=ON, S2=ON) -> guesses(G0=DOGok, G1=CATok, G2=DOGok)  R=1.00
             ex2: items(G0=CAT, G1=DOG, G2=DOG) -> lights(S0=OFF, S1=ON, S2=OFF) -> guesses(G0=CATok, G1=DOGok, G2=DOGok)  R=1.00
             ex3: items(G0=DOG, G1=CAT, G2=CAT) -> lights(S0=ON, S1=OFF, S2=OFF) -> guesses(G0=DOGok, G1=CATok, G2=CATok)  R=1.00
             ex4: items(G0=DOG, G1=CAT, G2=CAT) -> lights(S0=ON, S1=OFF, S2=OFF) -> guesses(G0=DOGok, G1=CATok, G2=CATok)  R=1.00
             ex5: items(G0=DOG, G1=CAT, G2=DOG) -> lights(S0=ON, S1=ON, S2=ON) -> guesses(G0=DOGok, G1=CATok, G2=DOGok)  R=1.00

  seed 23  R=0.875  [exploiting joint channel (0.875)]  (77.8s)
           not perfect (0 tracking, 3 holistic, 0 pooling signallers)
             S0: general(G0,G1,G2) [nonlinear]    (kind=general, depends on [0, 1, 2])
             S1: general(G0,G1,G2) [nonlinear]    (kind=general, depends on [0, 1, 2])
             S2: general(G0,G1,G2) [nonlinear]    (kind=general, depends on [0, 1, 2])
             entropy reduction per guesser (out of 1.0): G0=0.50, G1=1.00, G2=1.00
             ex1: items(G0=DOG, G1=CAT, G2=DOG) -> lights(S0=OFF, S1=ON, S2=OFF) -> guesses(G0=DOGok, G1=CATok, G2=DOGok)  R=1.00
             ex2: items(G0=DOG, G1=CAT, G2=CAT) -> lights(S0=ON, S1=ON, S2=ON) -> guesses(G0=DOGok, G1=CATok, G2=CATok)  R=1.00
             ex3: items(G0=DOG, G1=CAT, G2=DOG) -> lights(S0=OFF, S1=ON, S2=OFF) -> guesses(G0=DOGok, G1=CATok, G2=DOGok)  R=1.00
             ex4: items(G0=DOG, G1=CAT, G2=DOG) -> lights(S0=OFF, S1=ON, S2=OFF) -> guesses(G0=DOGok, G1=CATok, G2=DOGok)  R=1.00
             ex5: items(G0=DOG, G1=CAT, G2=DOG) -> lights(S0=OFF, S1=ON, S2=OFF) -> guesses(G0=DOGok, G1=CATok, G2=DOGok)  R=1.00

  seed 24  R=1.000  [perfect (complementary conventions)]  (78.3s)
           PERFECT pure-tracking (fully compositional: every light = one guesser's item)
             S0: track G2                         (kind=dictator, depends on [2])
             S1: track G1                         (kind=dictator, depends on [1])
             S2: track G0                         (kind=dictator, depends on [0])
             entropy reduction per guesser (out of 1.0): G0=1.00, G1=1.00, G2=1.00
             ex1: items(G0=DOG, G1=DOG, G2=CAT) -> lights(S0=OFF, S1=ON, S2=ON) -> guesses(G0=DOGok, G1=DOGok, G2=CATok)  R=1.00
             ex2: items(G0=DOG, G1=DOG, G2=DOG) -> lights(S0=ON, S1=ON, S2=ON) -> guesses(G0=DOGok, G1=DOGok, G2=DOGok)  R=1.00
             ex3: items(G0=DOG, G1=CAT, G2=DOG) -> lights(S0=ON, S1=OFF, S2=ON) -> guesses(G0=DOGok, G1=CATok, G2=DOGok)  R=1.00
             ex4: items(G0=DOG, G1=DOG, G2=CAT) -> lights(S0=OFF, S1=ON, S2=ON) -> guesses(G0=DOGok, G1=DOGok, G2=CATok)  R=1.00
             ex5: items(G0=DOG, G1=CAT, G2=DOG) -> lights(S0=ON, S1=OFF, S2=ON) -> guesses(G0=DOGok, G1=CATok, G2=DOGok)  R=1.00

  seed 25  R=1.000  [perfect (complementary conventions)]  (77.9s)
           PERFECT pure-tracking (fully compositional: every light = one guesser's item)
             S0: track NOT G1                     (kind=dictator, depends on [1])
             S1: track G0                         (kind=dictator, depends on [0])
             S2: track G2                         (kind=dictator, depends on [2])
             entropy reduction per guesser (out of 1.0): G0=1.00, G1=1.00, G2=1.00
             ex1: items(G0=DOG, G1=CAT, G2=DOG) -> lights(S0=ON, S1=ON, S2=ON) -> guesses(G0=DOGok, G1=CATok, G2=DOGok)  R=1.00
             ex2: items(G0=CAT, G1=DOG, G2=CAT) -> lights(S0=OFF, S1=OFF, S2=OFF) -> guesses(G0=CATok, G1=DOGok, G2=CATok)  R=1.00
             ex3: items(G0=DOG, G1=CAT, G2=DOG) -> lights(S0=ON, S1=ON, S2=ON) -> guesses(G0=DOGok, G1=CATok, G2=DOGok)  R=1.00
             ex4: items(G0=CAT, G1=DOG, G2=DOG) -> lights(S0=OFF, S1=OFF, S2=ON) -> guesses(G0=CATok, G1=DOGok, G2=DOGok)  R=1.00
             ex5: items(G0=CAT, G1=CAT, G2=DOG) -> lights(S0=ON, S1=OFF, S2=ON) -> guesses(G0=CATok, G1=CATok, G2=DOGok)  R=1.00

  seed 26  R=1.000  [perfect (complementary conventions)]  (78.2s)
           PERFECT pure-tracking (fully compositional: every light = one guesser's item)
             S0: track G2                         (kind=dictator, depends on [2])
             S1: track G0                         (kind=dictator, depends on [0])
             S2: track G1                         (kind=dictator, depends on [1])
             entropy reduction per guesser (out of 1.0): G0=1.00, G1=1.00, G2=1.00
             ex1: items(G0=CAT, G1=DOG, G2=CAT) -> lights(S0=OFF, S1=OFF, S2=ON) -> guesses(G0=CATok, G1=DOGok, G2=CATok)  R=1.00
             ex2: items(G0=DOG, G1=DOG, G2=CAT) -> lights(S0=OFF, S1=ON, S2=ON) -> guesses(G0=DOGok, G1=DOGok, G2=CATok)  R=1.00
             ex3: items(G0=CAT, G1=CAT, G2=DOG) -> lights(S0=ON, S1=OFF, S2=OFF) -> guesses(G0=CATok, G1=CATok, G2=DOGok)  R=1.00
             ex4: items(G0=CAT, G1=DOG, G2=CAT) -> lights(S0=OFF, S1=OFF, S2=ON) -> guesses(G0=CATok, G1=DOGok, G2=CATok)  R=1.00
             ex5: items(G0=CAT, G1=DOG, G2=CAT) -> lights(S0=OFF, S1=OFF, S2=ON) -> guesses(G0=CATok, G1=DOGok, G2=CATok)  R=1.00

  seed 27  R=0.917  [exploiting joint channel (0.917)]  (77.9s)
           not perfect (1 tracking, 2 holistic, 0 pooling signallers)
             S0: general(G0,G2) [nonlinear]       (kind=general, depends on [0, 2])
             S1: track G1                         (kind=dictator, depends on [1])
             S2: general(G0,G2) [nonlinear]       (kind=general, depends on [0, 2])
             entropy reduction per guesser (out of 1.0): G0=0.50, G1=1.00, G2=1.00
             ex1: items(G0=CAT, G1=DOG, G2=DOG) -> lights(S0=OFF, S1=ON, S2=ON) -> guesses(G0=DOGXX, G1=DOGok, G2=DOGok)  R=0.67
             ex2: items(G0=DOG, G1=CAT, G2=DOG) -> lights(S0=OFF, S1=OFF, S2=ON) -> guesses(G0=DOGok, G1=CATok, G2=DOGok)  R=1.00
             ex3: items(G0=DOG, G1=CAT, G2=CAT) -> lights(S0=OFF, S1=OFF, S2=OFF) -> guesses(G0=DOGok, G1=CATok, G2=CATok)  R=1.00
             ex4: items(G0=CAT, G1=DOG, G2=CAT) -> lights(S0=ON, S1=ON, S2=ON) -> guesses(G0=CATok, G1=DOGok, G2=CATok)  R=1.00
             ex5: items(G0=CAT, G1=CAT, G2=DOG) -> lights(S0=OFF, S1=OFF, S2=ON) -> guesses(G0=DOGXX, G1=CATok, G2=DOGok)  R=0.67

  seed 28  R=1.000  [perfect (complementary conventions)]  (78.1s)
           PERFECT pure-tracking (fully compositional: every light = one guesser's item)
             S0: track G0                         (kind=dictator, depends on [0])
             S1: track G2                         (kind=dictator, depends on [2])
             S2: track G1                         (kind=dictator, depends on [1])
             entropy reduction per guesser (out of 1.0): G0=1.00, G1=1.00, G2=1.00
             ex1: items(G0=CAT, G1=CAT, G2=CAT) -> lights(S0=OFF, S1=OFF, S2=OFF) -> guesses(G0=CATok, G1=CATok, G2=CATok)  R=1.00
             ex2: items(G0=CAT, G1=CAT, G2=DOG) -> lights(S0=OFF, S1=ON, S2=OFF) -> guesses(G0=CATok, G1=CATok, G2=DOGok)  R=1.00
             ex3: items(G0=CAT, G1=DOG, G2=CAT) -> lights(S0=OFF, S1=OFF, S2=ON) -> guesses(G0=CATok, G1=DOGok, G2=CATok)  R=1.00
             ex4: items(G0=DOG, G1=DOG, G2=CAT) -> lights(S0=ON, S1=OFF, S2=ON) -> guesses(G0=DOGok, G1=DOGok, G2=CATok)  R=1.00
             ex5: items(G0=DOG, G1=DOG, G2=CAT) -> lights(S0=ON, S1=OFF, S2=ON) -> guesses(G0=DOGok, G1=DOGok, G2=CATok)  R=1.00

  seed 29  R=0.875  [exploiting joint channel (0.875)]  (78.0s)
           not perfect (1 tracking, 2 holistic, 0 pooling signallers)
             S0: general(G0,G1,G2) [nonlinear]    (kind=general, depends on [0, 1, 2])
             S1: track G0                         (kind=dictator, depends on [0])
             S2: general(G0,G1,G2) [nonlinear]    (kind=general, depends on [0, 1, 2])
             entropy reduction per guesser (out of 1.0): G0=1.00, G1=0.41, G2=0.66
             ex1: items(G0=CAT, G1=DOG, G2=CAT) -> lights(S0=ON, S1=OFF, S2=ON) -> guesses(G0=CATok, G1=DOGok, G2=CATok)  R=1.00
             ex2: items(G0=CAT, G1=DOG, G2=DOG) -> lights(S0=OFF, S1=OFF, S2=ON) -> guesses(G0=CATok, G1=DOGok, G2=DOGok)  R=1.00
             ex3: items(G0=DOG, G1=CAT, G2=DOG) -> lights(S0=OFF, S1=ON, S2=OFF) -> guesses(G0=DOGok, G1=CATok, G2=DOGok)  R=1.00
             ex4: items(G0=CAT, G1=CAT, G2=DOG) -> lights(S0=OFF, S1=OFF, S2=OFF) -> guesses(G0=CATok, G1=CATok, G2=DOGok)  R=1.00
             ex5: items(G0=CAT, G1=DOG, G2=CAT) -> lights(S0=ON, S1=OFF, S2=ON) -> guesses(G0=CATok, G1=DOGok, G2=CATok)  R=1.00

  --- K3x3 / independent: summary over 30 seeds ---
      mean team reward           : 0.939
      complementarity rate       : 23.3% of seeds perfect
      distinct PERFECT conventions: 7 (from 7 perfect seeds; entropy 2.807 bits)
      convention types:
        partial / non-perfect: 23/30
        perfect pure-tracking: 7/30
      signaller-light census (all seeds pooled): dictator=50 (56%), general=40 (44%)
      mean channel utilisation H(M) : 0.975 bits (out of 1.0)
      mean entropy reduction / guesser: 0.878 bits (out of 1.0)

########################################################################
# K4x4  (4 signallers, 4 guessers, 16 edges)
#   schedule: 16000 episodes, epsilon decay over 11000
#   convention space: 20,922,789,888,000 perfect ((2^4)! bijections), of which 384 are pure-tracking (m!*2^m)
########################################################################

============================================================
  K4x4 / shared
============================================================

  seed  0  R=0.969  [exploiting joint channel (0.969)]  (27.7s)
           not perfect (2 tracking, 2 holistic, 0 pooling signallers)
             S0: track NOT G3                     (kind=dictator, depends on [3])
             S1: general(G0,G1,G2,G3) [nonlinear] (kind=general, depends on [0, 1, 2, 3])
             S2: general(G0,G1,G2,G3) [nonlinear] (kind=general, depends on [0, 1, 2, 3])
             S3: track G1                         (kind=dictator, depends on [1])
             entropy reduction per guesser (out of 1.0): G0=0.88, G1=1.00, G2=0.88, G3=1.00
             ex1: items(G0=DOG, G1=DOG, G2=CAT, G3=CAT) -> lights(S0=ON, S1=OFF, S2=ON, S3=ON) -> guesses(G0=DOGok, G1=DOGok, G2=CATok, G3=CATok)  R=1.00
             ex2: items(G0=CAT, G1=DOG, G2=CAT, G3=CAT) -> lights(S0=ON, S1=OFF, S2=OFF, S3=ON) -> guesses(G0=CATok, G1=DOGok, G2=CATok, G3=CATok)  R=1.00
             ex3: items(G0=DOG, G1=CAT, G2=CAT, G3=DOG) -> lights(S0=OFF, S1=OFF, S2=ON, S3=OFF) -> guesses(G0=DOGok, G1=CATok, G2=CATok, G3=DOGok)  R=1.00
             ex4: items(G0=DOG, G1=CAT, G2=DOG, G3=CAT) -> lights(S0=ON, S1=ON, S2=ON, S3=OFF) -> guesses(G0=DOGok, G1=CATok, G2=DOGok, G3=CATok)  R=1.00
             ex5: items(G0=DOG, G1=CAT, G2=CAT, G3=DOG) -> lights(S0=OFF, S1=OFF, S2=ON, S3=OFF) -> guesses(G0=DOGok, G1=CATok, G2=CATok, G3=DOGok)  R=1.00

  seed  1  R=0.938  [exploiting joint channel (0.938)]  (27.7s)
           not perfect (1 tracking, 3 holistic, 0 pooling signallers)
             S0: general(G0,G1,G2,G3) [nonlinear] (kind=general, depends on [0, 1, 2, 3])
             S1: track G2                         (kind=dictator, depends on [2])
             S2: general(G0,G1,G2,G3) [nonlinear] (kind=general, depends on [0, 1, 2, 3])
             S3: general(G0,G1,G3) [nonlinear]    (kind=general, depends on [0, 1, 3])
             entropy reduction per guesser (out of 1.0): G0=1.00, G1=0.75, G2=1.00, G3=0.88
             ex1: items(G0=DOG, G1=DOG, G2=CAT, G3=DOG) -> lights(S0=ON, S1=OFF, S2=OFF, S3=OFF) -> guesses(G0=DOGok, G1=DOGok, G2=CATok, G3=DOGok)  R=1.00
             ex2: items(G0=DOG, G1=CAT, G2=DOG, G3=DOG) -> lights(S0=OFF, S1=ON, S2=OFF, S3=ON) -> guesses(G0=DOGok, G1=CATok, G2=DOGok, G3=DOGok)  R=1.00
             ex3: items(G0=CAT, G1=DOG, G2=DOG, G3=DOG) -> lights(S0=OFF, S1=ON, S2=OFF, S3=OFF) -> guesses(G0=CATok, G1=CATXX, G2=DOGok, G3=DOGok)  R=0.75
             ex4: items(G0=DOG, G1=DOG, G2=DOG, G3=CAT) -> lights(S0=ON, S1=ON, S2=ON, S3=ON) -> guesses(G0=DOGok, G1=DOGok, G2=DOGok, G3=CATok)  R=1.00
             ex5: items(G0=CAT, G1=DOG, G2=DOG, G3=DOG) -> lights(S0=OFF, S1=ON, S2=OFF, S3=OFF) -> guesses(G0=CATok, G1=CATXX, G2=DOGok, G3=DOGok)  R=0.75

  seed  2  R=0.859  [exploiting joint channel (0.859)]  (27.7s)
           not perfect (1 tracking, 3 holistic, 0 pooling signallers)
             S0: track NOT G2                     (kind=dictator, depends on [2])
             S1: general(G0,G1,G3) [nonlinear]    (kind=general, depends on [0, 1, 3])
             S2: general(G0,G1,G2,G3) [nonlinear] (kind=general, depends on [0, 1, 2, 3])
             S3: general(G0,G1,G2,G3) [nonlinear] (kind=general, depends on [0, 1, 2, 3])
             entropy reduction per guesser (out of 1.0): G0=0.62, G1=0.45, G2=1.00, G3=0.50
             ex1: items(G0=CAT, G1=DOG, G2=CAT, G3=CAT) -> lights(S0=ON, S1=OFF, S2=OFF, S3=ON) -> guesses(G0=CATok, G1=CATXX, G2=CATok, G3=CATok)  R=0.75
             ex2: items(G0=DOG, G1=CAT, G2=DOG, G3=CAT) -> lights(S0=OFF, S1=OFF, S2=OFF, S3=ON) -> guesses(G0=CATXX, G1=CATok, G2=DOGok, G3=CATok)  R=0.75
             ex3: items(G0=CAT, G1=CAT, G2=DOG, G3=DOG) -> lights(S0=OFF, S1=OFF, S2=OFF, S3=OFF) -> guesses(G0=CATok, G1=CATok, G2=DOGok, G3=DOGok)  R=1.00
             ex4: items(G0=DOG, G1=DOG, G2=DOG, G3=CAT) -> lights(S0=OFF, S1=ON, S2=ON, S3=OFF) -> guesses(G0=DOGok, G1=DOGok, G2=DOGok, G3=DOGXX)  R=0.75
             ex5: items(G0=CAT, G1=DOG, G2=DOG, G3=DOG) -> lights(S0=OFF, S1=OFF, S2=ON, S3=OFF) -> guesses(G0=CATok, G1=DOGok, G2=DOGok, G3=DOGok)  R=1.00

  seed  3  R=0.922  [exploiting joint channel (0.922)]  (27.7s)
           not perfect (0 tracking, 4 holistic, 0 pooling signallers)
             S0: general(G0,G1,G2,G3) [nonlinear] (kind=general, depends on [0, 1, 2, 3])
             S1: general(G0,G1,G2,G3) [nonlinear] (kind=general, depends on [0, 1, 2, 3])
             S2: general(G0,G1,G2,G3) [nonlinear] (kind=general, depends on [0, 1, 2, 3])
             S3: general(G0,G1,G2,G3) [nonlinear] (kind=general, depends on [0, 1, 2, 3])
             entropy reduction per guesser (out of 1.0): G0=1.00, G1=1.00, G2=0.88, G3=0.50
             ex1: items(G0=DOG, G1=CAT, G2=DOG, G3=CAT) -> lights(S0=ON, S1=OFF, S2=OFF, S3=OFF) -> guesses(G0=DOGok, G1=CATok, G2=DOGok, G3=DOGXX)  R=0.75
             ex2: items(G0=CAT, G1=DOG, G2=CAT, G3=CAT) -> lights(S0=OFF, S1=OFF, S2=ON, S3=ON) -> guesses(G0=CATok, G1=DOGok, G2=CATok, G3=CATok)  R=1.00
             ex3: items(G0=DOG, G1=DOG, G2=DOG, G3=DOG) -> lights(S0=OFF, S1=OFF, S2=OFF, S3=OFF) -> guesses(G0=DOGok, G1=DOGok, G2=DOGok, G3=DOGok)  R=1.00
             ex4: items(G0=CAT, G1=DOG, G2=DOG, G3=CAT) -> lights(S0=OFF, S1=ON, S2=OFF, S3=ON) -> guesses(G0=CATok, G1=DOGok, G2=DOGok, G3=CATok)  R=1.00
             ex5: items(G0=DOG, G1=DOG, G2=CAT, G3=DOG) -> lights(S0=OFF, S1=OFF, S2=ON, S3=OFF) -> guesses(G0=DOGok, G1=DOGok, G2=CATok, G3=DOGok)  R=1.00

  seed  4  R=0.891  [exploiting joint channel (0.891)]  (27.4s)
           not perfect (1 tracking, 3 holistic, 0 pooling signallers)
             S0: general(G0,G1,G2) [nonlinear]    (kind=general, depends on [0, 1, 2])
             S1: general(G0,G1,G2) [nonlinear]    (kind=general, depends on [0, 1, 2])
             S2: general(G0,G1,G2,G3) [nonlinear] (kind=general, depends on [0, 1, 2, 3])
             S3: track NOT G2                     (kind=dictator, depends on [2])
             entropy reduction per guesser (out of 1.0): G0=0.66, G1=0.48, G2=1.00, G3=0.83
             ex1: items(G0=CAT, G1=DOG, G2=DOG, G3=DOG) -> lights(S0=ON, S1=OFF, S2=OFF, S3=OFF) -> guesses(G0=DOGXX, G1=DOGok, G2=DOGok, G3=DOGok)  R=0.75
             ex2: items(G0=DOG, G1=DOG, G2=DOG, G3=CAT) -> lights(S0=OFF, S1=OFF, S2=OFF, S3=OFF) -> guesses(G0=DOGok, G1=DOGok, G2=DOGok, G3=DOGXX)  R=0.75
             ex3: items(G0=CAT, G1=CAT, G2=DOG, G3=DOG) -> lights(S0=OFF, S1=ON, S2=OFF, S3=OFF) -> guesses(G0=CATok, G1=CATok, G2=DOGok, G3=DOGok)  R=1.00
             ex4: items(G0=CAT, G1=CAT, G2=CAT, G3=CAT) -> lights(S0=ON, S1=ON, S2=ON, S3=ON) -> guesses(G0=CATok, G1=CATok, G2=CATok, G3=CATok)  R=1.00
             ex5: items(G0=DOG, G1=DOG, G2=DOG, G3=CAT) -> lights(S0=OFF, S1=OFF, S2=OFF, S3=OFF) -> guesses(G0=DOGok, G1=DOGok, G2=DOGok, G3=DOGXX)  R=0.75

  seed  5  R=0.875  [exploiting joint channel (0.875)]  (28.0s)
           not perfect (0 tracking, 4 holistic, 0 pooling signallers)
             S0: general(G0,G1,G2,G3) [nonlinear] (kind=general, depends on [0, 1, 2, 3])
             S1: general(G0,G1,G2,G3) [nonlinear] (kind=general, depends on [0, 1, 2, 3])
             S2: general(G0,G1,G2,G3) [nonlinear] (kind=general, depends on [0, 1, 2, 3])
             S3: general(G0,G1,G2,G3) [nonlinear] (kind=general, depends on [0, 1, 2, 3])
             entropy reduction per guesser (out of 1.0): G0=0.88, G1=0.70, G2=0.70, G3=0.88
             ex1: items(G0=CAT, G1=DOG, G2=DOG, G3=DOG) -> lights(S0=ON, S1=OFF, S2=OFF, S3=OFF) -> guesses(G0=CATok, G1=DOGok, G2=DOGok, G3=DOGok)  R=1.00
             ex2: items(G0=CAT, G1=DOG, G2=CAT, G3=DOG) -> lights(S0=ON, S1=ON, S2=OFF, S3=OFF) -> guesses(G0=CATok, G1=DOGok, G2=CATok, G3=DOGok)  R=1.00
             ex3: items(G0=CAT, G1=DOG, G2=CAT, G3=DOG) -> lights(S0=ON, S1=ON, S2=OFF, S3=OFF) -> guesses(G0=CATok, G1=DOGok, G2=CATok, G3=DOGok)  R=1.00
             ex4: items(G0=DOG, G1=CAT, G2=CAT, G3=CAT) -> lights(S0=OFF, S1=ON, S2=ON, S3=ON) -> guesses(G0=CATXX, G1=CATok, G2=CATok, G3=CATok)  R=0.75
             ex5: items(G0=CAT, G1=CAT, G2=CAT, G3=CAT) -> lights(S0=ON, S1=ON, S2=ON, S3=ON) -> guesses(G0=CATok, G1=CATok, G2=CATok, G3=CATok)  R=1.00

  seed  6  R=0.938  [exploiting joint channel (0.938)]  (27.9s)
           not perfect (2 tracking, 2 holistic, 0 pooling signallers)
             S0: general(G0,G1,G2,G3) [nonlinear] (kind=general, depends on [0, 1, 2, 3])
             S1: track NOT G1                     (kind=dictator, depends on [1])
             S2: general(G0,G1,G2,G3) [nonlinear] (kind=general, depends on [0, 1, 2, 3])
             S3: track NOT G3                     (kind=dictator, depends on [3])
             entropy reduction per guesser (out of 1.0): G0=0.62, G1=1.00, G2=1.00, G3=1.00
             ex1: items(G0=DOG, G1=DOG, G2=DOG, G3=CAT) -> lights(S0=OFF, S1=OFF, S2=ON, S3=ON) -> guesses(G0=DOGok, G1=DOGok, G2=DOGok, G3=CATok)  R=1.00
             ex2: items(G0=DOG, G1=DOG, G2=DOG, G3=DOG) -> lights(S0=OFF, S1=OFF, S2=ON, S3=OFF) -> guesses(G0=DOGok, G1=DOGok, G2=DOGok, G3=DOGok)  R=1.00
             ex3: items(G0=DOG, G1=DOG, G2=DOG, G3=DOG) -> lights(S0=OFF, S1=OFF, S2=ON, S3=OFF) -> guesses(G0=DOGok, G1=DOGok, G2=DOGok, G3=DOGok)  R=1.00
             ex4: items(G0=DOG, G1=DOG, G2=DOG, G3=DOG) -> lights(S0=OFF, S1=OFF, S2=ON, S3=OFF) -> guesses(G0=DOGok, G1=DOGok, G2=DOGok, G3=DOGok)  R=1.00
             ex5: items(G0=DOG, G1=DOG, G2=DOG, G3=CAT) -> lights(S0=OFF, S1=OFF, S2=ON, S3=ON) -> guesses(G0=DOGok, G1=DOGok, G2=DOGok, G3=CATok)  R=1.00

  seed  7  R=0.906  [exploiting joint channel (0.906)]  (28.2s)
           not perfect (2 tracking, 2 holistic, 0 pooling signallers)
             S0: track G2                         (kind=dictator, depends on [2])
             S1: general(G0,G1,G2,G3) [nonlinear] (kind=general, depends on [0, 1, 2, 3])
             S2: general(G0,G1,G2,G3) [nonlinear] (kind=general, depends on [0, 1, 2, 3])
             S3: track NOT G0                     (kind=dictator, depends on [0])
             entropy reduction per guesser (out of 1.0): G0=1.00, G1=0.58, G2=1.00, G3=0.58
             ex1: items(G0=CAT, G1=CAT, G2=DOG, G3=CAT) -> lights(S0=ON, S1=OFF, S2=ON, S3=ON) -> guesses(G0=CATok, G1=DOGXX, G2=DOGok, G3=CATok)  R=0.75
             ex2: items(G0=DOG, G1=CAT, G2=CAT, G3=DOG) -> lights(S0=OFF, S1=ON, S2=OFF, S3=OFF) -> guesses(G0=DOGok, G1=DOGXX, G2=CATok, G3=DOGok)  R=0.75
             ex3: items(G0=CAT, G1=DOG, G2=DOG, G3=CAT) -> lights(S0=ON, S1=OFF, S2=ON, S3=ON) -> guesses(G0=CATok, G1=DOGok, G2=DOGok, G3=CATok)  R=1.00
             ex4: items(G0=CAT, G1=CAT, G2=DOG, G3=DOG) -> lights(S0=ON, S1=ON, S2=ON, S3=ON) -> guesses(G0=CATok, G1=CATok, G2=DOGok, G3=DOGok)  R=1.00
             ex5: items(G0=CAT, G1=CAT, G2=CAT, G3=DOG) -> lights(S0=OFF, S1=OFF, S2=ON, S3=ON) -> guesses(G0=CATok, G1=CATok, G2=CATok, G3=CATXX)  R=0.75

  seed  8  R=0.859  [exploiting joint channel (0.859)]  (28.0s)
           not perfect (1 tracking, 3 holistic, 0 pooling signallers)
             S0: track G0                         (kind=dictator, depends on [0])
             S1: general(G0,G1,G2,G3) [nonlinear] (kind=general, depends on [0, 1, 2, 3])
             S2: general(G0,G1,G2,G3) [nonlinear] (kind=general, depends on [0, 1, 2, 3])
             S3: general(G0,G1,G2,G3) [nonlinear] (kind=general, depends on [0, 1, 2, 3])
             entropy reduction per guesser (out of 1.0): G0=1.00, G1=0.62, G2=0.55, G3=0.50
             ex1: items(G0=CAT, G1=CAT, G2=DOG, G3=CAT) -> lights(S0=OFF, S1=OFF, S2=OFF, S3=OFF) -> guesses(G0=CATok, G1=DOGXX, G2=DOGok, G3=CATok)  R=0.75
             ex2: items(G0=DOG, G1=DOG, G2=DOG, G3=DOG) -> lights(S0=ON, S1=OFF, S2=ON, S3=ON) -> guesses(G0=DOGok, G1=DOGok, G2=DOGok, G3=DOGok)  R=1.00
             ex3: items(G0=CAT, G1=CAT, G2=CAT, G3=DOG) -> lights(S0=OFF, S1=ON, S2=ON, S3=OFF) -> guesses(G0=CATok, G1=CATok, G2=CATok, G3=DOGok)  R=1.00
             ex4: items(G0=DOG, G1=DOG, G2=CAT, G3=CAT) -> lights(S0=ON, S1=ON, S2=OFF, S3=ON) -> guesses(G0=DOGok, G1=CATXX, G2=CATok, G3=CATok)  R=0.75
             ex5: items(G0=DOG, G1=DOG, G2=CAT, G3=CAT) -> lights(S0=ON, S1=ON, S2=OFF, S3=ON) -> guesses(G0=DOGok, G1=CATXX, G2=CATok, G3=CATok)  R=0.75

  seed  9  R=0.984  [exploiting joint channel (0.984)]  (28.1s)
           not perfect (2 tracking, 2 holistic, 0 pooling signallers)
             S0: general(G0,G1,G2,G3) [nonlinear] (kind=general, depends on [0, 1, 2, 3])
             S1: general(G0,G1,G2,G3) [nonlinear] (kind=general, depends on [0, 1, 2, 3])
             S2: track NOT G3                     (kind=dictator, depends on [3])
             S3: track NOT G2                     (kind=dictator, depends on [2])
             entropy reduction per guesser (out of 1.0): G0=0.88, G1=1.00, G2=1.00, G3=1.00
             ex1: items(G0=DOG, G1=CAT, G2=DOG, G3=CAT) -> lights(S0=ON, S1=OFF, S2=ON, S3=OFF) -> guesses(G0=DOGok, G1=CATok, G2=DOGok, G3=CATok)  R=1.00
             ex2: items(G0=DOG, G1=CAT, G2=DOG, G3=DOG) -> lights(S0=ON, S1=OFF, S2=OFF, S3=OFF) -> guesses(G0=DOGok, G1=CATok, G2=DOGok, G3=DOGok)  R=1.00
             ex3: items(G0=DOG, G1=CAT, G2=CAT, G3=DOG) -> lights(S0=ON, S1=OFF, S2=OFF, S3=ON) -> guesses(G0=DOGok, G1=CATok, G2=CATok, G3=DOGok)  R=1.00
             ex4: items(G0=CAT, G1=DOG, G2=DOG, G3=CAT) -> lights(S0=OFF, S1=ON, S2=ON, S3=OFF) -> guesses(G0=CATok, G1=DOGok, G2=DOGok, G3=CATok)  R=1.00
             ex5: items(G0=CAT, G1=DOG, G2=CAT, G3=CAT) -> lights(S0=OFF, S1=ON, S2=ON, S3=ON) -> guesses(G0=CATok, G1=DOGok, G2=CATok, G3=CATok)  R=1.00

  seed 10  R=0.922  [exploiting joint channel (0.922)]  (28.2s)
           not perfect (1 tracking, 3 holistic, 0 pooling signallers)
             S0: track NOT G3                     (kind=dictator, depends on [3])
             S1: general(G0,G1,G2,G3) [nonlinear] (kind=general, depends on [0, 1, 2, 3])
             S2: general(G0,G1,G2,G3) [nonlinear] (kind=general, depends on [0, 1, 2, 3])
             S3: general(G0,G1,G2,G3) [nonlinear] (kind=general, depends on [0, 1, 2, 3])
             entropy reduction per guesser (out of 1.0): G0=0.83, G1=0.45, G2=1.00, G3=1.00
             ex1: items(G0=DOG, G1=DOG, G2=DOG, G3=CAT) -> lights(S0=ON, S1=OFF, S2=ON, S3=ON) -> guesses(G0=DOGok, G1=DOGok, G2=DOGok, G3=CATok)  R=1.00
             ex2: items(G0=CAT, G1=DOG, G2=DOG, G3=CAT) -> lights(S0=ON, S1=ON, S2=ON, S3=ON) -> guesses(G0=CATok, G1=CATXX, G2=DOGok, G3=CATok)  R=0.75
             ex3: items(G0=CAT, G1=CAT, G2=CAT, G3=CAT) -> lights(S0=ON, S1=ON, S2=ON, S3=OFF) -> guesses(G0=CATok, G1=CATok, G2=CATok, G3=CATok)  R=1.00
             ex4: items(G0=CAT, G1=DOG, G2=CAT, G3=DOG) -> lights(S0=OFF, S1=ON, S2=OFF, S3=OFF) -> guesses(G0=CATok, G1=DOGok, G2=CATok, G3=DOGok)  R=1.00
             ex5: items(G0=CAT, G1=CAT, G2=DOG, G3=DOG) -> lights(S0=OFF, S1=ON, S2=ON, S3=ON) -> guesses(G0=CATok, G1=CATok, G2=DOGok, G3=DOGok)  R=1.00

  seed 11  R=0.891  [exploiting joint channel (0.891)]  (28.1s)
           not perfect (1 tracking, 3 holistic, 0 pooling signallers)
             S0: general(G0,G1,G2,G3) [nonlinear] (kind=general, depends on [0, 1, 2, 3])
             S1: track NOT G0                     (kind=dictator, depends on [0])
             S2: general(G0,G1,G2,G3) [nonlinear] (kind=general, depends on [0, 1, 2, 3])
             S3: general(G0,G1,G2,G3) [nonlinear] (kind=general, depends on [0, 1, 2, 3])
             entropy reduction per guesser (out of 1.0): G0=1.00, G1=0.45, G2=0.88, G3=0.83
             ex1: items(G0=DOG, G1=CAT, G2=CAT, G3=DOG) -> lights(S0=ON, S1=OFF, S2=ON, S3=ON) -> guesses(G0=DOGok, G1=CATok, G2=CATok, G3=CATXX)  R=0.75
             ex2: items(G0=CAT, G1=DOG, G2=CAT, G3=CAT) -> lights(S0=ON, S1=ON, S2=ON, S3=ON) -> guesses(G0=CATok, G1=CATXX, G2=CATok, G3=CATok)  R=0.75
             ex3: items(G0=CAT, G1=CAT, G2=CAT, G3=CAT) -> lights(S0=ON, S1=ON, S2=ON, S3=ON) -> guesses(G0=CATok, G1=CATok, G2=CATok, G3=CATok)  R=1.00
             ex4: items(G0=CAT, G1=DOG, G2=DOG, G3=CAT) -> lights(S0=ON, S1=ON, S2=ON, S3=OFF) -> guesses(G0=CATok, G1=CATXX, G2=DOGok, G3=CATok)  R=0.75
             ex5: items(G0=CAT, G1=DOG, G2=DOG, G3=DOG) -> lights(S0=OFF, S1=ON, S2=OFF, S3=ON) -> guesses(G0=CATok, G1=DOGok, G2=CATXX, G3=DOGok)  R=0.75

  seed 12  R=0.969  [exploiting joint channel (0.969)]  (28.3s)
           not perfect (2 tracking, 2 holistic, 0 pooling signallers)
             S0: track NOT G0                     (kind=dictator, depends on [0])
             S1: track NOT G2                     (kind=dictator, depends on [2])
             S2: general(G0,G1,G2,G3) [nonlinear] (kind=general, depends on [0, 1, 2, 3])
             S3: general(G0,G1,G2,G3) [nonlinear] (kind=general, depends on [0, 1, 2, 3])
             entropy reduction per guesser (out of 1.0): G0=1.00, G1=1.00, G2=1.00, G3=0.88
             ex1: items(G0=DOG, G1=CAT, G2=DOG, G3=DOG) -> lights(S0=OFF, S1=OFF, S2=ON, S3=ON) -> guesses(G0=DOGok, G1=CATok, G2=DOGok, G3=DOGok)  R=1.00
             ex2: items(G0=DOG, G1=CAT, G2=CAT, G3=DOG) -> lights(S0=OFF, S1=ON, S2=ON, S3=ON) -> guesses(G0=DOGok, G1=CATok, G2=CATok, G3=DOGok)  R=1.00
             ex3: items(G0=DOG, G1=CAT, G2=DOG, G3=DOG) -> lights(S0=OFF, S1=OFF, S2=ON, S3=ON) -> guesses(G0=DOGok, G1=CATok, G2=DOGok, G3=DOGok)  R=1.00
             ex4: items(G0=CAT, G1=DOG, G2=DOG, G3=CAT) -> lights(S0=ON, S1=OFF, S2=ON, S3=OFF) -> guesses(G0=CATok, G1=DOGok, G2=DOGok, G3=CATok)  R=1.00
             ex5: items(G0=DOG, G1=DOG, G2=DOG, G3=CAT) -> lights(S0=OFF, S1=OFF, S2=OFF, S3=OFF) -> guesses(G0=DOGok, G1=DOGok, G2=DOGok, G3=CATok)  R=1.00

  seed 13  R=0.953  [exploiting joint channel (0.953)]  (27.6s)
           not perfect (1 tracking, 3 holistic, 0 pooling signallers)
             S0: track G0                         (kind=dictator, depends on [0])
             S1: general(G0,G1,G2,G3) [nonlinear] (kind=general, depends on [0, 1, 2, 3])
             S2: general(G1,G2,G3) [nonlinear]    (kind=general, depends on [1, 2, 3])
             S3: general(G0,G1,G2,G3) [nonlinear] (kind=general, depends on [0, 1, 2, 3])
             entropy reduction per guesser (out of 1.0): G0=1.00, G1=0.75, G2=0.88, G3=1.00
             ex1: items(G0=CAT, G1=DOG, G2=CAT, G3=DOG) -> lights(S0=OFF, S1=ON, S2=ON, S3=ON) -> guesses(G0=CATok, G1=DOGok, G2=CATok, G3=DOGok)  R=1.00
             ex2: items(G0=CAT, G1=CAT, G2=CAT, G3=CAT) -> lights(S0=OFF, S1=OFF, S2=ON, S3=OFF) -> guesses(G0=CATok, G1=CATok, G2=CATok, G3=CATok)  R=1.00
             ex3: items(G0=DOG, G1=CAT, G2=DOG, G3=DOG) -> lights(S0=ON, S1=ON, S2=OFF, S3=OFF) -> guesses(G0=DOGok, G1=CATok, G2=DOGok, G3=DOGok)  R=1.00
             ex4: items(G0=CAT, G1=DOG, G2=DOG, G3=CAT) -> lights(S0=OFF, S1=OFF, S2=OFF, S3=ON) -> guesses(G0=CATok, G1=DOGok, G2=DOGok, G3=CATok)  R=1.00
             ex5: items(G0=DOG, G1=CAT, G2=DOG, G3=CAT) -> lights(S0=ON, S1=OFF, S2=ON, S3=OFF) -> guesses(G0=DOGok, G1=CATok, G2=DOGok, G3=CATok)  R=1.00

  seed 14  R=0.844  [exploiting joint channel (0.844)]  (27.8s)
           not perfect (0 tracking, 4 holistic, 0 pooling signallers)
             S0: general(G0,G1,G2,G3) [nonlinear] (kind=general, depends on [0, 1, 2, 3])
             S1: general(G0,G1,G2,G3) [nonlinear] (kind=general, depends on [0, 1, 2, 3])
             S2: general(G0,G1,G2,G3) [nonlinear] (kind=general, depends on [0, 1, 2, 3])
             S3: general(G0,G1,G2,G3) [nonlinear] (kind=general, depends on [0, 1, 2, 3])
             entropy reduction per guesser (out of 1.0): G0=0.41, G1=0.83, G2=0.83, G3=0.58
             ex1: items(G0=DOG, G1=DOG, G2=DOG, G3=DOG) -> lights(S0=ON, S1=OFF, S2=ON, S3=ON) -> guesses(G0=DOGok, G1=DOGok, G2=DOGok, G3=DOGok)  R=1.00
             ex2: items(G0=CAT, G1=CAT, G2=DOG, G3=CAT) -> lights(S0=OFF, S1=ON, S2=OFF, S3=OFF) -> guesses(G0=CATok, G1=CATok, G2=CATXX, G3=CATok)  R=0.75
             ex3: items(G0=DOG, G1=DOG, G2=DOG, G3=DOG) -> lights(S0=ON, S1=OFF, S2=ON, S3=ON) -> guesses(G0=DOGok, G1=DOGok, G2=DOGok, G3=DOGok)  R=1.00
             ex4: items(G0=CAT, G1=DOG, G2=DOG, G3=DOG) -> lights(S0=ON, S1=ON, S2=ON, S3=ON) -> guesses(G0=CATok, G1=DOGok, G2=DOGok, G3=CATXX)  R=0.75
             ex5: items(G0=DOG, G1=CAT, G2=CAT, G3=DOG) -> lights(S0=OFF, S1=OFF, S2=OFF, S3=OFF) -> guesses(G0=DOGok, G1=CATok, G2=CATok, G3=DOGok)  R=1.00

  seed 15  R=0.812  [exploiting joint channel (0.812)]  (27.7s)
           not perfect (0 tracking, 4 holistic, 0 pooling signallers)
             S0: general(G0,G1,G2,G3) [nonlinear] (kind=general, depends on [0, 1, 2, 3])
             S1: general(G0,G2,G3) [nonlinear]    (kind=general, depends on [0, 2, 3])
             S2: general(G0,G2,G3) [nonlinear]    (kind=general, depends on [0, 2, 3])
             S3: general(G0,G1,G2,G3) [nonlinear] (kind=general, depends on [0, 1, 2, 3])
             entropy reduction per guesser (out of 1.0): G0=0.42, G1=1.00, G2=0.25, G3=0.25
             ex1: items(G0=CAT, G1=DOG, G2=DOG, G3=DOG) -> lights(S0=ON, S1=OFF, S2=OFF, S3=ON) -> guesses(G0=DOGXX, G1=DOGok, G2=DOGok, G3=DOGok)  R=0.75
             ex2: items(G0=DOG, G1=CAT, G2=CAT, G3=DOG) -> lights(S0=OFF, S1=OFF, S2=OFF, S3=OFF) -> guesses(G0=DOGok, G1=CATok, G2=DOGXX, G3=DOGok)  R=0.75
             ex3: items(G0=CAT, G1=DOG, G2=CAT, G3=CAT) -> lights(S0=ON, S1=ON, S2=ON, S3=ON) -> guesses(G0=CATok, G1=DOGok, G2=CATok, G3=CATok)  R=1.00
             ex4: items(G0=DOG, G1=CAT, G2=CAT, G3=CAT) -> lights(S0=OFF, S1=ON, S2=ON, S3=OFF) -> guesses(G0=CATXX, G1=CATok, G2=CATok, G3=CATok)  R=0.75
             ex5: items(G0=CAT, G1=CAT, G2=DOG, G3=CAT) -> lights(S0=OFF, S1=ON, S2=ON, S3=OFF) -> guesses(G0=CATok, G1=CATok, G2=CATXX, G3=CATok)  R=0.75

  seed 16  R=0.969  [exploiting joint channel (0.969)]  (27.7s)
           not perfect (1 tracking, 3 holistic, 0 pooling signallers)
             S0: general(G0,G1,G2,G3) [nonlinear] (kind=general, depends on [0, 1, 2, 3])
             S1: track NOT G0                     (kind=dictator, depends on [0])
             S2: general(G0,G1,G2,G3) [nonlinear] (kind=general, depends on [0, 1, 2, 3])
             S3: general(G0,G1,G2,G3) [nonlinear] (kind=general, depends on [0, 1, 2, 3])
             entropy reduction per guesser (out of 1.0): G0=1.00, G1=0.75, G2=1.00, G3=1.00
             ex1: items(G0=CAT, G1=CAT, G2=CAT, G3=DOG) -> lights(S0=ON, S1=ON, S2=OFF, S3=OFF) -> guesses(G0=CATok, G1=DOGXX, G2=CATok, G3=DOGok)  R=0.75
             ex2: items(G0=DOG, G1=CAT, G2=DOG, G3=DOG) -> lights(S0=OFF, S1=OFF, S2=OFF, S3=ON) -> guesses(G0=DOGok, G1=CATok, G2=DOGok, G3=DOGok)  R=1.00
             ex3: items(G0=CAT, G1=CAT, G2=DOG, G3=CAT) -> lights(S0=OFF, S1=ON, S2=ON, S3=ON) -> guesses(G0=CATok, G1=CATok, G2=DOGok, G3=CATok)  R=1.00
             ex4: items(G0=CAT, G1=CAT, G2=CAT, G3=CAT) -> lights(S0=ON, S1=ON, S2=OFF, S3=ON) -> guesses(G0=CATok, G1=CATok, G2=CATok, G3=CATok)  R=1.00
             ex5: items(G0=DOG, G1=DOG, G2=DOG, G3=DOG) -> lights(S0=OFF, S1=OFF, S2=ON, S3=OFF) -> guesses(G0=DOGok, G1=DOGok, G2=DOGok, G3=DOGok)  R=1.00

  seed 17  R=0.969  [exploiting joint channel (0.969)]  (27.7s)
           not perfect (3 tracking, 1 holistic, 0 pooling signallers)
             S0: track NOT G2                     (kind=dictator, depends on [2])
             S1: general(G0,G1,G2,G3) [nonlinear] (kind=general, depends on [0, 1, 2, 3])
             S2: track NOT G0                     (kind=dictator, depends on [0])
             S3: track NOT G1                     (kind=dictator, depends on [1])
             entropy reduction per guesser (out of 1.0): G0=1.00, G1=1.00, G2=1.00, G3=0.75
             ex1: items(G0=CAT, G1=CAT, G2=DOG, G3=DOG) -> lights(S0=OFF, S1=ON, S2=ON, S3=ON) -> guesses(G0=CATok, G1=CATok, G2=DOGok, G3=CATXX)  R=0.75
             ex2: items(G0=CAT, G1=CAT, G2=CAT, G3=DOG) -> lights(S0=ON, S1=OFF, S2=ON, S3=ON) -> guesses(G0=CATok, G1=CATok, G2=CATok, G3=DOGok)  R=1.00
             ex3: items(G0=DOG, G1=CAT, G2=DOG, G3=CAT) -> lights(S0=OFF, S1=ON, S2=OFF, S3=ON) -> guesses(G0=DOGok, G1=CATok, G2=DOGok, G3=CATok)  R=1.00
             ex4: items(G0=DOG, G1=DOG, G2=DOG, G3=CAT) -> lights(S0=OFF, S1=ON, S2=OFF, S3=OFF) -> guesses(G0=DOGok, G1=DOGok, G2=DOGok, G3=CATok)  R=1.00
             ex5: items(G0=CAT, G1=DOG, G2=DOG, G3=DOG) -> lights(S0=OFF, S1=OFF, S2=ON, S3=OFF) -> guesses(G0=CATok, G1=DOGok, G2=DOGok, G3=DOGok)  R=1.00

  seed 18  R=0.922  [exploiting joint channel (0.922)]  (27.5s)
           not perfect (2 tracking, 2 holistic, 0 pooling signallers)
             S0: general(G1,G2,G3) [nonlinear]    (kind=general, depends on [1, 2, 3])
             S1: track NOT G3                     (kind=dictator, depends on [3])
             S2: general(G0,G1,G2,G3) [nonlinear] (kind=general, depends on [0, 1, 2, 3])
             S3: track G0                         (kind=dictator, depends on [0])
             entropy reduction per guesser (out of 1.0): G0=1.00, G1=0.88, G2=0.50, G3=1.00
             ex1: items(G0=DOG, G1=DOG, G2=CAT, G3=DOG) -> lights(S0=ON, S1=OFF, S2=ON, S3=ON) -> guesses(G0=DOGok, G1=DOGok, G2=CATok, G3=DOGok)  R=1.00
             ex2: items(G0=CAT, G1=CAT, G2=DOG, G3=CAT) -> lights(S0=OFF, S1=ON, S2=OFF, S3=OFF) -> guesses(G0=CATok, G1=CATok, G2=CATXX, G3=CATok)  R=0.75
             ex3: items(G0=DOG, G1=DOG, G2=DOG, G3=DOG) -> lights(S0=OFF, S1=OFF, S2=ON, S3=ON) -> guesses(G0=DOGok, G1=DOGok, G2=DOGok, G3=DOGok)  R=1.00
             ex4: items(G0=CAT, G1=DOG, G2=DOG, G3=DOG) -> lights(S0=OFF, S1=OFF, S2=ON, S3=OFF) -> guesses(G0=CATok, G1=DOGok, G2=DOGok, G3=DOGok)  R=1.00
             ex5: items(G0=CAT, G1=DOG, G2=DOG, G3=CAT) -> lights(S0=ON, S1=ON, S2=ON, S3=OFF) -> guesses(G0=CATok, G1=DOGok, G2=CATXX, G3=CATok)  R=0.75

  seed 19  R=0.922  [exploiting joint channel (0.922)]  (27.3s)
           not perfect (3 tracking, 1 holistic, 0 pooling signallers)
             S0: track G2                         (kind=dictator, depends on [2])
             S1: track G1                         (kind=dictator, depends on [1])
             S2: track G3                         (kind=dictator, depends on [3])
             S3: general(G0,G1,G2,G3) [nonlinear] (kind=general, depends on [0, 1, 2, 3])
             entropy reduction per guesser (out of 1.0): G0=0.38, G1=1.00, G2=1.00, G3=1.00
             ex1: items(G0=CAT, G1=CAT, G2=CAT, G3=CAT) -> lights(S0=OFF, S1=OFF, S2=OFF, S3=OFF) -> guesses(G0=DOGXX, G1=CATok, G2=CATok, G3=CATok)  R=0.75
             ex2: items(G0=DOG, G1=DOG, G2=DOG, G3=DOG) -> lights(S0=ON, S1=ON, S2=ON, S3=ON) -> guesses(G0=DOGok, G1=DOGok, G2=DOGok, G3=DOGok)  R=1.00
             ex3: items(G0=CAT, G1=CAT, G2=CAT, G3=DOG) -> lights(S0=OFF, S1=OFF, S2=ON, S3=ON) -> guesses(G0=CATok, G1=CATok, G2=CATok, G3=DOGok)  R=1.00
             ex4: items(G0=DOG, G1=DOG, G2=DOG, G3=DOG) -> lights(S0=ON, S1=ON, S2=ON, S3=ON) -> guesses(G0=DOGok, G1=DOGok, G2=DOGok, G3=DOGok)  R=1.00
             ex5: items(G0=DOG, G1=DOG, G2=DOG, G3=CAT) -> lights(S0=ON, S1=ON, S2=OFF, S3=OFF) -> guesses(G0=DOGok, G1=DOGok, G2=DOGok, G3=CATok)  R=1.00

  seed 20  R=0.922  [exploiting joint channel (0.922)]  (27.5s)
           not perfect (1 tracking, 3 holistic, 0 pooling signallers)
             S0: track NOT G3                     (kind=dictator, depends on [3])
             S1: general(G0,G1,G2,G3) [nonlinear] (kind=general, depends on [0, 1, 2, 3])
             S2: general(G0,G1,G2,G3) [nonlinear] (kind=general, depends on [0, 1, 2, 3])
             S3: general(G0,G1,G2,G3) [nonlinear] (kind=general, depends on [0, 1, 2, 3])
             entropy reduction per guesser (out of 1.0): G0=0.88, G1=0.58, G2=0.83, G3=1.00
             ex1: items(G0=DOG, G1=DOG, G2=DOG, G3=DOG) -> lights(S0=OFF, S1=OFF, S2=OFF, S3=ON) -> guesses(G0=DOGok, G1=DOGok, G2=DOGok, G3=DOGok)  R=1.00
             ex2: items(G0=DOG, G1=CAT, G2=DOG, G3=CAT) -> lights(S0=ON, S1=OFF, S2=ON, S3=ON) -> guesses(G0=DOGok, G1=CATok, G2=CATXX, G3=CATok)  R=0.75
             ex3: items(G0=DOG, G1=DOG, G2=CAT, G3=CAT) -> lights(S0=ON, S1=OFF, S2=ON, S3=ON) -> guesses(G0=DOGok, G1=CATXX, G2=CATok, G3=CATok)  R=0.75
             ex4: items(G0=CAT, G1=DOG, G2=CAT, G3=CAT) -> lights(S0=ON, S1=ON, S2=ON, S3=OFF) -> guesses(G0=CATok, G1=DOGok, G2=CATok, G3=CATok)  R=1.00
             ex5: items(G0=DOG, G1=CAT, G2=CAT, G3=CAT) -> lights(S0=ON, S1=OFF, S2=ON, S3=ON) -> guesses(G0=DOGok, G1=CATok, G2=CATok, G3=CATok)  R=1.00

  seed 21  R=0.922  [exploiting joint channel (0.922)]  (27.3s)
           not perfect (1 tracking, 3 holistic, 0 pooling signallers)
             S0: track G0                         (kind=dictator, depends on [0])
             S1: general(G0,G1,G2,G3) [nonlinear] (kind=general, depends on [0, 1, 2, 3])
             S2: general(G0,G1,G2,G3) [nonlinear] (kind=general, depends on [0, 1, 2, 3])
             S3: general(G0,G1,G2,G3) [nonlinear] (kind=general, depends on [0, 1, 2, 3])
             entropy reduction per guesser (out of 1.0): G0=1.00, G1=0.58, G2=0.83, G3=0.88
             ex1: items(G0=DOG, G1=DOG, G2=CAT, G3=DOG) -> lights(S0=ON, S1=ON, S2=ON, S3=ON) -> guesses(G0=DOGok, G1=DOGok, G2=CATok, G3=DOGok)  R=1.00
             ex2: items(G0=DOG, G1=DOG, G2=DOG, G3=DOG) -> lights(S0=ON, S1=ON, S2=ON, S3=OFF) -> guesses(G0=DOGok, G1=DOGok, G2=DOGok, G3=DOGok)  R=1.00
             ex3: items(G0=DOG, G1=CAT, G2=CAT, G3=DOG) -> lights(S0=ON, S1=ON, S2=OFF, S3=ON) -> guesses(G0=DOGok, G1=CATok, G2=CATok, G3=CATXX)  R=0.75
             ex4: items(G0=DOG, G1=CAT, G2=CAT, G3=DOG) -> lights(S0=ON, S1=ON, S2=OFF, S3=ON) -> guesses(G0=DOGok, G1=CATok, G2=CATok, G3=CATXX)  R=0.75
             ex5: items(G0=CAT, G1=DOG, G2=CAT, G3=CAT) -> lights(S0=OFF, S1=OFF, S2=OFF, S3=ON) -> guesses(G0=CATok, G1=CATXX, G2=CATok, G3=CATok)  R=0.75

  seed 22  R=0.906  [exploiting joint channel (0.906)]  (27.7s)
           not perfect (1 tracking, 3 holistic, 0 pooling signallers)
             S0: general(G0,G1,G2) [nonlinear]    (kind=general, depends on [0, 1, 2])
             S1: general(G1,G2,G3) [nonlinear]    (kind=general, depends on [1, 2, 3])
             S2: general(G0,G1,G2,G3) [nonlinear] (kind=general, depends on [0, 1, 2, 3])
             S3: track NOT G0                     (kind=dictator, depends on [0])
             entropy reduction per guesser (out of 1.0): G0=1.00, G1=0.83, G2=0.70, G3=0.53
             ex1: items(G0=DOG, G1=DOG, G2=CAT, G3=DOG) -> lights(S0=OFF, S1=OFF, S2=OFF, S3=OFF) -> guesses(G0=DOGok, G1=DOGok, G2=DOGXX, G3=DOGok)  R=0.75
             ex2: items(G0=CAT, G1=CAT, G2=DOG, G3=CAT) -> lights(S0=ON, S1=ON, S2=ON, S3=ON) -> guesses(G0=CATok, G1=CATok, G2=DOGok, G3=CATok)  R=1.00
             ex3: items(G0=DOG, G1=CAT, G2=CAT, G3=CAT) -> lights(S0=ON, S1=ON, S2=OFF, S3=OFF) -> guesses(G0=DOGok, G1=CATok, G2=CATok, G3=CATok)  R=1.00
             ex4: items(G0=CAT, G1=DOG, G2=DOG, G3=CAT) -> lights(S0=OFF, S1=OFF, S2=ON, S3=ON) -> guesses(G0=CATok, G1=DOGok, G2=DOGok, G3=CATok)  R=1.00
             ex5: items(G0=DOG, G1=CAT, G2=CAT, G3=DOG) -> lights(S0=ON, S1=ON, S2=OFF, S3=OFF) -> guesses(G0=DOGok, G1=CATok, G2=CATok, G3=CATXX)  R=0.75

  seed 23  R=0.891  [exploiting joint channel (0.891)]  (27.3s)
           not perfect (2 tracking, 2 holistic, 0 pooling signallers)
             S0: track NOT G1                     (kind=dictator, depends on [1])
             S1: track G2                         (kind=dictator, depends on [2])
             S2: general(G0,G1,G3) [nonlinear]    (kind=general, depends on [0, 1, 3])
             S3: general(G0,G1,G2,G3) [nonlinear] (kind=general, depends on [0, 1, 2, 3])
             entropy reduction per guesser (out of 1.0): G0=0.66, G1=1.00, G2=1.00, G3=0.53
             ex1: items(G0=CAT, G1=DOG, G2=DOG, G3=CAT) -> lights(S0=OFF, S1=ON, S2=OFF, S3=OFF) -> guesses(G0=CATok, G1=DOGok, G2=DOGok, G3=CATok)  R=1.00
             ex2: items(G0=CAT, G1=CAT, G2=DOG, G3=DOG) -> lights(S0=ON, S1=ON, S2=OFF, S3=ON) -> guesses(G0=CATok, G1=CATok, G2=DOGok, G3=DOGok)  R=1.00
             ex3: items(G0=DOG, G1=CAT, G2=DOG, G3=DOG) -> lights(S0=ON, S1=ON, S2=ON, S3=ON) -> guesses(G0=DOGok, G1=CATok, G2=DOGok, G3=DOGok)  R=1.00
             ex4: items(G0=DOG, G1=CAT, G2=DOG, G3=DOG) -> lights(S0=ON, S1=ON, S2=ON, S3=ON) -> guesses(G0=DOGok, G1=CATok, G2=DOGok, G3=DOGok)  R=1.00
             ex5: items(G0=DOG, G1=CAT, G2=DOG, G3=DOG) -> lights(S0=ON, S1=ON, S2=ON, S3=ON) -> guesses(G0=DOGok, G1=CATok, G2=DOGok, G3=DOGok)  R=1.00

  seed 24  R=1.000  [perfect (complementary conventions)]  (27.2s)
           PERFECT pure-tracking (fully compositional: every light = one guesser's item)
             S0: track NOT G3                     (kind=dictator, depends on [3])
             S1: track G2                         (kind=dictator, depends on [2])
             S2: track NOT G0                     (kind=dictator, depends on [0])
             S3: track G1                         (kind=dictator, depends on [1])
             entropy reduction per guesser (out of 1.0): G0=1.00, G1=1.00, G2=1.00, G3=1.00
             ex1: items(G0=CAT, G1=DOG, G2=CAT, G3=CAT) -> lights(S0=ON, S1=OFF, S2=ON, S3=ON) -> guesses(G0=CATok, G1=DOGok, G2=CATok, G3=CATok)  R=1.00
             ex2: items(G0=DOG, G1=CAT, G2=DOG, G3=CAT) -> lights(S0=ON, S1=ON, S2=OFF, S3=OFF) -> guesses(G0=DOGok, G1=CATok, G2=DOGok, G3=CATok)  R=1.00
             ex3: items(G0=CAT, G1=DOG, G2=CAT, G3=DOG) -> lights(S0=OFF, S1=OFF, S2=ON, S3=ON) -> guesses(G0=CATok, G1=DOGok, G2=CATok, G3=DOGok)  R=1.00
             ex4: items(G0=CAT, G1=DOG, G2=DOG, G3=CAT) -> lights(S0=ON, S1=ON, S2=ON, S3=ON) -> guesses(G0=CATok, G1=DOGok, G2=DOGok, G3=CATok)  R=1.00
             ex5: items(G0=CAT, G1=DOG, G2=CAT, G3=CAT) -> lights(S0=ON, S1=OFF, S2=ON, S3=ON) -> guesses(G0=CATok, G1=DOGok, G2=CATok, G3=CATok)  R=1.00

  seed 25  R=0.938  [exploiting joint channel (0.938)]  (27.1s)
           not perfect (1 tracking, 3 holistic, 0 pooling signallers)
             S0: general(G1,G2,G3) [nonlinear]    (kind=general, depends on [1, 2, 3])
             S1: general(G0,G1,G2,G3) [nonlinear] (kind=general, depends on [0, 1, 2, 3])
             S2: track G1                         (kind=dictator, depends on [1])
             S3: general(G0,G1,G2,G3) [nonlinear] (kind=general, depends on [0, 1, 2, 3])
             entropy reduction per guesser (out of 1.0): G0=0.75, G1=1.00, G2=1.00, G3=0.88
             ex1: items(G0=CAT, G1=CAT, G2=DOG, G3=DOG) -> lights(S0=ON, S1=OFF, S2=OFF, S3=OFF) -> guesses(G0=CATok, G1=CATok, G2=DOGok, G3=DOGok)  R=1.00
             ex2: items(G0=CAT, G1=CAT, G2=DOG, G3=CAT) -> lights(S0=ON, S1=OFF, S2=OFF, S3=ON) -> guesses(G0=CATok, G1=CATok, G2=DOGok, G3=CATok)  R=1.00
             ex3: items(G0=DOG, G1=DOG, G2=DOG, G3=CAT) -> lights(S0=ON, S1=ON, S2=ON, S3=ON) -> guesses(G0=DOGok, G1=DOGok, G2=DOGok, G3=CATok)  R=1.00
             ex4: items(G0=CAT, G1=CAT, G2=CAT, G3=CAT) -> lights(S0=OFF, S1=OFF, S2=OFF, S3=ON) -> guesses(G0=DOGXX, G1=CATok, G2=CATok, G3=CATok)  R=0.75
             ex5: items(G0=DOG, G1=DOG, G2=CAT, G3=CAT) -> lights(S0=OFF, S1=OFF, S2=ON, S3=ON) -> guesses(G0=DOGok, G1=DOGok, G2=CATok, G3=CATok)  R=1.00

  seed 26  R=0.938  [exploiting joint channel (0.938)]  (27.5s)
           not perfect (2 tracking, 2 holistic, 0 pooling signallers)
             S0: track G2                         (kind=dictator, depends on [2])
             S1: track NOT G0                     (kind=dictator, depends on [0])
             S2: general(G1,G2,G3) [nonlinear]    (kind=general, depends on [1, 2, 3])
             S3: general(G0,G1,G2,G3) [nonlinear] (kind=general, depends on [0, 1, 2, 3])
             entropy reduction per guesser (out of 1.0): G0=1.00, G1=0.75, G2=1.00, G3=0.88
             ex1: items(G0=CAT, G1=CAT, G2=DOG, G3=CAT) -> lights(S0=ON, S1=ON, S2=OFF, S3=ON) -> guesses(G0=CATok, G1=CATok, G2=DOGok, G3=CATok)  R=1.00
             ex2: items(G0=DOG, G1=CAT, G2=DOG, G3=DOG) -> lights(S0=ON, S1=OFF, S2=ON, S3=OFF) -> guesses(G0=DOGok, G1=DOGXX, G2=DOGok, G3=DOGok)  R=0.75
             ex3: items(G0=DOG, G1=CAT, G2=DOG, G3=CAT) -> lights(S0=ON, S1=OFF, S2=OFF, S3=ON) -> guesses(G0=DOGok, G1=CATok, G2=DOGok, G3=CATok)  R=1.00
             ex4: items(G0=CAT, G1=CAT, G2=DOG, G3=CAT) -> lights(S0=ON, S1=ON, S2=OFF, S3=ON) -> guesses(G0=CATok, G1=CATok, G2=DOGok, G3=CATok)  R=1.00
             ex5: items(G0=DOG, G1=DOG, G2=DOG, G3=CAT) -> lights(S0=ON, S1=OFF, S2=ON, S3=ON) -> guesses(G0=DOGok, G1=DOGok, G2=DOGok, G3=CATok)  R=1.00

  seed 27  R=0.906  [exploiting joint channel (0.906)]  (27.2s)
           not perfect (0 tracking, 4 holistic, 0 pooling signallers)
             S0: general(G0,G1,G2,G3) [nonlinear] (kind=general, depends on [0, 1, 2, 3])
             S1: general(G0,G1,G2,G3) [nonlinear] (kind=general, depends on [0, 1, 2, 3])
             S2: general(G0,G2,G3) [nonlinear]    (kind=general, depends on [0, 2, 3])
             S3: general(G0,G1,G2,G3) [nonlinear] (kind=general, depends on [0, 1, 2, 3])
             entropy reduction per guesser (out of 1.0): G0=0.83, G1=1.00, G2=0.70, G3=0.66
             ex1: items(G0=CAT, G1=DOG, G2=CAT, G3=DOG) -> lights(S0=ON, S1=ON, S2=ON, S3=ON) -> guesses(G0=CATok, G1=DOGok, G2=CATok, G3=CATXX)  R=0.75
             ex2: items(G0=CAT, G1=CAT, G2=CAT, G3=CAT) -> lights(S0=OFF, S1=OFF, S2=ON, S3=OFF) -> guesses(G0=CATok, G1=CATok, G2=CATok, G3=CATok)  R=1.00
             ex3: items(G0=CAT, G1=DOG, G2=DOG, G3=DOG) -> lights(S0=ON, S1=ON, S2=OFF, S3=ON) -> guesses(G0=CATok, G1=DOGok, G2=DOGok, G3=DOGok)  R=1.00
             ex4: items(G0=DOG, G1=CAT, G2=CAT, G3=CAT) -> lights(S0=OFF, S1=OFF, S2=ON, S3=ON) -> guesses(G0=DOGok, G1=CATok, G2=CATok, G3=CATok)  R=1.00
             ex5: items(G0=DOG, G1=CAT, G2=CAT, G3=CAT) -> lights(S0=OFF, S1=OFF, S2=ON, S3=ON) -> guesses(G0=DOGok, G1=CATok, G2=CATok, G3=CATok)  R=1.00

  seed 28  R=0.891  [exploiting joint channel (0.891)]  (27.4s)
           not perfect (2 tracking, 2 holistic, 0 pooling signallers)
             S0: track NOT G1                     (kind=dictator, depends on [1])
             S1: general(G0,G1,G2,G3) [nonlinear] (kind=general, depends on [0, 1, 2, 3])
             S2: track NOT G0                     (kind=dictator, depends on [0])
             S3: general(G0,G2,G3) [nonlinear]    (kind=general, depends on [0, 2, 3])
             entropy reduction per guesser (out of 1.0): G0=1.00, G1=1.00, G2=0.62, G3=0.75
             ex1: items(G0=CAT, G1=CAT, G2=CAT, G3=DOG) -> lights(S0=ON, S1=OFF, S2=ON, S3=OFF) -> guesses(G0=CATok, G1=CATok, G2=CATok, G3=DOGok)  R=1.00
             ex2: items(G0=CAT, G1=DOG, G2=CAT, G3=CAT) -> lights(S0=OFF, S1=OFF, S2=ON, S3=ON) -> guesses(G0=CATok, G1=DOGok, G2=CATok, G3=CATok)  R=1.00
             ex3: items(G0=DOG, G1=CAT, G2=DOG, G3=DOG) -> lights(S0=ON, S1=ON, S2=OFF, S3=OFF) -> guesses(G0=DOGok, G1=CATok, G2=DOGok, G3=DOGok)  R=1.00
             ex4: items(G0=CAT, G1=DOG, G2=DOG, G3=DOG) -> lights(S0=OFF, S1=ON, S2=ON, S3=ON) -> guesses(G0=CATok, G1=DOGok, G2=DOGok, G3=DOGok)  R=1.00
             ex5: items(G0=CAT, G1=CAT, G2=DOG, G3=DOG) -> lights(S0=ON, S1=ON, S2=ON, S3=ON) -> guesses(G0=CATok, G1=CATok, G2=DOGok, G3=DOGok)  R=1.00

  seed 29  R=0.922  [exploiting joint channel (0.922)]  (27.2s)
           not perfect (1 tracking, 3 holistic, 0 pooling signallers)
             S0: general(G0,G1,G2,G3) [nonlinear] (kind=general, depends on [0, 1, 2, 3])
             S1: general(G0,G1,G2,G3) [nonlinear] (kind=general, depends on [0, 1, 2, 3])
             S2: general(G0,G1,G2,G3) [nonlinear] (kind=general, depends on [0, 1, 2, 3])
             S3: track NOT G3                     (kind=dictator, depends on [3])
             entropy reduction per guesser (out of 1.0): G0=1.00, G1=1.00, G2=0.62, G3=1.00
             ex1: items(G0=CAT, G1=DOG, G2=DOG, G3=CAT) -> lights(S0=OFF, S1=OFF, S2=ON, S3=ON) -> guesses(G0=CATok, G1=DOGok, G2=DOGok, G3=CATok)  R=1.00
             ex2: items(G0=CAT, G1=CAT, G2=DOG, G3=DOG) -> lights(S0=ON, S1=OFF, S2=ON, S3=OFF) -> guesses(G0=CATok, G1=CATok, G2=DOGok, G3=DOGok)  R=1.00
             ex3: items(G0=CAT, G1=DOG, G2=DOG, G3=DOG) -> lights(S0=OFF, S1=OFF, S2=ON, S3=OFF) -> guesses(G0=CATok, G1=DOGok, G2=DOGok, G3=DOGok)  R=1.00
             ex4: items(G0=DOG, G1=CAT, G2=CAT, G3=CAT) -> lights(S0=OFF, S1=ON, S2=OFF, S3=ON) -> guesses(G0=DOGok, G1=CATok, G2=DOGXX, G3=CATok)  R=0.75
             ex5: items(G0=CAT, G1=CAT, G2=CAT, G3=DOG) -> lights(S0=ON, S1=ON, S2=ON, S3=OFF) -> guesses(G0=CATok, G1=CATok, G2=CATok, G3=DOGok)  R=1.00

  --- K4x4 / shared: summary over 30 seeds ---
      mean team reward           : 0.918
      complementarity rate       : 3.3% of seeds perfect
      distinct PERFECT conventions: 1 (from 1 perfect seeds; entropy 0.000 bits)
      convention types:
        partial / non-perfect: 29/30
        perfect pure-tracking: 1/30
      signaller-light census (all seeds pooled): general=79 (66%), dictator=41 (34%)
      mean channel utilisation H(M) : 0.984 bits (out of 1.0)
      mean entropy reduction / guesser: 0.831 bits (out of 1.0)

============================================================
  K4x4 / two_brain
============================================================

  seed  0  R=0.891  [exploiting joint channel (0.891)]  (42.1s)
           not perfect (0 tracking, 4 holistic, 0 pooling signallers)
             S0: general(G0,G1,G2,G3) [nonlinear] (kind=general, depends on [0, 1, 2, 3])
             S1: general(G0,G1,G2,G3) [nonlinear] (kind=general, depends on [0, 1, 2, 3])
             S2: general(G0,G1,G2,G3) [nonlinear] (kind=general, depends on [0, 1, 2, 3])
             S3: general(G0,G1,G2,G3) [nonlinear] (kind=general, depends on [0, 1, 2, 3])
             entropy reduction per guesser (out of 1.0): G0=0.75, G1=0.88, G2=0.88, G3=1.00
             ex1: items(G0=DOG, G1=DOG, G2=CAT, G3=CAT) -> lights(S0=ON, S1=ON, S2=ON, S3=ON) -> guesses(G0=DOGok, G1=CATXX, G2=CATok, G3=CATok)  R=0.75
             ex2: items(G0=CAT, G1=DOG, G2=CAT, G3=CAT) -> lights(S0=ON, S1=OFF, S2=OFF, S3=ON) -> guesses(G0=CATok, G1=DOGok, G2=CATok, G3=CATok)  R=1.00
             ex3: items(G0=DOG, G1=CAT, G2=CAT, G3=DOG) -> lights(S0=OFF, S1=ON, S2=OFF, S3=OFF) -> guesses(G0=DOGok, G1=CATok, G2=CATok, G3=DOGok)  R=1.00
             ex4: items(G0=DOG, G1=CAT, G2=DOG, G3=CAT) -> lights(S0=OFF, S1=ON, S2=ON, S3=OFF) -> guesses(G0=DOGok, G1=CATok, G2=DOGok, G3=CATok)  R=1.00
             ex5: items(G0=DOG, G1=CAT, G2=CAT, G3=DOG) -> lights(S0=OFF, S1=ON, S2=OFF, S3=OFF) -> guesses(G0=DOGok, G1=CATok, G2=CATok, G3=DOGok)  R=1.00

  seed  1  R=0.859  [exploiting joint channel (0.859)]  (41.8s)
           not perfect (0 tracking, 4 holistic, 0 pooling signallers)
             S0: general(G0,G1,G2,G3) [nonlinear] (kind=general, depends on [0, 1, 2, 3])
             S1: general(G0,G1,G2,G3) [nonlinear] (kind=general, depends on [0, 1, 2, 3])
             S2: general(G0,G1,G2,G3) [nonlinear] (kind=general, depends on [0, 1, 2, 3])
             S3: general(G0,G1,G2,G3) [nonlinear] (kind=general, depends on [0, 1, 2, 3])
             entropy reduction per guesser (out of 1.0): G0=0.66, G1=0.58, G2=1.00, G3=0.83
             ex1: items(G0=DOG, G1=DOG, G2=CAT, G3=DOG) -> lights(S0=ON, S1=ON, S2=ON, S3=ON) -> guesses(G0=DOGok, G1=DOGok, G2=CATok, G3=DOGok)  R=1.00
             ex2: items(G0=DOG, G1=CAT, G2=DOG, G3=DOG) -> lights(S0=ON, S1=ON, S2=ON, S3=OFF) -> guesses(G0=DOGok, G1=DOGXX, G2=DOGok, G3=DOGok)  R=0.75
             ex3: items(G0=CAT, G1=DOG, G2=DOG, G3=DOG) -> lights(S0=OFF, S1=OFF, S2=ON, S3=OFF) -> guesses(G0=CATok, G1=DOGok, G2=DOGok, G3=DOGok)  R=1.00
             ex4: items(G0=DOG, G1=DOG, G2=DOG, G3=CAT) -> lights(S0=OFF, S1=ON, S2=ON, S3=OFF) -> guesses(G0=DOGok, G1=DOGok, G2=DOGok, G3=DOGXX)  R=0.75
             ex5: items(G0=CAT, G1=DOG, G2=DOG, G3=DOG) -> lights(S0=OFF, S1=OFF, S2=ON, S3=OFF) -> guesses(G0=CATok, G1=DOGok, G2=DOGok, G3=DOGok)  R=1.00

  seed  2  R=0.875  [exploiting joint channel (0.875)]  (42.1s)
           not perfect (0 tracking, 4 holistic, 0 pooling signallers)
             S0: general(G0,G1,G2,G3) [nonlinear] (kind=general, depends on [0, 1, 2, 3])
             S1: general(G0,G1,G2,G3) [nonlinear] (kind=general, depends on [0, 1, 2, 3])
             S2: general(G0,G1,G2,G3) [nonlinear] (kind=general, depends on [0, 1, 2, 3])
             S3: general(G0,G1,G2,G3) [nonlinear] (kind=general, depends on [0, 1, 2, 3])
             entropy reduction per guesser (out of 1.0): G0=0.75, G1=0.75, G2=0.88, G3=1.00
             ex1: items(G0=CAT, G1=DOG, G2=CAT, G3=CAT) -> lights(S0=ON, S1=ON, S2=OFF, S3=OFF) -> guesses(G0=CATok, G1=CATXX, G2=CATok, G3=CATok)  R=0.75
             ex2: items(G0=DOG, G1=CAT, G2=DOG, G3=CAT) -> lights(S0=OFF, S1=OFF, S2=ON, S3=OFF) -> guesses(G0=DOGok, G1=CATok, G2=DOGok, G3=CATok)  R=1.00
             ex3: items(G0=CAT, G1=CAT, G2=DOG, G3=DOG) -> lights(S0=OFF, S1=ON, S2=OFF, S3=ON) -> guesses(G0=CATok, G1=CATok, G2=DOGok, G3=DOGok)  R=1.00
             ex4: items(G0=DOG, G1=DOG, G2=DOG, G3=CAT) -> lights(S0=OFF, S1=OFF, S2=ON, S3=OFF) -> guesses(G0=DOGok, G1=CATXX, G2=DOGok, G3=CATok)  R=0.75
             ex5: items(G0=CAT, G1=DOG, G2=DOG, G3=DOG) -> lights(S0=OFF, S1=OFF, S2=OFF, S3=ON) -> guesses(G0=CATok, G1=DOGok, G2=DOGok, G3=DOGok)  R=1.00

  seed  3  R=0.891  [exploiting joint channel (0.891)]  (42.1s)
           not perfect (1 tracking, 3 holistic, 0 pooling signallers)
             S0: general(G0,G1,G2,G3) [nonlinear] (kind=general, depends on [0, 1, 2, 3])
             S1: general(G0,G1,G2,G3) [nonlinear] (kind=general, depends on [0, 1, 2, 3])
             S2: general(G0,G1,G2,G3) [nonlinear] (kind=general, depends on [0, 1, 2, 3])
             S3: track NOT G1                     (kind=dictator, depends on [1])
             entropy reduction per guesser (out of 1.0): G0=0.83, G1=1.00, G2=0.28, G3=0.83
             ex1: items(G0=DOG, G1=CAT, G2=DOG, G3=CAT) -> lights(S0=OFF, S1=OFF, S2=OFF, S3=ON) -> guesses(G0=DOGok, G1=CATok, G2=DOGok, G3=CATok)  R=1.00
             ex2: items(G0=CAT, G1=DOG, G2=CAT, G3=CAT) -> lights(S0=ON, S1=ON, S2=OFF, S3=OFF) -> guesses(G0=CATok, G1=DOGok, G2=CATok, G3=CATok)  R=1.00
             ex3: items(G0=DOG, G1=DOG, G2=DOG, G3=DOG) -> lights(S0=ON, S1=OFF, S2=ON, S3=OFF) -> guesses(G0=DOGok, G1=DOGok, G2=DOGok, G3=DOGok)  R=1.00
             ex4: items(G0=CAT, G1=DOG, G2=DOG, G3=CAT) -> lights(S0=ON, S1=ON, S2=OFF, S3=OFF) -> guesses(G0=CATok, G1=DOGok, G2=CATXX, G3=CATok)  R=0.75
             ex5: items(G0=DOG, G1=DOG, G2=CAT, G3=DOG) -> lights(S0=ON, S1=ON, S2=ON, S3=OFF) -> guesses(G0=CATXX, G1=DOGok, G2=CATok, G3=DOGok)  R=0.75

  seed  4  R=0.891  [exploiting joint channel (0.891)]  (42.0s)
           not perfect (1 tracking, 3 holistic, 0 pooling signallers)
             S0: general(G0,G1,G2,G3) [nonlinear] (kind=general, depends on [0, 1, 2, 3])
             S1: track G0                         (kind=dictator, depends on [0])
             S2: general(G0,G1,G2,G3) [nonlinear] (kind=general, depends on [0, 1, 2, 3])
             S3: general(G0,G1,G2,G3) [nonlinear] (kind=general, depends on [0, 1, 2, 3])
             entropy reduction per guesser (out of 1.0): G0=1.00, G1=0.58, G2=0.88, G3=0.83
             ex1: items(G0=CAT, G1=DOG, G2=DOG, G3=DOG) -> lights(S0=ON, S1=OFF, S2=ON, S3=ON) -> guesses(G0=CATok, G1=CATXX, G2=DOGok, G3=DOGok)  R=0.75
             ex2: items(G0=DOG, G1=DOG, G2=DOG, G3=CAT) -> lights(S0=OFF, S1=ON, S2=OFF, S3=OFF) -> guesses(G0=DOGok, G1=DOGok, G2=CATXX, G3=CATok)  R=0.75
             ex3: items(G0=CAT, G1=CAT, G2=DOG, G3=DOG) -> lights(S0=ON, S1=OFF, S2=ON, S3=ON) -> guesses(G0=CATok, G1=CATok, G2=DOGok, G3=DOGok)  R=1.00
             ex4: items(G0=CAT, G1=CAT, G2=CAT, G3=CAT) -> lights(S0=OFF, S1=OFF, S2=OFF, S3=ON) -> guesses(G0=CATok, G1=DOGXX, G2=CATok, G3=CATok)  R=0.75
             ex5: items(G0=DOG, G1=DOG, G2=DOG, G3=CAT) -> lights(S0=OFF, S1=ON, S2=OFF, S3=OFF) -> guesses(G0=DOGok, G1=DOGok, G2=CATXX, G3=CATok)  R=0.75

  seed  5  R=0.922  [exploiting joint channel (0.922)]  (42.1s)
           not perfect (2 tracking, 2 holistic, 0 pooling signallers)
             S0: general(G0,G1,G2,G3) [nonlinear] (kind=general, depends on [0, 1, 2, 3])
             S1: track NOT G0                     (kind=dictator, depends on [0])
             S2: general(G0,G1,G2,G3) [nonlinear] (kind=general, depends on [0, 1, 2, 3])
             S3: track NOT G3                     (kind=dictator, depends on [3])
             entropy reduction per guesser (out of 1.0): G0=1.00, G1=0.88, G2=0.62, G3=1.00
             ex1: items(G0=CAT, G1=DOG, G2=DOG, G3=DOG) -> lights(S0=OFF, S1=ON, S2=ON, S3=OFF) -> guesses(G0=CATok, G1=DOGok, G2=DOGok, G3=DOGok)  R=1.00
             ex2: items(G0=CAT, G1=DOG, G2=CAT, G3=DOG) -> lights(S0=OFF, S1=ON, S2=OFF, S3=OFF) -> guesses(G0=CATok, G1=DOGok, G2=CATok, G3=DOGok)  R=1.00
             ex3: items(G0=CAT, G1=DOG, G2=CAT, G3=DOG) -> lights(S0=OFF, S1=ON, S2=OFF, S3=OFF) -> guesses(G0=CATok, G1=DOGok, G2=CATok, G3=DOGok)  R=1.00
             ex4: items(G0=DOG, G1=CAT, G2=CAT, G3=CAT) -> lights(S0=ON, S1=OFF, S2=OFF, S3=ON) -> guesses(G0=DOGok, G1=CATok, G2=DOGXX, G3=CATok)  R=0.75
             ex5: items(G0=CAT, G1=CAT, G2=CAT, G3=CAT) -> lights(S0=OFF, S1=ON, S2=OFF, S3=ON) -> guesses(G0=CATok, G1=DOGXX, G2=CATok, G3=CATok)  R=0.75

  seed  6  R=0.891  [exploiting joint channel (0.891)]  (41.7s)
           not perfect (0 tracking, 4 holistic, 0 pooling signallers)
             S0: general(G0,G1,G2,G3) [nonlinear] (kind=general, depends on [0, 1, 2, 3])
             S1: general(G0,G1,G2,G3) [nonlinear] (kind=general, depends on [0, 1, 2, 3])
             S2: general(G0,G1,G2,G3) [nonlinear] (kind=general, depends on [0, 1, 2, 3])
             S3: general(G0,G1,G2,G3) [nonlinear] (kind=general, depends on [0, 1, 2, 3])
             entropy reduction per guesser (out of 1.0): G0=0.83, G1=1.00, G2=0.45, G3=1.00
             ex1: items(G0=DOG, G1=DOG, G2=DOG, G3=CAT) -> lights(S0=ON, S1=ON, S2=OFF, S3=OFF) -> guesses(G0=DOGok, G1=DOGok, G2=CATXX, G3=CATok)  R=0.75
             ex2: items(G0=DOG, G1=DOG, G2=DOG, G3=DOG) -> lights(S0=OFF, S1=OFF, S2=OFF, S3=ON) -> guesses(G0=DOGok, G1=CATXX, G2=DOGok, G3=DOGok)  R=0.75
             ex3: items(G0=DOG, G1=DOG, G2=DOG, G3=DOG) -> lights(S0=OFF, S1=OFF, S2=OFF, S3=ON) -> guesses(G0=DOGok, G1=CATXX, G2=DOGok, G3=DOGok)  R=0.75
             ex4: items(G0=DOG, G1=DOG, G2=DOG, G3=DOG) -> lights(S0=OFF, S1=OFF, S2=OFF, S3=ON) -> guesses(G0=DOGok, G1=CATXX, G2=DOGok, G3=DOGok)  R=0.75
             ex5: items(G0=DOG, G1=DOG, G2=DOG, G3=CAT) -> lights(S0=ON, S1=ON, S2=OFF, S3=OFF) -> guesses(G0=DOGok, G1=DOGok, G2=CATXX, G3=CATok)  R=0.75

  seed  7  R=0.859  [exploiting joint channel (0.859)]  (42.1s)
           not perfect (0 tracking, 4 holistic, 0 pooling signallers)
             S0: general(G0,G1,G2,G3) [nonlinear] (kind=general, depends on [0, 1, 2, 3])
             S1: general(G0,G1,G2,G3) [nonlinear] (kind=general, depends on [0, 1, 2, 3])
             S2: general(G0,G1,G2,G3) [nonlinear] (kind=general, depends on [0, 1, 2, 3])
             S3: general(G0,G1,G2,G3) [nonlinear] (kind=general, depends on [0, 1, 2, 3])
             entropy reduction per guesser (out of 1.0): G0=0.75, G1=0.88, G2=1.00, G3=0.75
             ex1: items(G0=CAT, G1=CAT, G2=DOG, G3=CAT) -> lights(S0=ON, S1=OFF, S2=ON, S3=ON) -> guesses(G0=CATok, G1=CATok, G2=DOGok, G3=CATok)  R=1.00
             ex2: items(G0=DOG, G1=CAT, G2=CAT, G3=DOG) -> lights(S0=ON, S1=OFF, S2=ON, S3=OFF) -> guesses(G0=DOGok, G1=CATok, G2=DOGXX, G3=DOGok)  R=0.75
             ex3: items(G0=CAT, G1=DOG, G2=DOG, G3=CAT) -> lights(S0=OFF, S1=ON, S2=ON, S3=OFF) -> guesses(G0=CATok, G1=DOGok, G2=CATXX, G3=CATok)  R=0.75
             ex4: items(G0=CAT, G1=CAT, G2=DOG, G3=DOG) -> lights(S0=ON, S1=OFF, S2=OFF, S3=ON) -> guesses(G0=CATok, G1=CATok, G2=DOGok, G3=DOGok)  R=1.00
             ex5: items(G0=CAT, G1=CAT, G2=CAT, G3=DOG) -> lights(S0=ON, S1=ON, S2=ON, S3=ON) -> guesses(G0=CATok, G1=CATok, G2=CATok, G3=CATXX)  R=0.75

  seed  8  R=0.922  [exploiting joint channel (0.922)]  (42.0s)
           not perfect (1 tracking, 3 holistic, 0 pooling signallers)
             S0: general(G0,G2,G3) [nonlinear]    (kind=general, depends on [0, 2, 3])
             S1: track G0                         (kind=dictator, depends on [0])
             S2: general(G0,G1,G2,G3) [nonlinear] (kind=general, depends on [0, 1, 2, 3])
             S3: general(G1,G2,G3) [nonlinear]    (kind=general, depends on [1, 2, 3])
             entropy reduction per guesser (out of 1.0): G0=1.00, G1=0.75, G2=0.88, G3=0.88
             ex1: items(G0=CAT, G1=CAT, G2=DOG, G3=CAT) -> lights(S0=ON, S1=OFF, S2=ON, S3=ON) -> guesses(G0=CATok, G1=CATok, G2=DOGok, G3=CATok)  R=1.00
             ex2: items(G0=DOG, G1=DOG, G2=DOG, G3=DOG) -> lights(S0=OFF, S1=ON, S2=OFF, S3=ON) -> guesses(G0=DOGok, G1=DOGok, G2=DOGok, G3=DOGok)  R=1.00
             ex3: items(G0=CAT, G1=CAT, G2=CAT, G3=DOG) -> lights(S0=OFF, S1=OFF, S2=ON, S3=ON) -> guesses(G0=CATok, G1=CATok, G2=DOGXX, G3=DOGok)  R=0.75
             ex4: items(G0=DOG, G1=DOG, G2=CAT, G3=CAT) -> lights(S0=ON, S1=ON, S2=ON, S3=OFF) -> guesses(G0=DOGok, G1=DOGok, G2=CATok, G3=CATok)  R=1.00
             ex5: items(G0=DOG, G1=DOG, G2=CAT, G3=CAT) -> lights(S0=ON, S1=ON, S2=ON, S3=OFF) -> guesses(G0=DOGok, G1=DOGok, G2=CATok, G3=CATok)  R=1.00

  seed  9  R=0.875  [exploiting joint channel (0.875)]  (42.3s)
           not perfect (3 tracking, 1 holistic, 0 pooling signallers)
             S0: track NOT G3                     (kind=dictator, depends on [3])
             S1: general(G0,G1,G2,G3) [nonlinear] (kind=general, depends on [0, 1, 2, 3])
             S2: track G2                         (kind=dictator, depends on [2])
             S3: track NOT G1                     (kind=dictator, depends on [1])
             entropy reduction per guesser (out of 1.0): G0=0.25, G1=1.00, G2=1.00, G3=1.00
             ex1: items(G0=DOG, G1=CAT, G2=DOG, G3=CAT) -> lights(S0=ON, S1=OFF, S2=ON, S3=ON) -> guesses(G0=DOGok, G1=CATok, G2=DOGok, G3=CATok)  R=1.00
             ex2: items(G0=DOG, G1=CAT, G2=DOG, G3=DOG) -> lights(S0=OFF, S1=OFF, S2=ON, S3=ON) -> guesses(G0=DOGok, G1=CATok, G2=DOGok, G3=DOGok)  R=1.00
             ex3: items(G0=DOG, G1=CAT, G2=CAT, G3=DOG) -> lights(S0=OFF, S1=ON, S2=OFF, S3=ON) -> guesses(G0=CATXX, G1=CATok, G2=CATok, G3=DOGok)  R=0.75
             ex4: items(G0=CAT, G1=DOG, G2=DOG, G3=CAT) -> lights(S0=ON, S1=OFF, S2=ON, S3=OFF) -> guesses(G0=CATok, G1=DOGok, G2=DOGok, G3=CATok)  R=1.00
             ex5: items(G0=CAT, G1=DOG, G2=CAT, G3=CAT) -> lights(S0=ON, S1=OFF, S2=OFF, S3=OFF) -> guesses(G0=CATok, G1=DOGok, G2=CATok, G3=CATok)  R=1.00

  seed 10  R=0.859  [exploiting joint channel (0.859)]  (42.0s)
           not perfect (0 tracking, 4 holistic, 0 pooling signallers)
             S0: general(G0,G1,G2,G3) [nonlinear] (kind=general, depends on [0, 1, 2, 3])
             S1: general(G0,G1,G2,G3) [nonlinear] (kind=general, depends on [0, 1, 2, 3])
             S2: general(G0,G1,G3) [nonlinear]    (kind=general, depends on [0, 1, 3])
             S3: general(G0,G1,G2,G3) [nonlinear] (kind=general, depends on [0, 1, 2, 3])
             entropy reduction per guesser (out of 1.0): G0=0.58, G1=1.00, G2=0.88, G3=0.58
             ex1: items(G0=DOG, G1=DOG, G2=DOG, G3=CAT) -> lights(S0=ON, S1=OFF, S2=OFF, S3=OFF) -> guesses(G0=DOGok, G1=DOGok, G2=DOGok, G3=CATok)  R=1.00
             ex2: items(G0=CAT, G1=DOG, G2=DOG, G3=CAT) -> lights(S0=ON, S1=OFF, S2=OFF, S3=OFF) -> guesses(G0=DOGXX, G1=DOGok, G2=DOGok, G3=CATok)  R=0.75
             ex3: items(G0=CAT, G1=CAT, G2=CAT, G3=CAT) -> lights(S0=OFF, S1=OFF, S2=ON, S3=ON) -> guesses(G0=CATok, G1=CATok, G2=CATok, G3=DOGXX)  R=0.75
             ex4: items(G0=CAT, G1=DOG, G2=CAT, G3=DOG) -> lights(S0=OFF, S1=OFF, S2=ON, S3=OFF) -> guesses(G0=CATok, G1=DOGok, G2=DOGXX, G3=DOGok)  R=0.75
             ex5: items(G0=CAT, G1=CAT, G2=DOG, G3=DOG) -> lights(S0=ON, S1=OFF, S2=ON, S3=OFF) -> guesses(G0=CATok, G1=CATok, G2=DOGok, G3=CATXX)  R=0.75

  seed 11  R=0.859  [exploiting joint channel (0.859)]  (42.4s)
           not perfect (0 tracking, 4 holistic, 0 pooling signallers)
             S0: general(G0,G1,G2,G3) [nonlinear] (kind=general, depends on [0, 1, 2, 3])
             S1: general(G0,G1,G2,G3) [nonlinear] (kind=general, depends on [0, 1, 2, 3])
             S2: general(G0,G1,G2,G3) [nonlinear] (kind=general, depends on [0, 1, 2, 3])
             S3: general(G0,G1,G2,G3) [nonlinear] (kind=general, depends on [0, 1, 2, 3])
             entropy reduction per guesser (out of 1.0): G0=0.83, G1=0.41, G2=0.83, G3=0.58
             ex1: items(G0=DOG, G1=CAT, G2=CAT, G3=DOG) -> lights(S0=ON, S1=ON, S2=ON, S3=OFF) -> guesses(G0=DOGok, G1=CATok, G2=CATok, G3=DOGok)  R=1.00
             ex2: items(G0=CAT, G1=DOG, G2=CAT, G3=CAT) -> lights(S0=ON, S1=OFF, S2=OFF, S3=OFF) -> guesses(G0=CATok, G1=DOGok, G2=CATok, G3=CATok)  R=1.00
             ex3: items(G0=CAT, G1=CAT, G2=CAT, G3=CAT) -> lights(S0=ON, S1=OFF, S2=ON, S3=OFF) -> guesses(G0=CATok, G1=CATok, G2=CATok, G3=CATok)  R=1.00
             ex4: items(G0=CAT, G1=DOG, G2=DOG, G3=CAT) -> lights(S0=OFF, S1=ON, S2=OFF, S3=OFF) -> guesses(G0=CATok, G1=DOGok, G2=DOGok, G3=DOGXX)  R=0.75
             ex5: items(G0=CAT, G1=DOG, G2=DOG, G3=DOG) -> lights(S0=OFF, S1=ON, S2=OFF, S3=OFF) -> guesses(G0=CATok, G1=DOGok, G2=DOGok, G3=DOGok)  R=1.00

  seed 12  R=0.891  [exploiting joint channel (0.891)]  (42.0s)
           not perfect (1 tracking, 3 holistic, 0 pooling signallers)
             S0: general(G0,G1,G2,G3) [nonlinear] (kind=general, depends on [0, 1, 2, 3])
             S1: general(G0,G1,G3) [nonlinear]    (kind=general, depends on [0, 1, 3])
             S2: track G3                         (kind=dictator, depends on [3])
             S3: general(G0,G1,G2,G3) [nonlinear] (kind=general, depends on [0, 1, 2, 3])
             entropy reduction per guesser (out of 1.0): G0=0.58, G1=0.83, G2=0.88, G3=1.00
             ex1: items(G0=DOG, G1=CAT, G2=DOG, G3=DOG) -> lights(S0=OFF, S1=OFF, S2=ON, S3=OFF) -> guesses(G0=DOGok, G1=DOGXX, G2=DOGok, G3=DOGok)  R=0.75
             ex2: items(G0=DOG, G1=CAT, G2=CAT, G3=DOG) -> lights(S0=ON, S1=OFF, S2=ON, S3=ON) -> guesses(G0=DOGok, G1=CATok, G2=CATok, G3=DOGok)  R=1.00
             ex3: items(G0=DOG, G1=CAT, G2=DOG, G3=DOG) -> lights(S0=OFF, S1=OFF, S2=ON, S3=OFF) -> guesses(G0=DOGok, G1=DOGXX, G2=DOGok, G3=DOGok)  R=0.75
             ex4: items(G0=CAT, G1=DOG, G2=DOG, G3=CAT) -> lights(S0=ON, S1=OFF, S2=OFF, S3=OFF) -> guesses(G0=CATok, G1=DOGok, G2=CATXX, G3=CATok)  R=0.75
             ex5: items(G0=DOG, G1=DOG, G2=DOG, G3=CAT) -> lights(S0=OFF, S1=OFF, S2=OFF, S3=OFF) -> guesses(G0=DOGok, G1=DOGok, G2=DOGok, G3=CATok)  R=1.00

  seed 13  R=0.891  [exploiting joint channel (0.891)]  (42.1s)
           not perfect (0 tracking, 4 holistic, 0 pooling signallers)
             S0: general(G0,G1,G2,G3) [nonlinear] (kind=general, depends on [0, 1, 2, 3])
             S1: general(G0,G1,G2,G3) [nonlinear] (kind=general, depends on [0, 1, 2, 3])
             S2: general(G0,G1,G2,G3) [nonlinear] (kind=general, depends on [0, 1, 2, 3])
             S3: general(G0,G1,G2,G3) [nonlinear] (kind=general, depends on [0, 1, 2, 3])
             entropy reduction per guesser (out of 1.0): G0=1.00, G1=0.70, G2=0.70, G3=0.75
             ex1: items(G0=CAT, G1=DOG, G2=CAT, G3=DOG) -> lights(S0=ON, S1=OFF, S2=OFF, S3=OFF) -> guesses(G0=CATok, G1=DOGok, G2=CATok, G3=DOGok)  R=1.00
             ex2: items(G0=CAT, G1=CAT, G2=CAT, G3=CAT) -> lights(S0=ON, S1=ON, S2=ON, S3=ON) -> guesses(G0=CATok, G1=CATok, G2=CATok, G3=CATok)  R=1.00
             ex3: items(G0=DOG, G1=CAT, G2=DOG, G3=DOG) -> lights(S0=OFF, S1=OFF, S2=OFF, S3=OFF) -> guesses(G0=DOGok, G1=DOGXX, G2=DOGok, G3=DOGok)  R=0.75
             ex4: items(G0=CAT, G1=DOG, G2=DOG, G3=CAT) -> lights(S0=OFF, S1=OFF, S2=OFF, S3=ON) -> guesses(G0=CATok, G1=DOGok, G2=DOGok, G3=DOGXX)  R=0.75
             ex5: items(G0=DOG, G1=CAT, G2=DOG, G3=CAT) -> lights(S0=ON, S1=ON, S2=ON, S3=OFF) -> guesses(G0=DOGok, G1=CATok, G2=CATXX, G3=CATok)  R=0.75

  seed 14  R=0.891  [exploiting joint channel (0.891)]  (42.0s)
           not perfect (0 tracking, 4 holistic, 0 pooling signallers)
             S0: general(G0,G1,G2) [nonlinear]    (kind=general, depends on [0, 1, 2])
             S1: general(G1,G2,G3) [nonlinear]    (kind=general, depends on [1, 2, 3])
             S2: general(G0,G1,G2,G3) [nonlinear] (kind=general, depends on [0, 1, 2, 3])
             S3: general(G0,G1,G2,G3) [nonlinear] (kind=general, depends on [0, 1, 2, 3])
             entropy reduction per guesser (out of 1.0): G0=0.75, G1=0.88, G2=0.62, G3=1.00
             ex1: items(G0=DOG, G1=DOG, G2=DOG, G3=DOG) -> lights(S0=OFF, S1=ON, S2=ON, S3=OFF) -> guesses(G0=DOGok, G1=DOGok, G2=DOGok, G3=DOGok)  R=1.00
             ex2: items(G0=CAT, G1=CAT, G2=DOG, G3=CAT) -> lights(S0=OFF, S1=ON, S2=OFF, S3=OFF) -> guesses(G0=DOGXX, G1=CATok, G2=DOGok, G3=CATok)  R=0.75
             ex3: items(G0=DOG, G1=DOG, G2=DOG, G3=DOG) -> lights(S0=OFF, S1=ON, S2=ON, S3=OFF) -> guesses(G0=DOGok, G1=DOGok, G2=DOGok, G3=DOGok)  R=1.00
             ex4: items(G0=CAT, G1=DOG, G2=DOG, G3=DOG) -> lights(S0=ON, S1=ON, S2=ON, S3=OFF) -> guesses(G0=CATok, G1=DOGok, G2=DOGok, G3=DOGok)  R=1.00
             ex5: items(G0=DOG, G1=CAT, G2=CAT, G3=DOG) -> lights(S0=OFF, S1=ON, S2=ON, S3=ON) -> guesses(G0=DOGok, G1=CATok, G2=DOGXX, G3=DOGok)  R=0.75

  seed 15  R=0.875  [exploiting joint channel (0.875)]  (42.3s)
           not perfect (0 tracking, 4 holistic, 0 pooling signallers)
             S0: general(G0,G1,G3) [nonlinear]    (kind=general, depends on [0, 1, 3])
             S1: general(G0,G1,G2,G3) [nonlinear] (kind=general, depends on [0, 1, 2, 3])
             S2: general(G0,G1,G2,G3) [nonlinear] (kind=general, depends on [0, 1, 2, 3])
             S3: general(G0,G1,G2,G3) [nonlinear] (kind=general, depends on [0, 1, 2, 3])
             entropy reduction per guesser (out of 1.0): G0=0.58, G1=0.88, G2=0.70, G3=1.00
             ex1: items(G0=CAT, G1=DOG, G2=DOG, G3=DOG) -> lights(S0=OFF, S1=OFF, S2=OFF, S3=ON) -> guesses(G0=DOGXX, G1=DOGok, G2=DOGok, G3=DOGok)  R=0.75
             ex2: items(G0=DOG, G1=CAT, G2=CAT, G3=DOG) -> lights(S0=OFF, S1=OFF, S2=ON, S3=OFF) -> guesses(G0=DOGok, G1=DOGXX, G2=CATok, G3=DOGok)  R=0.75
             ex3: items(G0=CAT, G1=DOG, G2=CAT, G3=CAT) -> lights(S0=ON, S1=OFF, S2=ON, S3=OFF) -> guesses(G0=CATok, G1=DOGok, G2=CATok, G3=CATok)  R=1.00
             ex4: items(G0=DOG, G1=CAT, G2=CAT, G3=CAT) -> lights(S0=ON, S1=ON, S2=ON, S3=ON) -> guesses(G0=CATXX, G1=CATok, G2=CATok, G3=CATok)  R=0.75
             ex5: items(G0=CAT, G1=CAT, G2=DOG, G3=CAT) -> lights(S0=ON, S1=ON, S2=OFF, S3=ON) -> guesses(G0=CATok, G1=CATok, G2=DOGok, G3=CATok)  R=1.00

  seed 16  R=0.969  [exploiting joint channel (0.969)]  (42.1s)
           not perfect (3 tracking, 1 holistic, 0 pooling signallers)
             S0: track NOT G2                     (kind=dictator, depends on [2])
             S1: track NOT G0                     (kind=dictator, depends on [0])
             S2: general(G0,G1,G2,G3) [nonlinear] (kind=general, depends on [0, 1, 2, 3])
             S3: track G3                         (kind=dictator, depends on [3])
             entropy reduction per guesser (out of 1.0): G0=1.00, G1=0.88, G2=1.00, G3=1.00
             ex1: items(G0=CAT, G1=CAT, G2=CAT, G3=DOG) -> lights(S0=ON, S1=ON, S2=ON, S3=ON) -> guesses(G0=CATok, G1=CATok, G2=CATok, G3=DOGok)  R=1.00
             ex2: items(G0=DOG, G1=CAT, G2=DOG, G3=DOG) -> lights(S0=OFF, S1=OFF, S2=OFF, S3=ON) -> guesses(G0=DOGok, G1=CATok, G2=DOGok, G3=DOGok)  R=1.00
             ex3: items(G0=CAT, G1=CAT, G2=DOG, G3=CAT) -> lights(S0=OFF, S1=ON, S2=OFF, S3=OFF) -> guesses(G0=CATok, G1=CATok, G2=DOGok, G3=CATok)  R=1.00
             ex4: items(G0=CAT, G1=CAT, G2=CAT, G3=CAT) -> lights(S0=ON, S1=ON, S2=OFF, S3=OFF) -> guesses(G0=CATok, G1=CATok, G2=CATok, G3=CATok)  R=1.00
             ex5: items(G0=DOG, G1=DOG, G2=DOG, G3=DOG) -> lights(S0=OFF, S1=OFF, S2=ON, S3=ON) -> guesses(G0=DOGok, G1=DOGok, G2=DOGok, G3=DOGok)  R=1.00

  seed 17  R=0.844  [exploiting joint channel (0.844)]  (42.1s)
           not perfect (0 tracking, 4 holistic, 0 pooling signallers)
             S0: general(G0,G1,G2,G3) [nonlinear] (kind=general, depends on [0, 1, 2, 3])
             S1: general(G0,G1,G2,G3) [nonlinear] (kind=general, depends on [0, 1, 2, 3])
             S2: general(G0,G1,G2,G3) [nonlinear] (kind=general, depends on [0, 1, 2, 3])
             S3: general(G0,G1,G2,G3) [nonlinear] (kind=general, depends on [0, 1, 2, 3])
             entropy reduction per guesser (out of 1.0): G0=0.42, G1=0.67, G2=0.88, G3=0.80
             ex1: items(G0=CAT, G1=CAT, G2=DOG, G3=DOG) -> lights(S0=ON, S1=ON, S2=ON, S3=OFF) -> guesses(G0=CATok, G1=CATok, G2=CATXX, G3=DOGok)  R=0.75
             ex2: items(G0=CAT, G1=CAT, G2=CAT, G3=DOG) -> lights(S0=ON, S1=ON, S2=ON, S3=OFF) -> guesses(G0=CATok, G1=CATok, G2=CATok, G3=DOGok)  R=1.00
             ex3: items(G0=DOG, G1=CAT, G2=DOG, G3=CAT) -> lights(S0=ON, S1=ON, S2=OFF, S3=OFF) -> guesses(G0=CATXX, G1=CATok, G2=DOGok, G3=CATok)  R=0.75
             ex4: items(G0=DOG, G1=DOG, G2=DOG, G3=CAT) -> lights(S0=OFF, S1=ON, S2=OFF, S3=OFF) -> guesses(G0=DOGok, G1=DOGok, G2=DOGok, G3=CATok)  R=1.00
             ex5: items(G0=CAT, G1=DOG, G2=DOG, G3=DOG) -> lights(S0=OFF, S1=OFF, S2=ON, S3=OFF) -> guesses(G0=DOGXX, G1=DOGok, G2=DOGok, G3=DOGok)  R=0.75

  seed 18  R=0.938  [exploiting joint channel (0.938)]  (41.9s)
           not perfect (0 tracking, 4 holistic, 0 pooling signallers)
             S0: general(G0,G1,G2,G3) [nonlinear] (kind=general, depends on [0, 1, 2, 3])
             S1: general(G0,G1,G2) [nonlinear]    (kind=general, depends on [0, 1, 2])
             S2: general(G0,G1,G2,G3) [nonlinear] (kind=general, depends on [0, 1, 2, 3])
             S3: general(G0,G1,G2) [nonlinear]    (kind=general, depends on [0, 1, 2])
             entropy reduction per guesser (out of 1.0): G0=1.00, G1=1.00, G2=0.88, G3=0.62
             ex1: items(G0=DOG, G1=DOG, G2=CAT, G3=DOG) -> lights(S0=ON, S1=OFF, S2=ON, S3=ON) -> guesses(G0=DOGok, G1=DOGok, G2=CATok, G3=DOGok)  R=1.00
             ex2: items(G0=CAT, G1=CAT, G2=DOG, G3=CAT) -> lights(S0=OFF, S1=ON, S2=OFF, S3=OFF) -> guesses(G0=CATok, G1=CATok, G2=CATXX, G3=CATok)  R=0.75
             ex3: items(G0=DOG, G1=DOG, G2=DOG, G3=DOG) -> lights(S0=ON, S1=ON, S2=ON, S3=ON) -> guesses(G0=DOGok, G1=DOGok, G2=DOGok, G3=DOGok)  R=1.00
             ex4: items(G0=CAT, G1=DOG, G2=DOG, G3=DOG) -> lights(S0=OFF, S1=ON, S2=ON, S3=ON) -> guesses(G0=CATok, G1=DOGok, G2=DOGok, G3=DOGok)  R=1.00
             ex5: items(G0=CAT, G1=DOG, G2=DOG, G3=CAT) -> lights(S0=OFF, S1=ON, S2=OFF, S3=ON) -> guesses(G0=CATok, G1=DOGok, G2=DOGok, G3=CATok)  R=1.00

  seed 19  R=0.844  [exploiting joint channel (0.844)]  (42.1s)
           not perfect (1 tracking, 3 holistic, 0 pooling signallers)
             S0: track NOT G0                     (kind=dictator, depends on [0])
             S1: general(G0,G1,G2,G3) [nonlinear] (kind=general, depends on [0, 1, 2, 3])
             S2: general(G0,G1,G2,G3) [nonlinear] (kind=general, depends on [0, 1, 2, 3])
             S3: general(G0,G1,G2,G3) [nonlinear] (kind=general, depends on [0, 1, 2, 3])
             entropy reduction per guesser (out of 1.0): G0=1.00, G1=0.45, G2=0.50, G3=0.50
             ex1: items(G0=CAT, G1=CAT, G2=CAT, G3=CAT) -> lights(S0=ON, S1=ON, S2=ON, S3=ON) -> guesses(G0=CATok, G1=DOGXX, G2=CATok, G3=CATok)  R=0.75
             ex2: items(G0=DOG, G1=DOG, G2=DOG, G3=DOG) -> lights(S0=OFF, S1=OFF, S2=OFF, S3=OFF) -> guesses(G0=DOGok, G1=CATXX, G2=DOGok, G3=DOGok)  R=0.75
             ex3: items(G0=CAT, G1=CAT, G2=CAT, G3=DOG) -> lights(S0=ON, S1=OFF, S2=OFF, S3=OFF) -> guesses(G0=CATok, G1=CATok, G2=DOGXX, G3=DOGok)  R=0.75
             ex4: items(G0=DOG, G1=DOG, G2=DOG, G3=DOG) -> lights(S0=OFF, S1=OFF, S2=OFF, S3=OFF) -> guesses(G0=DOGok, G1=CATXX, G2=DOGok, G3=DOGok)  R=0.75
             ex5: items(G0=DOG, G1=DOG, G2=DOG, G3=CAT) -> lights(S0=OFF, S1=ON, S2=ON, S3=ON) -> guesses(G0=DOGok, G1=DOGok, G2=CATXX, G3=CATok)  R=0.75

  seed 20  R=0.891  [exploiting joint channel (0.891)]  (42.3s)
           not perfect (1 tracking, 3 holistic, 0 pooling signallers)
             S0: general(G0,G1,G3) [nonlinear]    (kind=general, depends on [0, 1, 3])
             S1: general(G0,G1,G2,G3) [nonlinear] (kind=general, depends on [0, 1, 2, 3])
             S2: general(G1,G2,G3) [nonlinear]    (kind=general, depends on [1, 2, 3])
             S3: track NOT G0                     (kind=dictator, depends on [0])
             entropy reduction per guesser (out of 1.0): G0=1.00, G1=1.00, G2=0.41, G3=0.66
             ex1: items(G0=DOG, G1=DOG, G2=DOG, G3=DOG) -> lights(S0=OFF, S1=OFF, S2=ON, S3=OFF) -> guesses(G0=DOGok, G1=DOGok, G2=DOGok, G3=DOGok)  R=1.00
             ex2: items(G0=DOG, G1=CAT, G2=DOG, G3=CAT) -> lights(S0=OFF, S1=ON, S2=ON, S3=OFF) -> guesses(G0=DOGok, G1=CATok, G2=CATXX, G3=CATok)  R=0.75
             ex3: items(G0=DOG, G1=DOG, G2=CAT, G3=CAT) -> lights(S0=OFF, S1=ON, S2=OFF, S3=OFF) -> guesses(G0=DOGok, G1=DOGok, G2=CATok, G3=CATok)  R=1.00
             ex4: items(G0=CAT, G1=DOG, G2=CAT, G3=CAT) -> lights(S0=OFF, S1=OFF, S2=OFF, S3=ON) -> guesses(G0=CATok, G1=DOGok, G2=CATok, G3=CATok)  R=1.00
             ex5: items(G0=DOG, G1=CAT, G2=CAT, G3=CAT) -> lights(S0=OFF, S1=ON, S2=ON, S3=OFF) -> guesses(G0=DOGok, G1=CATok, G2=CATok, G3=CATok)  R=1.00

  seed 21  R=0.891  [exploiting joint channel (0.891)]  (42.2s)
           not perfect (0 tracking, 4 holistic, 0 pooling signallers)
             S0: general(G0,G1,G2) [nonlinear]    (kind=general, depends on [0, 1, 2])
             S1: general(G0,G1,G2,G3) [nonlinear] (kind=general, depends on [0, 1, 2, 3])
             S2: general(G0,G1,G2,G3) [nonlinear] (kind=general, depends on [0, 1, 2, 3])
             S3: general(G0,G1,G2,G3) [nonlinear] (kind=general, depends on [0, 1, 2, 3])
             entropy reduction per guesser (out of 1.0): G0=0.70, G1=1.00, G2=0.83, G3=0.53
             ex1: items(G0=DOG, G1=DOG, G2=CAT, G3=DOG) -> lights(S0=OFF, S1=OFF, S2=OFF, S3=ON) -> guesses(G0=DOGok, G1=DOGok, G2=CATok, G3=DOGok)  R=1.00
             ex2: items(G0=DOG, G1=DOG, G2=DOG, G3=DOG) -> lights(S0=OFF, S1=OFF, S2=OFF, S3=OFF) -> guesses(G0=DOGok, G1=DOGok, G2=DOGok, G3=DOGok)  R=1.00
             ex3: items(G0=DOG, G1=CAT, G2=CAT, G3=DOG) -> lights(S0=OFF, S1=ON, S2=OFF, S3=OFF) -> guesses(G0=DOGok, G1=CATok, G2=CATok, G3=DOGok)  R=1.00
             ex4: items(G0=DOG, G1=CAT, G2=CAT, G3=DOG) -> lights(S0=OFF, S1=ON, S2=OFF, S3=OFF) -> guesses(G0=DOGok, G1=CATok, G2=CATok, G3=DOGok)  R=1.00
             ex5: items(G0=CAT, G1=DOG, G2=CAT, G3=CAT) -> lights(S0=OFF, S1=OFF, S2=ON, S3=ON) -> guesses(G0=CATok, G1=DOGok, G2=CATok, G3=CATok)  R=1.00

  seed 22  R=0.844  [exploiting joint channel (0.844)]  (42.0s)
           not perfect (0 tracking, 4 holistic, 0 pooling signallers)
             S0: general(G0,G1,G2,G3) [nonlinear] (kind=general, depends on [0, 1, 2, 3])
             S1: general(G0,G2,G3) [nonlinear]    (kind=general, depends on [0, 2, 3])
             S2: general(G0,G1,G2,G3) [nonlinear] (kind=general, depends on [0, 1, 2, 3])
             S3: general(G0,G1,G2) [nonlinear]    (kind=general, depends on [0, 1, 2])
             entropy reduction per guesser (out of 1.0): G0=0.47, G1=0.34, G2=0.59, G3=1.00
             ex1: items(G0=DOG, G1=DOG, G2=CAT, G3=DOG) -> lights(S0=ON, S1=OFF, S2=OFF, S3=OFF) -> guesses(G0=DOGok, G1=DOGok, G2=DOGXX, G3=DOGok)  R=0.75
             ex2: items(G0=CAT, G1=CAT, G2=DOG, G3=CAT) -> lights(S0=OFF, S1=ON, S2=ON, S3=ON) -> guesses(G0=CATok, G1=CATok, G2=DOGok, G3=CATok)  R=1.00
             ex3: items(G0=DOG, G1=CAT, G2=CAT, G3=CAT) -> lights(S0=ON, S1=ON, S2=ON, S3=ON) -> guesses(G0=CATXX, G1=CATok, G2=CATok, G3=CATok)  R=0.75
             ex4: items(G0=CAT, G1=DOG, G2=DOG, G3=CAT) -> lights(S0=OFF, S1=ON, S2=OFF, S3=OFF) -> guesses(G0=DOGXX, G1=DOGok, G2=DOGok, G3=CATok)  R=0.75
             ex5: items(G0=DOG, G1=CAT, G2=CAT, G3=DOG) -> lights(S0=ON, S1=OFF, S2=ON, S3=ON) -> guesses(G0=CATXX, G1=CATok, G2=CATok, G3=DOGok)  R=0.75

  seed 23  R=0.875  [exploiting joint channel (0.875)]  (42.0s)
           not perfect (0 tracking, 4 holistic, 0 pooling signallers)
             S0: general(G0,G1,G2) [nonlinear]    (kind=general, depends on [0, 1, 2])
             S1: general(G0,G1,G2,G3) [nonlinear] (kind=general, depends on [0, 1, 2, 3])
             S2: general(G0,G1,G2,G3) [nonlinear] (kind=general, depends on [0, 1, 2, 3])
             S3: general(G0,G1,G2,G3) [nonlinear] (kind=general, depends on [0, 1, 2, 3])
             entropy reduction per guesser (out of 1.0): G0=0.75, G1=0.70, G2=1.00, G3=0.70
             ex1: items(G0=CAT, G1=DOG, G2=DOG, G3=CAT) -> lights(S0=ON, S1=ON, S2=ON, S3=ON) -> guesses(G0=CATok, G1=DOGok, G2=DOGok, G3=CATok)  R=1.00
             ex2: items(G0=CAT, G1=CAT, G2=DOG, G3=DOG) -> lights(S0=ON, S1=OFF, S2=OFF, S3=OFF) -> guesses(G0=CATok, G1=CATok, G2=DOGok, G3=DOGok)  R=1.00
             ex3: items(G0=DOG, G1=CAT, G2=DOG, G3=DOG) -> lights(S0=ON, S1=OFF, S2=OFF, S3=ON) -> guesses(G0=DOGok, G1=CATok, G2=DOGok, G3=DOGok)  R=1.00
             ex4: items(G0=DOG, G1=CAT, G2=DOG, G3=DOG) -> lights(S0=ON, S1=OFF, S2=OFF, S3=ON) -> guesses(G0=DOGok, G1=CATok, G2=DOGok, G3=DOGok)  R=1.00
             ex5: items(G0=DOG, G1=CAT, G2=DOG, G3=DOG) -> lights(S0=ON, S1=OFF, S2=OFF, S3=ON) -> guesses(G0=DOGok, G1=CATok, G2=DOGok, G3=DOGok)  R=1.00

  seed 24  R=0.938  [exploiting joint channel (0.938)]  (42.2s)
           not perfect (1 tracking, 3 holistic, 0 pooling signallers)
             S0: general(G0,G1,G2,G3) [nonlinear] (kind=general, depends on [0, 1, 2, 3])
             S1: track G1                         (kind=dictator, depends on [1])
             S2: general(G0,G1,G2,G3) [nonlinear] (kind=general, depends on [0, 1, 2, 3])
             S3: general(G0,G1,G2,G3) [nonlinear] (kind=general, depends on [0, 1, 2, 3])
             entropy reduction per guesser (out of 1.0): G0=0.88, G1=1.00, G2=0.88, G3=0.88
             ex1: items(G0=CAT, G1=DOG, G2=CAT, G3=CAT) -> lights(S0=OFF, S1=ON, S2=OFF, S3=OFF) -> guesses(G0=CATok, G1=DOGok, G2=CATok, G3=CATok)  R=1.00
             ex2: items(G0=DOG, G1=CAT, G2=DOG, G3=CAT) -> lights(S0=OFF, S1=OFF, S2=ON, S3=OFF) -> guesses(G0=DOGok, G1=CATok, G2=CATXX, G3=CATok)  R=0.75
             ex3: items(G0=CAT, G1=DOG, G2=CAT, G3=DOG) -> lights(S0=OFF, S1=ON, S2=OFF, S3=ON) -> guesses(G0=CATok, G1=DOGok, G2=CATok, G3=CATXX)  R=0.75
             ex4: items(G0=CAT, G1=DOG, G2=DOG, G3=CAT) -> lights(S0=ON, S1=ON, S2=OFF, S3=OFF) -> guesses(G0=CATok, G1=DOGok, G2=DOGok, G3=CATok)  R=1.00
             ex5: items(G0=CAT, G1=DOG, G2=CAT, G3=CAT) -> lights(S0=OFF, S1=ON, S2=OFF, S3=OFF) -> guesses(G0=CATok, G1=DOGok, G2=CATok, G3=CATok)  R=1.00

  seed 25  R=0.875  [exploiting joint channel (0.875)]  (42.1s)
           not perfect (0 tracking, 4 holistic, 0 pooling signallers)
             S0: general(G0,G1,G2,G3) [nonlinear] (kind=general, depends on [0, 1, 2, 3])
             S1: general(G0,G1,G2,G3) [nonlinear] (kind=general, depends on [0, 1, 2, 3])
             S2: general(G0,G1,G2,G3) [nonlinear] (kind=general, depends on [0, 1, 2, 3])
             S3: general(G0,G1,G2,G3) [nonlinear] (kind=general, depends on [0, 1, 2, 3])
             entropy reduction per guesser (out of 1.0): G0=1.00, G1=0.75, G2=0.75, G3=0.75
             ex1: items(G0=CAT, G1=CAT, G2=DOG, G3=DOG) -> lights(S0=ON, S1=OFF, S2=OFF, S3=OFF) -> guesses(G0=CATok, G1=CATok, G2=DOGok, G3=DOGok)  R=1.00
             ex2: items(G0=CAT, G1=CAT, G2=DOG, G3=CAT) -> lights(S0=ON, S1=ON, S2=OFF, S3=ON) -> guesses(G0=CATok, G1=CATok, G2=DOGok, G3=CATok)  R=1.00
             ex3: items(G0=DOG, G1=DOG, G2=DOG, G3=CAT) -> lights(S0=OFF, S1=ON, S2=ON, S3=OFF) -> guesses(G0=DOGok, G1=DOGok, G2=DOGok, G3=DOGXX)  R=0.75
             ex4: items(G0=CAT, G1=CAT, G2=CAT, G3=CAT) -> lights(S0=ON, S1=OFF, S2=ON, S3=ON) -> guesses(G0=CATok, G1=CATok, G2=CATok, G3=CATok)  R=1.00
             ex5: items(G0=DOG, G1=DOG, G2=CAT, G3=CAT) -> lights(S0=ON, S1=OFF, S2=ON, S3=OFF) -> guesses(G0=DOGok, G1=CATXX, G2=CATok, G3=CATok)  R=0.75

  seed 26  R=0.891  [exploiting joint channel (0.891)]  (42.1s)
           not perfect (0 tracking, 4 holistic, 0 pooling signallers)
             S0: general(G0,G1,G2,G3) [nonlinear] (kind=general, depends on [0, 1, 2, 3])
             S1: general(G0,G1,G2,G3) [nonlinear] (kind=general, depends on [0, 1, 2, 3])
             S2: general(G0,G1,G2,G3) [nonlinear] (kind=general, depends on [0, 1, 2, 3])
             S3: general(G0,G1,G2,G3) [nonlinear] (kind=general, depends on [0, 1, 2, 3])
             entropy reduction per guesser (out of 1.0): G0=1.00, G1=0.62, G2=0.88, G3=1.00
             ex1: items(G0=CAT, G1=CAT, G2=DOG, G3=CAT) -> lights(S0=ON, S1=OFF, S2=ON, S3=ON) -> guesses(G0=CATok, G1=DOGXX, G2=DOGok, G3=CATok)  R=0.75
             ex2: items(G0=DOG, G1=CAT, G2=DOG, G3=DOG) -> lights(S0=ON, S1=ON, S2=OFF, S3=OFF) -> guesses(G0=DOGok, G1=CATok, G2=DOGok, G3=DOGok)  R=1.00
             ex3: items(G0=DOG, G1=CAT, G2=DOG, G3=CAT) -> lights(S0=ON, S1=OFF, S2=OFF, S3=OFF) -> guesses(G0=DOGok, G1=DOGXX, G2=DOGok, G3=CATok)  R=0.75
             ex4: items(G0=CAT, G1=CAT, G2=DOG, G3=CAT) -> lights(S0=ON, S1=OFF, S2=ON, S3=ON) -> guesses(G0=CATok, G1=DOGXX, G2=DOGok, G3=CATok)  R=0.75
             ex5: items(G0=DOG, G1=DOG, G2=DOG, G3=CAT) -> lights(S0=ON, S1=OFF, S2=OFF, S3=ON) -> guesses(G0=DOGok, G1=DOGok, G2=DOGok, G3=CATok)  R=1.00

  seed 27  R=0.875  [exploiting joint channel (0.875)]  (41.9s)
           not perfect (0 tracking, 4 holistic, 0 pooling signallers)
             S0: general(G0,G1,G2,G3) [nonlinear] (kind=general, depends on [0, 1, 2, 3])
             S1: general(G0,G1,G2,G3) [nonlinear] (kind=general, depends on [0, 1, 2, 3])
             S2: general(G0,G1,G2,G3) [nonlinear] (kind=general, depends on [0, 1, 2, 3])
             S3: general(G0,G1,G2,G3) [nonlinear] (kind=general, depends on [0, 1, 2, 3])
             entropy reduction per guesser (out of 1.0): G0=0.66, G1=1.00, G2=1.00, G3=0.66
             ex1: items(G0=CAT, G1=DOG, G2=CAT, G3=DOG) -> lights(S0=OFF, S1=OFF, S2=ON, S3=OFF) -> guesses(G0=CATok, G1=DOGok, G2=CATok, G3=DOGok)  R=1.00
             ex2: items(G0=CAT, G1=CAT, G2=CAT, G3=CAT) -> lights(S0=ON, S1=OFF, S2=ON, S3=ON) -> guesses(G0=CATok, G1=CATok, G2=CATok, G3=DOGXX)  R=0.75
             ex3: items(G0=CAT, G1=DOG, G2=DOG, G3=DOG) -> lights(S0=OFF, S1=OFF, S2=OFF, S3=OFF) -> guesses(G0=CATok, G1=DOGok, G2=DOGok, G3=DOGok)  R=1.00
             ex4: items(G0=DOG, G1=CAT, G2=CAT, G3=CAT) -> lights(S0=ON, S1=OFF, S2=OFF, S3=ON) -> guesses(G0=DOGok, G1=CATok, G2=CATok, G3=CATok)  R=1.00
             ex5: items(G0=DOG, G1=CAT, G2=CAT, G3=CAT) -> lights(S0=ON, S1=OFF, S2=OFF, S3=ON) -> guesses(G0=DOGok, G1=CATok, G2=CATok, G3=CATok)  R=1.00

  seed 28  R=0.891  [exploiting joint channel (0.891)]  (42.1s)
           not perfect (1 tracking, 3 holistic, 0 pooling signallers)
             S0: general(G0,G1,G2,G3) [nonlinear] (kind=general, depends on [0, 1, 2, 3])
             S1: general(G0,G1,G2,G3) [nonlinear] (kind=general, depends on [0, 1, 2, 3])
             S2: general(G0,G1,G2,G3) [nonlinear] (kind=general, depends on [0, 1, 2, 3])
             S3: track G1                         (kind=dictator, depends on [1])
             entropy reduction per guesser (out of 1.0): G0=0.83, G1=1.00, G2=0.75, G3=0.70
             ex1: items(G0=CAT, G1=CAT, G2=CAT, G3=DOG) -> lights(S0=ON, S1=ON, S2=ON, S3=OFF) -> guesses(G0=CATok, G1=CATok, G2=CATok, G3=DOGok)  R=1.00
             ex2: items(G0=CAT, G1=DOG, G2=CAT, G3=CAT) -> lights(S0=OFF, S1=OFF, S2=ON, S3=ON) -> guesses(G0=CATok, G1=DOGok, G2=DOGXX, G3=CATok)  R=0.75
             ex3: items(G0=DOG, G1=CAT, G2=DOG, G3=DOG) -> lights(S0=ON, S1=OFF, S2=OFF, S3=OFF) -> guesses(G0=DOGok, G1=CATok, G2=CATXX, G3=DOGok)  R=0.75
             ex4: items(G0=CAT, G1=DOG, G2=DOG, G3=DOG) -> lights(S0=ON, S1=OFF, S2=ON, S3=ON) -> guesses(G0=CATok, G1=DOGok, G2=DOGok, G3=DOGok)  R=1.00
             ex5: items(G0=CAT, G1=CAT, G2=DOG, G3=DOG) -> lights(S0=ON, S1=OFF, S2=ON, S3=OFF) -> guesses(G0=CATok, G1=CATok, G2=DOGok, G3=DOGok)  R=1.00

  seed 29  R=0.938  [exploiting joint channel (0.938)]  (42.2s)
           not perfect (0 tracking, 4 holistic, 0 pooling signallers)
             S0: general(G0,G1,G2,G3) [nonlinear] (kind=general, depends on [0, 1, 2, 3])
             S1: general(G0,G1,G2,G3) [nonlinear] (kind=general, depends on [0, 1, 2, 3])
             S2: general(G0,G1,G2,G3) [nonlinear] (kind=general, depends on [0, 1, 2, 3])
             S3: general(G0,G1,G2,G3) [nonlinear] (kind=general, depends on [0, 1, 2, 3])
             entropy reduction per guesser (out of 1.0): G0=0.88, G1=1.00, G2=0.88, G3=0.88
             ex1: items(G0=CAT, G1=DOG, G2=DOG, G3=CAT) -> lights(S0=OFF, S1=ON, S2=OFF, S3=OFF) -> guesses(G0=DOGXX, G1=DOGok, G2=DOGok, G3=CATok)  R=0.75
             ex2: items(G0=CAT, G1=CAT, G2=DOG, G3=DOG) -> lights(S0=OFF, S1=OFF, S2=OFF, S3=ON) -> guesses(G0=CATok, G1=CATok, G2=DOGok, G3=DOGok)  R=1.00
             ex3: items(G0=CAT, G1=DOG, G2=DOG, G3=DOG) -> lights(S0=ON, S1=OFF, S2=OFF, S3=ON) -> guesses(G0=CATok, G1=DOGok, G2=DOGok, G3=DOGok)  R=1.00
             ex4: items(G0=DOG, G1=CAT, G2=CAT, G3=CAT) -> lights(S0=OFF, S1=ON, S2=ON, S3=OFF) -> guesses(G0=DOGok, G1=CATok, G2=CATok, G3=CATok)  R=1.00
             ex5: items(G0=CAT, G1=CAT, G2=CAT, G3=DOG) -> lights(S0=ON, S1=OFF, S2=OFF, S3=OFF) -> guesses(G0=CATok, G1=CATok, G2=CATok, G3=DOGok)  R=1.00

  --- K4x4 / two_brain: summary over 30 seeds ---
      mean team reward           : 0.888
      complementarity rate       : 0.0% of seeds perfect
      convention types:
        partial / non-perfect: 30/30
      signaller-light census (all seeds pooled): general=104 (87%), dictator=16 (13%)
      mean channel utilisation H(M) : 0.981 bits (out of 1.0)
      mean entropy reduction / guesser: 0.804 bits (out of 1.0)

============================================================
  K4x4 / independent
============================================================

  seed  0  R=0.906  [exploiting joint channel (0.906)]  (139.1s)
           not perfect (0 tracking, 4 holistic, 0 pooling signallers)
             S0: general(G0,G1,G2,G3) [nonlinear] (kind=general, depends on [0, 1, 2, 3])
             S1: general(G0,G1,G2,G3) [nonlinear] (kind=general, depends on [0, 1, 2, 3])
             S2: general(G0,G1,G2,G3) [nonlinear] (kind=general, depends on [0, 1, 2, 3])
             S3: general(G0,G1,G2,G3) [nonlinear] (kind=general, depends on [0, 1, 2, 3])
             entropy reduction per guesser (out of 1.0): G0=0.88, G1=1.00, G2=0.75, G3=0.75
             ex1: items(G0=DOG, G1=DOG, G2=CAT, G3=CAT) -> lights(S0=OFF, S1=ON, S2=ON, S3=OFF) -> guesses(G0=DOGok, G1=DOGok, G2=CATok, G3=CATok)  R=1.00
             ex2: items(G0=CAT, G1=DOG, G2=CAT, G3=CAT) -> lights(S0=OFF, S1=ON, S2=OFF, S3=OFF) -> guesses(G0=CATok, G1=DOGok, G2=CATok, G3=CATok)  R=1.00
             ex3: items(G0=DOG, G1=CAT, G2=CAT, G3=DOG) -> lights(S0=ON, S1=OFF, S2=ON, S3=ON) -> guesses(G0=DOGok, G1=CATok, G2=DOGXX, G3=DOGok)  R=0.75
             ex4: items(G0=DOG, G1=CAT, G2=DOG, G3=CAT) -> lights(S0=ON, S1=OFF, S2=OFF, S3=ON) -> guesses(G0=DOGok, G1=CATok, G2=DOGok, G3=DOGXX)  R=0.75
             ex5: items(G0=DOG, G1=CAT, G2=CAT, G3=DOG) -> lights(S0=ON, S1=OFF, S2=ON, S3=ON) -> guesses(G0=DOGok, G1=CATok, G2=DOGXX, G3=DOGok)  R=0.75

  seed  1  R=0.891  [exploiting joint channel (0.891)]  (139.3s)
           not perfect (0 tracking, 4 holistic, 0 pooling signallers)
             S0: general(G0,G1,G2,G3) [nonlinear] (kind=general, depends on [0, 1, 2, 3])
             S1: general(G0,G1,G2,G3) [nonlinear] (kind=general, depends on [0, 1, 2, 3])
             S2: general(G0,G1,G2,G3) [nonlinear] (kind=general, depends on [0, 1, 2, 3])
             S3: general(G0,G1,G2,G3) [nonlinear] (kind=general, depends on [0, 1, 2, 3])
             entropy reduction per guesser (out of 1.0): G0=1.00, G1=1.00, G2=0.62, G3=0.75
             ex1: items(G0=DOG, G1=DOG, G2=CAT, G3=DOG) -> lights(S0=OFF, S1=ON, S2=OFF, S3=ON) -> guesses(G0=DOGok, G1=DOGok, G2=CATok, G3=DOGok)  R=1.00
             ex2: items(G0=DOG, G1=CAT, G2=DOG, G3=DOG) -> lights(S0=ON, S1=ON, S2=OFF, S3=ON) -> guesses(G0=DOGok, G1=CATok, G2=CATXX, G3=DOGok)  R=0.75
             ex3: items(G0=CAT, G1=DOG, G2=DOG, G3=DOG) -> lights(S0=ON, S1=OFF, S2=OFF, S3=OFF) -> guesses(G0=CATok, G1=DOGok, G2=DOGok, G3=DOGok)  R=1.00
             ex4: items(G0=DOG, G1=DOG, G2=DOG, G3=CAT) -> lights(S0=OFF, S1=OFF, S2=ON, S3=OFF) -> guesses(G0=DOGok, G1=DOGok, G2=DOGok, G3=CATok)  R=1.00
             ex5: items(G0=CAT, G1=DOG, G2=DOG, G3=DOG) -> lights(S0=ON, S1=OFF, S2=OFF, S3=OFF) -> guesses(G0=CATok, G1=DOGok, G2=DOGok, G3=DOGok)  R=1.00

  seed  2  R=0.922  [exploiting joint channel (0.922)]  (139.4s)
           not perfect (1 tracking, 3 holistic, 0 pooling signallers)
             S0: track NOT G1                     (kind=dictator, depends on [1])
             S1: general(G0,G2,G3) [nonlinear]    (kind=general, depends on [0, 2, 3])
             S2: general(G0,G1,G2,G3) [nonlinear] (kind=general, depends on [0, 1, 2, 3])
             S3: general(G0,G1,G2,G3) [nonlinear] (kind=general, depends on [0, 1, 2, 3])
             entropy reduction per guesser (out of 1.0): G0=1.00, G1=1.00, G2=0.75, G3=1.00
             ex1: items(G0=CAT, G1=DOG, G2=CAT, G3=CAT) -> lights(S0=OFF, S1=ON, S2=ON, S3=ON) -> guesses(G0=CATok, G1=DOGok, G2=CATok, G3=CATok)  R=1.00
             ex2: items(G0=DOG, G1=CAT, G2=DOG, G3=CAT) -> lights(S0=ON, S1=OFF, S2=OFF, S3=OFF) -> guesses(G0=DOGok, G1=CATok, G2=DOGok, G3=DOGXX)  R=0.75
             ex3: items(G0=CAT, G1=CAT, G2=DOG, G3=DOG) -> lights(S0=ON, S1=OFF, S2=ON, S3=ON) -> guesses(G0=CATok, G1=CATok, G2=DOGok, G3=DOGok)  R=1.00
             ex4: items(G0=DOG, G1=DOG, G2=DOG, G3=CAT) -> lights(S0=OFF, S1=OFF, S2=ON, S3=OFF) -> guesses(G0=CATXX, G1=DOGok, G2=DOGok, G3=CATok)  R=0.75
             ex5: items(G0=CAT, G1=DOG, G2=DOG, G3=DOG) -> lights(S0=OFF, S1=OFF, S2=ON, S3=ON) -> guesses(G0=CATok, G1=DOGok, G2=DOGok, G3=DOGok)  R=1.00

  seed  3  R=0.906  [exploiting joint channel (0.906)]  (139.4s)
           not perfect (1 tracking, 3 holistic, 0 pooling signallers)
             S0: general(G0,G1,G2,G3) [nonlinear] (kind=general, depends on [0, 1, 2, 3])
             S1: track G3                         (kind=dictator, depends on [3])
             S2: general(G0,G1,G2,G3) [nonlinear] (kind=general, depends on [0, 1, 2, 3])
             S3: general(G0,G1,G2,G3) [nonlinear] (kind=general, depends on [0, 1, 2, 3])
             entropy reduction per guesser (out of 1.0): G0=0.75, G1=1.00, G2=0.62, G3=1.00
             ex1: items(G0=DOG, G1=CAT, G2=DOG, G3=CAT) -> lights(S0=OFF, S1=OFF, S2=OFF, S3=ON) -> guesses(G0=DOGok, G1=CATok, G2=CATXX, G3=CATok)  R=0.75
             ex2: items(G0=CAT, G1=DOG, G2=CAT, G3=CAT) -> lights(S0=ON, S1=OFF, S2=OFF, S3=ON) -> guesses(G0=DOGXX, G1=DOGok, G2=CATok, G3=CATok)  R=0.75
             ex3: items(G0=DOG, G1=DOG, G2=DOG, G3=DOG) -> lights(S0=ON, S1=ON, S2=ON, S3=ON) -> guesses(G0=DOGok, G1=DOGok, G2=DOGok, G3=DOGok)  R=1.00
             ex4: items(G0=CAT, G1=DOG, G2=DOG, G3=CAT) -> lights(S0=ON, S1=OFF, S2=ON, S3=OFF) -> guesses(G0=DOGXX, G1=DOGok, G2=DOGok, G3=CATok)  R=0.75
             ex5: items(G0=DOG, G1=DOG, G2=CAT, G3=DOG) -> lights(S0=ON, S1=ON, S2=ON, S3=ON) -> guesses(G0=DOGok, G1=DOGok, G2=DOGXX, G3=DOGok)  R=0.75

  seed  4  R=0.922  [exploiting joint channel (0.922)]  (139.6s)
           not perfect (2 tracking, 2 holistic, 0 pooling signallers)
             S0: track G2                         (kind=dictator, depends on [2])
             S1: track G3                         (kind=dictator, depends on [3])
             S2: general(G0,G1,G2,G3) [nonlinear] (kind=general, depends on [0, 1, 2, 3])
             S3: general(G0,G1,G2,G3) [nonlinear] (kind=general, depends on [0, 1, 2, 3])
             entropy reduction per guesser (out of 1.0): G0=0.53, G1=0.66, G2=1.00, G3=1.00
             ex1: items(G0=CAT, G1=DOG, G2=DOG, G3=DOG) -> lights(S0=ON, S1=ON, S2=ON, S3=OFF) -> guesses(G0=DOGXX, G1=DOGok, G2=DOGok, G3=DOGok)  R=0.75
             ex2: items(G0=DOG, G1=DOG, G2=DOG, G3=CAT) -> lights(S0=ON, S1=OFF, S2=ON, S3=OFF) -> guesses(G0=DOGok, G1=DOGok, G2=DOGok, G3=CATok)  R=1.00
             ex3: items(G0=CAT, G1=CAT, G2=DOG, G3=DOG) -> lights(S0=ON, S1=ON, S2=OFF, S3=ON) -> guesses(G0=CATok, G1=CATok, G2=DOGok, G3=DOGok)  R=1.00
             ex4: items(G0=CAT, G1=CAT, G2=CAT, G3=CAT) -> lights(S0=OFF, S1=OFF, S2=OFF, S3=ON) -> guesses(G0=CATok, G1=CATok, G2=CATok, G3=CATok)  R=1.00
             ex5: items(G0=DOG, G1=DOG, G2=DOG, G3=CAT) -> lights(S0=ON, S1=OFF, S2=ON, S3=OFF) -> guesses(G0=DOGok, G1=DOGok, G2=DOGok, G3=CATok)  R=1.00

  seed  5  R=0.891  [exploiting joint channel (0.891)]  (139.4s)
           not perfect (1 tracking, 3 holistic, 0 pooling signallers)
             S0: general(G1,G2) [nonlinear]       (kind=general, depends on [1, 2])
             S1: general(G0,G1,G2,G3) [nonlinear] (kind=general, depends on [0, 1, 2, 3])
             S2: track G3                         (kind=dictator, depends on [3])
             S3: general(G0,G1,G2,G3) [nonlinear] (kind=general, depends on [0, 1, 2, 3])
             entropy reduction per guesser (out of 1.0): G0=0.88, G1=0.83, G2=0.45, G3=1.00
             ex1: items(G0=CAT, G1=DOG, G2=DOG, G3=DOG) -> lights(S0=ON, S1=ON, S2=ON, S3=OFF) -> guesses(G0=CATok, G1=DOGok, G2=CATXX, G3=DOGok)  R=0.75
             ex2: items(G0=CAT, G1=DOG, G2=CAT, G3=DOG) -> lights(S0=ON, S1=ON, S2=ON, S3=OFF) -> guesses(G0=CATok, G1=DOGok, G2=CATok, G3=DOGok)  R=1.00
             ex3: items(G0=CAT, G1=DOG, G2=CAT, G3=DOG) -> lights(S0=ON, S1=ON, S2=ON, S3=OFF) -> guesses(G0=CATok, G1=DOGok, G2=CATok, G3=DOGok)  R=1.00
             ex4: items(G0=DOG, G1=CAT, G2=CAT, G3=CAT) -> lights(S0=ON, S1=OFF, S2=OFF, S3=ON) -> guesses(G0=DOGok, G1=CATok, G2=CATok, G3=CATok)  R=1.00
             ex5: items(G0=CAT, G1=CAT, G2=CAT, G3=CAT) -> lights(S0=ON, S1=OFF, S2=OFF, S3=OFF) -> guesses(G0=CATok, G1=CATok, G2=CATok, G3=CATok)  R=1.00

  seed  6  R=0.875  [exploiting joint channel (0.875)]  (139.2s)
           not perfect (0 tracking, 4 holistic, 0 pooling signallers)
             S0: general(G1,G2,G3) [nonlinear]    (kind=general, depends on [1, 2, 3])
             S1: general(G0,G1,G2,G3) [nonlinear] (kind=general, depends on [0, 1, 2, 3])
             S2: general(G0,G1,G2,G3) [nonlinear] (kind=general, depends on [0, 1, 2, 3])
             S3: general(G1,G2,G3) [nonlinear]    (kind=general, depends on [1, 2, 3])
             entropy reduction per guesser (out of 1.0): G0=0.45, G1=1.00, G2=0.83, G3=1.00
             ex1: items(G0=DOG, G1=DOG, G2=DOG, G3=CAT) -> lights(S0=ON, S1=ON, S2=ON, S3=OFF) -> guesses(G0=DOGok, G1=DOGok, G2=DOGok, G3=CATok)  R=1.00
             ex2: items(G0=DOG, G1=DOG, G2=DOG, G3=DOG) -> lights(S0=ON, S1=OFF, S2=ON, S3=ON) -> guesses(G0=DOGok, G1=DOGok, G2=DOGok, G3=DOGok)  R=1.00
             ex3: items(G0=DOG, G1=DOG, G2=DOG, G3=DOG) -> lights(S0=ON, S1=OFF, S2=ON, S3=ON) -> guesses(G0=DOGok, G1=DOGok, G2=DOGok, G3=DOGok)  R=1.00
             ex4: items(G0=DOG, G1=DOG, G2=DOG, G3=DOG) -> lights(S0=ON, S1=OFF, S2=ON, S3=ON) -> guesses(G0=DOGok, G1=DOGok, G2=DOGok, G3=DOGok)  R=1.00
             ex5: items(G0=DOG, G1=DOG, G2=DOG, G3=CAT) -> lights(S0=ON, S1=ON, S2=ON, S3=OFF) -> guesses(G0=DOGok, G1=DOGok, G2=DOGok, G3=CATok)  R=1.00

  seed  7  R=0.859  [exploiting joint channel (0.859)]  (139.2s)
           not perfect (0 tracking, 4 holistic, 0 pooling signallers)
             S0: general(G0,G1,G2,G3) [nonlinear] (kind=general, depends on [0, 1, 2, 3])
             S1: general(G0,G1,G2,G3) [nonlinear] (kind=general, depends on [0, 1, 2, 3])
             S2: general(G0,G1,G2,G3) [nonlinear] (kind=general, depends on [0, 1, 2, 3])
             S3: general(G0,G1,G2) [nonlinear]    (kind=general, depends on [0, 1, 2])
             entropy reduction per guesser (out of 1.0): G0=0.75, G1=0.88, G2=0.88, G3=0.75
             ex1: items(G0=CAT, G1=CAT, G2=DOG, G3=CAT) -> lights(S0=OFF, S1=OFF, S2=OFF, S3=ON) -> guesses(G0=CATok, G1=CATok, G2=CATXX, G3=CATok)  R=0.75
             ex2: items(G0=DOG, G1=CAT, G2=CAT, G3=DOG) -> lights(S0=OFF, S1=ON, S2=OFF, S3=ON) -> guesses(G0=CATXX, G1=CATok, G2=CATok, G3=DOGok)  R=0.75
             ex3: items(G0=CAT, G1=DOG, G2=DOG, G3=CAT) -> lights(S0=OFF, S1=OFF, S2=ON, S3=ON) -> guesses(G0=CATok, G1=DOGok, G2=CATXX, G3=CATok)  R=0.75
             ex4: items(G0=CAT, G1=CAT, G2=DOG, G3=DOG) -> lights(S0=ON, S1=ON, S2=OFF, S3=ON) -> guesses(G0=CATok, G1=CATok, G2=DOGok, G3=DOGok)  R=1.00
             ex5: items(G0=CAT, G1=CAT, G2=CAT, G3=DOG) -> lights(S0=OFF, S1=ON, S2=OFF, S3=ON) -> guesses(G0=CATok, G1=CATok, G2=CATok, G3=DOGok)  R=1.00

  seed  8  R=0.859  [exploiting joint channel (0.859)]  (139.3s)
           not perfect (0 tracking, 4 holistic, 0 pooling signallers)
             S0: general(G0,G1,G2,G3) [nonlinear] (kind=general, depends on [0, 1, 2, 3])
             S1: general(G1,G2,G3) [nonlinear]    (kind=general, depends on [1, 2, 3])
             S2: general(G0,G1,G2,G3) [nonlinear] (kind=general, depends on [0, 1, 2, 3])
             S3: general(G0,G1,G2,G3) [nonlinear] (kind=general, depends on [0, 1, 2, 3])
             entropy reduction per guesser (out of 1.0): G0=0.70, G1=0.70, G2=0.75, G3=0.70
             ex1: items(G0=CAT, G1=CAT, G2=DOG, G3=CAT) -> lights(S0=ON, S1=OFF, S2=OFF, S3=ON) -> guesses(G0=CATok, G1=CATok, G2=DOGok, G3=DOGXX)  R=0.75
             ex2: items(G0=DOG, G1=DOG, G2=DOG, G3=DOG) -> lights(S0=OFF, S1=OFF, S2=OFF, S3=OFF) -> guesses(G0=DOGok, G1=DOGok, G2=DOGok, G3=CATXX)  R=0.75
             ex3: items(G0=CAT, G1=CAT, G2=CAT, G3=DOG) -> lights(S0=ON, S1=ON, S2=OFF, S3=ON) -> guesses(G0=CATok, G1=CATok, G2=DOGXX, G3=DOGok)  R=0.75
             ex4: items(G0=DOG, G1=DOG, G2=CAT, G3=CAT) -> lights(S0=OFF, S1=OFF, S2=ON, S3=OFF) -> guesses(G0=DOGok, G1=DOGok, G2=DOGXX, G3=CATok)  R=0.75
             ex5: items(G0=DOG, G1=DOG, G2=CAT, G3=CAT) -> lights(S0=OFF, S1=OFF, S2=ON, S3=OFF) -> guesses(G0=DOGok, G1=DOGok, G2=DOGXX, G3=CATok)  R=0.75

  seed  9  R=0.922  [exploiting joint channel (0.922)]  (139.5s)
           not perfect (1 tracking, 3 holistic, 0 pooling signallers)
             S0: general(G0,G1,G2,G3) [nonlinear] (kind=general, depends on [0, 1, 2, 3])
             S1: general(G0,G1,G2,G3) [nonlinear] (kind=general, depends on [0, 1, 2, 3])
             S2: track G0                         (kind=dictator, depends on [0])
             S3: general(G0,G1,G2,G3) [nonlinear] (kind=general, depends on [0, 1, 2, 3])
             entropy reduction per guesser (out of 1.0): G0=1.00, G1=0.83, G2=0.83, G3=0.66
             ex1: items(G0=DOG, G1=CAT, G2=DOG, G3=CAT) -> lights(S0=ON, S1=OFF, S2=ON, S3=OFF) -> guesses(G0=DOGok, G1=CATok, G2=DOGok, G3=DOGXX)  R=0.75
             ex2: items(G0=DOG, G1=CAT, G2=DOG, G3=DOG) -> lights(S0=ON, S1=OFF, S2=ON, S3=OFF) -> guesses(G0=DOGok, G1=CATok, G2=DOGok, G3=DOGok)  R=1.00
             ex3: items(G0=DOG, G1=CAT, G2=CAT, G3=DOG) -> lights(S0=OFF, S1=OFF, S2=ON, S3=ON) -> guesses(G0=DOGok, G1=CATok, G2=CATok, G3=DOGok)  R=1.00
             ex4: items(G0=CAT, G1=DOG, G2=DOG, G3=CAT) -> lights(S0=ON, S1=ON, S2=OFF, S3=OFF) -> guesses(G0=CATok, G1=DOGok, G2=DOGok, G3=CATok)  R=1.00
             ex5: items(G0=CAT, G1=DOG, G2=CAT, G3=CAT) -> lights(S0=OFF, S1=ON, S2=OFF, S3=OFF) -> guesses(G0=CATok, G1=DOGok, G2=CATok, G3=CATok)  R=1.00

  seed 10  R=0.906  [exploiting joint channel (0.906)]  (139.4s)
           not perfect (0 tracking, 4 holistic, 0 pooling signallers)
             S0: general(G0,G1,G2) [nonlinear]    (kind=general, depends on [0, 1, 2])
             S1: general(G0,G1,G2,G3) [nonlinear] (kind=general, depends on [0, 1, 2, 3])
             S2: general(G0,G1,G2,G3) [nonlinear] (kind=general, depends on [0, 1, 2, 3])
             S3: general(G0,G1,G2,G3) [nonlinear] (kind=general, depends on [0, 1, 2, 3])
             entropy reduction per guesser (out of 1.0): G0=1.00, G1=0.83, G2=0.88, G3=0.70
             ex1: items(G0=DOG, G1=DOG, G2=DOG, G3=CAT) -> lights(S0=ON, S1=ON, S2=ON, S3=ON) -> guesses(G0=DOGok, G1=DOGok, G2=CATXX, G3=CATok)  R=0.75
             ex2: items(G0=CAT, G1=DOG, G2=DOG, G3=CAT) -> lights(S0=ON, S1=OFF, S2=ON, S3=ON) -> guesses(G0=CATok, G1=DOGok, G2=DOGok, G3=CATok)  R=1.00
             ex3: items(G0=CAT, G1=CAT, G2=CAT, G3=CAT) -> lights(S0=OFF, S1=ON, S2=ON, S3=ON) -> guesses(G0=CATok, G1=DOGXX, G2=CATok, G3=CATok)  R=0.75
             ex4: items(G0=CAT, G1=DOG, G2=CAT, G3=DOG) -> lights(S0=OFF, S1=ON, S2=ON, S3=ON) -> guesses(G0=CATok, G1=DOGok, G2=CATok, G3=CATXX)  R=0.75
             ex5: items(G0=CAT, G1=CAT, G2=DOG, G3=DOG) -> lights(S0=OFF, S1=OFF, S2=OFF, S3=ON) -> guesses(G0=CATok, G1=CATok, G2=DOGok, G3=DOGok)  R=1.00

  seed 11  R=0.844  [exploiting joint channel (0.844)]  (139.3s)
           not perfect (0 tracking, 4 holistic, 0 pooling signallers)
             S0: general(G0,G1,G2,G3) [nonlinear] (kind=general, depends on [0, 1, 2, 3])
             S1: general(G0,G1,G2,G3) [nonlinear] (kind=general, depends on [0, 1, 2, 3])
             S2: general(G0,G1,G2,G3) [nonlinear] (kind=general, depends on [0, 1, 2, 3])
             S3: general(G0,G1,G2,G3) [nonlinear] (kind=general, depends on [0, 1, 2, 3])
             entropy reduction per guesser (out of 1.0): G0=0.48, G1=0.66, G2=1.00, G3=0.48
             ex1: items(G0=DOG, G1=CAT, G2=CAT, G3=DOG) -> lights(S0=ON, S1=ON, S2=ON, S3=OFF) -> guesses(G0=DOGok, G1=CATok, G2=CATok, G3=DOGok)  R=1.00
             ex2: items(G0=CAT, G1=DOG, G2=CAT, G3=CAT) -> lights(S0=OFF, S1=OFF, S2=OFF, S3=OFF) -> guesses(G0=CATok, G1=DOGok, G2=CATok, G3=CATok)  R=1.00
             ex3: items(G0=CAT, G1=CAT, G2=CAT, G3=CAT) -> lights(S0=OFF, S1=OFF, S2=OFF, S3=OFF) -> guesses(G0=CATok, G1=DOGXX, G2=CATok, G3=CATok)  R=0.75
             ex4: items(G0=CAT, G1=DOG, G2=DOG, G3=CAT) -> lights(S0=OFF, S1=OFF, S2=OFF, S3=ON) -> guesses(G0=CATok, G1=DOGok, G2=DOGok, G3=CATok)  R=1.00
             ex5: items(G0=CAT, G1=DOG, G2=DOG, G3=DOG) -> lights(S0=OFF, S1=OFF, S2=OFF, S3=ON) -> guesses(G0=CATok, G1=DOGok, G2=DOGok, G3=CATXX)  R=0.75

  seed 12  R=0.891  [exploiting joint channel (0.891)]  (139.2s)
           not perfect (0 tracking, 4 holistic, 0 pooling signallers)
             S0: general(G0,G1,G2,G3) [nonlinear] (kind=general, depends on [0, 1, 2, 3])
             S1: general(G0,G1,G2,G3) [nonlinear] (kind=general, depends on [0, 1, 2, 3])
             S2: general(G0,G1,G2,G3) [nonlinear] (kind=general, depends on [0, 1, 2, 3])
             S3: general(G0,G1,G2,G3) [nonlinear] (kind=general, depends on [0, 1, 2, 3])
             entropy reduction per guesser (out of 1.0): G0=0.88, G1=0.70, G2=1.00, G3=0.70
             ex1: items(G0=DOG, G1=CAT, G2=DOG, G3=DOG) -> lights(S0=ON, S1=OFF, S2=OFF, S3=OFF) -> guesses(G0=DOGok, G1=CATok, G2=DOGok, G3=CATXX)  R=0.75
             ex2: items(G0=DOG, G1=CAT, G2=CAT, G3=DOG) -> lights(S0=OFF, S1=OFF, S2=ON, S3=ON) -> guesses(G0=DOGok, G1=CATok, G2=CATok, G3=DOGok)  R=1.00
             ex3: items(G0=DOG, G1=CAT, G2=DOG, G3=DOG) -> lights(S0=ON, S1=OFF, S2=OFF, S3=OFF) -> guesses(G0=DOGok, G1=CATok, G2=DOGok, G3=CATXX)  R=0.75
             ex4: items(G0=CAT, G1=DOG, G2=DOG, G3=CAT) -> lights(S0=OFF, S1=ON, S2=ON, S3=OFF) -> guesses(G0=CATok, G1=DOGok, G2=DOGok, G3=DOGXX)  R=0.75
             ex5: items(G0=DOG, G1=DOG, G2=DOG, G3=CAT) -> lights(S0=OFF, S1=OFF, S2=OFF, S3=OFF) -> guesses(G0=DOGok, G1=DOGok, G2=DOGok, G3=CATok)  R=1.00

  seed 13  R=0.922  [exploiting joint channel (0.922)]  (139.2s)
           not perfect (2 tracking, 2 holistic, 0 pooling signallers)
             S0: general(G0,G1,G2) [nonlinear]    (kind=general, depends on [0, 1, 2])
             S1: track G0                         (kind=dictator, depends on [0])
             S2: general(G0,G1,G2) [nonlinear]    (kind=general, depends on [0, 1, 2])
             S3: track G3                         (kind=dictator, depends on [3])
             entropy reduction per guesser (out of 1.0): G0=1.00, G1=0.75, G2=0.75, G3=1.00
             ex1: items(G0=CAT, G1=DOG, G2=CAT, G3=DOG) -> lights(S0=ON, S1=OFF, S2=OFF, S3=ON) -> guesses(G0=CATok, G1=DOGok, G2=CATok, G3=DOGok)  R=1.00
             ex2: items(G0=CAT, G1=CAT, G2=CAT, G3=CAT) -> lights(S0=OFF, S1=OFF, S2=OFF, S3=OFF) -> guesses(G0=CATok, G1=CATok, G2=CATok, G3=CATok)  R=1.00
             ex3: items(G0=DOG, G1=CAT, G2=DOG, G3=DOG) -> lights(S0=OFF, S1=ON, S2=OFF, S3=ON) -> guesses(G0=DOGok, G1=CATok, G2=CATXX, G3=DOGok)  R=0.75
             ex4: items(G0=CAT, G1=DOG, G2=DOG, G3=CAT) -> lights(S0=ON, S1=OFF, S2=ON, S3=OFF) -> guesses(G0=CATok, G1=DOGok, G2=DOGok, G3=CATok)  R=1.00
             ex5: items(G0=DOG, G1=CAT, G2=DOG, G3=CAT) -> lights(S0=OFF, S1=ON, S2=OFF, S3=OFF) -> guesses(G0=DOGok, G1=CATok, G2=CATXX, G3=CATok)  R=0.75

  seed 14  R=0.891  [exploiting joint channel (0.891)]  (139.4s)
           not perfect (0 tracking, 4 holistic, 0 pooling signallers)
             S0: general(G0,G1,G2,G3) [nonlinear] (kind=general, depends on [0, 1, 2, 3])
             S1: general(G0,G2,G3) [nonlinear]    (kind=general, depends on [0, 2, 3])
             S2: general(G0,G1,G2,G3) [nonlinear] (kind=general, depends on [0, 1, 2, 3])
             S3: general(G0,G1,G2,G3) [nonlinear] (kind=general, depends on [0, 1, 2, 3])
             entropy reduction per guesser (out of 1.0): G0=0.88, G1=0.50, G2=1.00, G3=0.88
             ex1: items(G0=DOG, G1=DOG, G2=DOG, G3=DOG) -> lights(S0=ON, S1=OFF, S2=OFF, S3=ON) -> guesses(G0=CATXX, G1=DOGok, G2=DOGok, G3=DOGok)  R=0.75
             ex2: items(G0=CAT, G1=CAT, G2=DOG, G3=CAT) -> lights(S0=OFF, S1=OFF, S2=ON, S3=ON) -> guesses(G0=CATok, G1=DOGXX, G2=DOGok, G3=CATok)  R=0.75
             ex3: items(G0=DOG, G1=DOG, G2=DOG, G3=DOG) -> lights(S0=ON, S1=OFF, S2=OFF, S3=ON) -> guesses(G0=CATXX, G1=DOGok, G2=DOGok, G3=DOGok)  R=0.75
             ex4: items(G0=CAT, G1=DOG, G2=DOG, G3=DOG) -> lights(S0=ON, S1=OFF, S2=OFF, S3=ON) -> guesses(G0=CATok, G1=DOGok, G2=DOGok, G3=DOGok)  R=1.00
             ex5: items(G0=DOG, G1=CAT, G2=CAT, G3=DOG) -> lights(S0=ON, S1=OFF, S2=OFF, S3=OFF) -> guesses(G0=DOGok, G1=DOGXX, G2=CATok, G3=DOGok)  R=0.75

  seed 15  R=0.891  [exploiting joint channel (0.891)]  (139.4s)
           not perfect (0 tracking, 4 holistic, 0 pooling signallers)
             S0: general(G0,G1,G2,G3) [nonlinear] (kind=general, depends on [0, 1, 2, 3])
             S1: general(G0,G1,G2,G3) [nonlinear] (kind=general, depends on [0, 1, 2, 3])
             S2: general(G0,G1,G2,G3) [nonlinear] (kind=general, depends on [0, 1, 2, 3])
             S3: general(G0,G1,G2,G3) [nonlinear] (kind=general, depends on [0, 1, 2, 3])
             entropy reduction per guesser (out of 1.0): G0=0.75, G1=0.75, G2=1.00, G3=0.75
             ex1: items(G0=CAT, G1=DOG, G2=DOG, G3=DOG) -> lights(S0=ON, S1=OFF, S2=ON, S3=OFF) -> guesses(G0=CATok, G1=DOGok, G2=CATXX, G3=DOGok)  R=0.75
             ex2: items(G0=DOG, G1=CAT, G2=CAT, G3=DOG) -> lights(S0=OFF, S1=OFF, S2=OFF, S3=OFF) -> guesses(G0=CATXX, G1=CATok, G2=CATok, G3=DOGok)  R=0.75
             ex3: items(G0=CAT, G1=DOG, G2=CAT, G3=CAT) -> lights(S0=OFF, S1=ON, S2=ON, S3=OFF) -> guesses(G0=DOGXX, G1=DOGok, G2=CATok, G3=CATok)  R=0.75
             ex4: items(G0=DOG, G1=CAT, G2=CAT, G3=CAT) -> lights(S0=OFF, S1=ON, S2=OFF, S3=OFF) -> guesses(G0=DOGok, G1=CATok, G2=CATok, G3=CATok)  R=1.00
             ex5: items(G0=CAT, G1=CAT, G2=DOG, G3=CAT) -> lights(S0=ON, S1=OFF, S2=OFF, S3=ON) -> guesses(G0=CATok, G1=CATok, G2=DOGok, G3=CATok)  R=1.00

  seed 16  R=0.906  [exploiting joint channel (0.906)]  (139.8s)
           not perfect (0 tracking, 4 holistic, 0 pooling signallers)
             S0: general(G0,G1,G2,G3) [nonlinear] (kind=general, depends on [0, 1, 2, 3])
             S1: general(G0,G1,G2,G3) [nonlinear] (kind=general, depends on [0, 1, 2, 3])
             S2: general(G0,G1,G2,G3) [nonlinear] (kind=general, depends on [0, 1, 2, 3])
             S3: general(G0,G1,G2,G3) [nonlinear] (kind=general, depends on [0, 1, 2, 3])
             entropy reduction per guesser (out of 1.0): G0=1.00, G1=1.00, G2=0.70, G3=0.70
             ex1: items(G0=CAT, G1=CAT, G2=CAT, G3=DOG) -> lights(S0=ON, S1=ON, S2=ON, S3=ON) -> guesses(G0=CATok, G1=CATok, G2=CATok, G3=DOGok)  R=1.00
             ex2: items(G0=DOG, G1=CAT, G2=DOG, G3=DOG) -> lights(S0=ON, S1=ON, S2=OFF, S3=ON) -> guesses(G0=DOGok, G1=CATok, G2=DOGok, G3=DOGok)  R=1.00
             ex3: items(G0=CAT, G1=CAT, G2=DOG, G3=CAT) -> lights(S0=OFF, S1=ON, S2=ON, S3=ON) -> guesses(G0=CATok, G1=CATok, G2=DOGok, G3=CATok)  R=1.00
             ex4: items(G0=CAT, G1=CAT, G2=CAT, G3=CAT) -> lights(S0=OFF, S1=ON, S2=ON, S3=ON) -> guesses(G0=CATok, G1=CATok, G2=DOGXX, G3=CATok)  R=0.75
             ex5: items(G0=DOG, G1=DOG, G2=DOG, G3=DOG) -> lights(S0=ON, S1=OFF, S2=ON, S3=OFF) -> guesses(G0=DOGok, G1=DOGok, G2=CATXX, G3=DOGok)  R=0.75

  seed 17  R=0.875  [exploiting joint channel (0.875)]  (139.3s)
           not perfect (0 tracking, 4 holistic, 0 pooling signallers)
             S0: general(G0,G1,G2,G3) [nonlinear] (kind=general, depends on [0, 1, 2, 3])
             S1: general(G0,G1,G2,G3) [nonlinear] (kind=general, depends on [0, 1, 2, 3])
             S2: general(G0,G1,G2,G3) [nonlinear] (kind=general, depends on [0, 1, 2, 3])
             S3: general(G0,G1,G2,G3) [nonlinear] (kind=general, depends on [0, 1, 2, 3])
             entropy reduction per guesser (out of 1.0): G0=0.75, G1=1.00, G2=0.83, G3=0.70
             ex1: items(G0=CAT, G1=CAT, G2=DOG, G3=DOG) -> lights(S0=ON, S1=ON, S2=ON, S3=OFF) -> guesses(G0=DOGXX, G1=CATok, G2=DOGok, G3=DOGok)  R=0.75
             ex2: items(G0=CAT, G1=CAT, G2=CAT, G3=DOG) -> lights(S0=OFF, S1=OFF, S2=OFF, S3=OFF) -> guesses(G0=CATok, G1=CATok, G2=CATok, G3=DOGok)  R=1.00
             ex3: items(G0=DOG, G1=CAT, G2=DOG, G3=CAT) -> lights(S0=ON, S1=OFF, S2=ON, S3=OFF) -> guesses(G0=DOGok, G1=CATok, G2=CATXX, G3=CATok)  R=0.75
             ex4: items(G0=DOG, G1=DOG, G2=DOG, G3=CAT) -> lights(S0=ON, S1=OFF, S2=OFF, S3=ON) -> guesses(G0=DOGok, G1=DOGok, G2=DOGok, G3=CATok)  R=1.00
             ex5: items(G0=CAT, G1=DOG, G2=DOG, G3=DOG) -> lights(S0=ON, S1=ON, S2=OFF, S3=OFF) -> guesses(G0=CATok, G1=DOGok, G2=DOGok, G3=DOGok)  R=1.00

  seed 18  R=0.891  [exploiting joint channel (0.891)]  (139.5s)
           not perfect (0 tracking, 4 holistic, 0 pooling signallers)
             S0: general(G0,G1,G2,G3) [nonlinear] (kind=general, depends on [0, 1, 2, 3])
             S1: general(G0,G1,G2,G3) [nonlinear] (kind=general, depends on [0, 1, 2, 3])
             S2: general(G0,G1,G2,G3) [nonlinear] (kind=general, depends on [0, 1, 2, 3])
             S3: general(G0,G1,G2,G3) [nonlinear] (kind=general, depends on [0, 1, 2, 3])
             entropy reduction per guesser (out of 1.0): G0=0.75, G1=0.75, G2=0.88, G3=0.88
             ex1: items(G0=DOG, G1=DOG, G2=CAT, G3=DOG) -> lights(S0=ON, S1=OFF, S2=ON, S3=OFF) -> guesses(G0=DOGok, G1=DOGok, G2=CATok, G3=DOGok)  R=1.00
             ex2: items(G0=CAT, G1=CAT, G2=DOG, G3=CAT) -> lights(S0=OFF, S1=ON, S2=ON, S3=ON) -> guesses(G0=CATok, G1=CATok, G2=DOGok, G3=CATok)  R=1.00
             ex3: items(G0=DOG, G1=DOG, G2=DOG, G3=DOG) -> lights(S0=ON, S1=ON, S2=OFF, S3=OFF) -> guesses(G0=DOGok, G1=DOGok, G2=DOGok, G3=CATXX)  R=0.75
             ex4: items(G0=CAT, G1=DOG, G2=DOG, G3=DOG) -> lights(S0=ON, S1=ON, S2=OFF, S3=ON) -> guesses(G0=CATok, G1=DOGok, G2=DOGok, G3=DOGok)  R=1.00
             ex5: items(G0=CAT, G1=DOG, G2=DOG, G3=CAT) -> lights(S0=OFF, S1=ON, S2=OFF, S3=OFF) -> guesses(G0=CATok, G1=DOGok, G2=DOGok, G3=CATok)  R=1.00

  seed 19  R=0.891  [exploiting joint channel (0.891)]  (139.5s)
           not perfect (0 tracking, 4 holistic, 0 pooling signallers)
             S0: general(G0,G1,G2,G3) [nonlinear] (kind=general, depends on [0, 1, 2, 3])
             S1: general(G0,G1,G3) [nonlinear]    (kind=general, depends on [0, 1, 3])
             S2: general(G0,G1,G3) [nonlinear]    (kind=general, depends on [0, 1, 3])
             S3: general(G0,G1,G2,G3) [nonlinear] (kind=general, depends on [0, 1, 2, 3])
             entropy reduction per guesser (out of 1.0): G0=1.00, G1=1.00, G2=0.45, G3=0.83
             ex1: items(G0=CAT, G1=CAT, G2=CAT, G3=CAT) -> lights(S0=ON, S1=ON, S2=ON, S3=ON) -> guesses(G0=CATok, G1=CATok, G2=DOGXX, G3=CATok)  R=0.75
             ex2: items(G0=DOG, G1=DOG, G2=DOG, G3=DOG) -> lights(S0=OFF, S1=OFF, S2=OFF, S3=OFF) -> guesses(G0=DOGok, G1=DOGok, G2=DOGok, G3=DOGok)  R=1.00
             ex3: items(G0=CAT, G1=CAT, G2=CAT, G3=DOG) -> lights(S0=ON, S1=ON, S2=ON, S3=OFF) -> guesses(G0=CATok, G1=CATok, G2=DOGXX, G3=DOGok)  R=0.75
             ex4: items(G0=DOG, G1=DOG, G2=DOG, G3=DOG) -> lights(S0=OFF, S1=OFF, S2=OFF, S3=OFF) -> guesses(G0=DOGok, G1=DOGok, G2=DOGok, G3=DOGok)  R=1.00
             ex5: items(G0=DOG, G1=DOG, G2=DOG, G3=CAT) -> lights(S0=OFF, S1=ON, S2=OFF, S3=ON) -> guesses(G0=DOGok, G1=DOGok, G2=CATXX, G3=CATok)  R=0.75

  seed 20  R=0.906  [exploiting joint channel (0.906)]  (140.1s)
           not perfect (0 tracking, 4 holistic, 0 pooling signallers)
             S0: general(G0,G1,G2,G3) [nonlinear] (kind=general, depends on [0, 1, 2, 3])
             S1: general(G0,G1,G2,G3) [nonlinear] (kind=general, depends on [0, 1, 2, 3])
             S2: general(G0,G1,G2,G3) [nonlinear] (kind=general, depends on [0, 1, 2, 3])
             S3: general(G0,G1,G2,G3) [nonlinear] (kind=general, depends on [0, 1, 2, 3])
             entropy reduction per guesser (out of 1.0): G0=0.58, G1=0.70, G2=1.00, G3=1.00
             ex1: items(G0=DOG, G1=DOG, G2=DOG, G3=DOG) -> lights(S0=OFF, S1=OFF, S2=ON, S3=OFF) -> guesses(G0=DOGok, G1=DOGok, G2=DOGok, G3=DOGok)  R=1.00
             ex2: items(G0=DOG, G1=CAT, G2=DOG, G3=CAT) -> lights(S0=OFF, S1=ON, S2=ON, S3=OFF) -> guesses(G0=DOGok, G1=DOGXX, G2=DOGok, G3=CATok)  R=0.75
             ex3: items(G0=DOG, G1=DOG, G2=CAT, G3=CAT) -> lights(S0=ON, S1=ON, S2=ON, S3=OFF) -> guesses(G0=DOGok, G1=DOGok, G2=CATok, G3=CATok)  R=1.00
             ex4: items(G0=CAT, G1=DOG, G2=CAT, G3=CAT) -> lights(S0=ON, S1=ON, S2=OFF, S3=ON) -> guesses(G0=CATok, G1=DOGok, G2=CATok, G3=CATok)  R=1.00
             ex5: items(G0=DOG, G1=CAT, G2=CAT, G3=CAT) -> lights(S0=OFF, S1=ON, S2=OFF, S3=ON) -> guesses(G0=CATXX, G1=CATok, G2=CATok, G3=CATok)  R=0.75

  seed 21  R=0.938  [exploiting joint channel (0.938)]  (140.0s)
           not perfect (1 tracking, 3 holistic, 0 pooling signallers)
             S0: general(G0,G1,G2,G3) [nonlinear] (kind=general, depends on [0, 1, 2, 3])
             S1: general(G0,G1,G2,G3) [nonlinear] (kind=general, depends on [0, 1, 2, 3])
             S2: track NOT G3                     (kind=dictator, depends on [3])
             S3: general(G0,G1,G2,G3) [nonlinear] (kind=general, depends on [0, 1, 2, 3])
             entropy reduction per guesser (out of 1.0): G0=0.88, G1=0.88, G2=0.88, G3=1.00
             ex1: items(G0=DOG, G1=DOG, G2=CAT, G3=DOG) -> lights(S0=ON, S1=OFF, S2=OFF, S3=OFF) -> guesses(G0=DOGok, G1=CATXX, G2=CATok, G3=DOGok)  R=0.75
             ex2: items(G0=DOG, G1=DOG, G2=DOG, G3=DOG) -> lights(S0=ON, S1=ON, S2=OFF, S3=ON) -> guesses(G0=CATXX, G1=DOGok, G2=DOGok, G3=DOGok)  R=0.75
             ex3: items(G0=DOG, G1=CAT, G2=CAT, G3=DOG) -> lights(S0=OFF, S1=OFF, S2=OFF, S3=OFF) -> guesses(G0=DOGok, G1=CATok, G2=CATok, G3=DOGok)  R=1.00
             ex4: items(G0=DOG, G1=CAT, G2=CAT, G3=DOG) -> lights(S0=OFF, S1=OFF, S2=OFF, S3=OFF) -> guesses(G0=DOGok, G1=CATok, G2=CATok, G3=DOGok)  R=1.00
             ex5: items(G0=CAT, G1=DOG, G2=CAT, G3=CAT) -> lights(S0=ON, S1=OFF, S2=ON, S3=ON) -> guesses(G0=CATok, G1=DOGok, G2=CATok, G3=CATok)  R=1.00

  seed 22  R=0.859  [exploiting joint channel (0.859)]  (139.2s)
           not perfect (1 tracking, 3 holistic, 0 pooling signallers)
             S0: general(G0,G1,G2,G3) [nonlinear] (kind=general, depends on [0, 1, 2, 3])
             S1: general(G0,G1,G2,G3) [nonlinear] (kind=general, depends on [0, 1, 2, 3])
             S2: general(G0,G1,G2,G3) [nonlinear] (kind=general, depends on [0, 1, 2, 3])
             S3: track NOT G1                     (kind=dictator, depends on [1])
             entropy reduction per guesser (out of 1.0): G0=1.00, G1=1.00, G2=0.45, G3=0.58
             ex1: items(G0=DOG, G1=DOG, G2=CAT, G3=DOG) -> lights(S0=OFF, S1=ON, S2=OFF, S3=OFF) -> guesses(G0=DOGok, G1=DOGok, G2=CATok, G3=DOGok)  R=1.00
             ex2: items(G0=CAT, G1=CAT, G2=DOG, G3=CAT) -> lights(S0=ON, S1=OFF, S2=ON, S3=ON) -> guesses(G0=CATok, G1=CATok, G2=DOGok, G3=CATok)  R=1.00
             ex3: items(G0=DOG, G1=CAT, G2=CAT, G3=CAT) -> lights(S0=OFF, S1=ON, S2=OFF, S3=ON) -> guesses(G0=DOGok, G1=CATok, G2=CATok, G3=CATok)  R=1.00
             ex4: items(G0=CAT, G1=DOG, G2=DOG, G3=CAT) -> lights(S0=ON, S1=ON, S2=ON, S3=OFF) -> guesses(G0=CATok, G1=DOGok, G2=DOGok, G3=CATok)  R=1.00
             ex5: items(G0=DOG, G1=CAT, G2=CAT, G3=DOG) -> lights(S0=OFF, S1=ON, S2=OFF, S3=ON) -> guesses(G0=DOGok, G1=CATok, G2=CATok, G3=CATXX)  R=0.75

  seed 23  R=0.906  [exploiting joint channel (0.906)]  (139.5s)
           not perfect (0 tracking, 4 holistic, 0 pooling signallers)
             S0: general(G0,G1,G2,G3) [nonlinear] (kind=general, depends on [0, 1, 2, 3])
             S1: general(G0,G1,G2,G3) [nonlinear] (kind=general, depends on [0, 1, 2, 3])
             S2: general(G0,G1,G2,G3) [nonlinear] (kind=general, depends on [0, 1, 2, 3])
             S3: general(G0,G1) [nonlinear]       (kind=general, depends on [0, 1])
             entropy reduction per guesser (out of 1.0): G0=0.62, G1=1.00, G2=0.75, G3=1.00
             ex1: items(G0=CAT, G1=DOG, G2=DOG, G3=CAT) -> lights(S0=ON, S1=ON, S2=ON, S3=ON) -> guesses(G0=CATok, G1=DOGok, G2=DOGok, G3=CATok)  R=1.00
             ex2: items(G0=CAT, G1=CAT, G2=DOG, G3=DOG) -> lights(S0=OFF, S1=ON, S2=ON, S3=OFF) -> guesses(G0=DOGXX, G1=CATok, G2=DOGok, G3=DOGok)  R=0.75
             ex3: items(G0=DOG, G1=CAT, G2=DOG, G3=DOG) -> lights(S0=OFF, S1=ON, S2=ON, S3=OFF) -> guesses(G0=DOGok, G1=CATok, G2=DOGok, G3=DOGok)  R=1.00
             ex4: items(G0=DOG, G1=CAT, G2=DOG, G3=DOG) -> lights(S0=OFF, S1=ON, S2=ON, S3=OFF) -> guesses(G0=DOGok, G1=CATok, G2=DOGok, G3=DOGok)  R=1.00
             ex5: items(G0=DOG, G1=CAT, G2=DOG, G3=DOG) -> lights(S0=OFF, S1=ON, S2=ON, S3=OFF) -> guesses(G0=DOGok, G1=CATok, G2=DOGok, G3=DOGok)  R=1.00

  seed 24  R=0.969  [exploiting joint channel (0.969)]  (139.7s)
           not perfect (0 tracking, 4 holistic, 0 pooling signallers)
             S0: general(G0,G1,G2,G3) [nonlinear] (kind=general, depends on [0, 1, 2, 3])
             S1: general(G0,G1,G2,G3) [nonlinear] (kind=general, depends on [0, 1, 2, 3])
             S2: general(G0,G1,G2,G3) [nonlinear] (kind=general, depends on [0, 1, 2, 3])
             S3: general(G0,G1,G2,G3) [nonlinear] (kind=general, depends on [0, 1, 2, 3])
             entropy reduction per guesser (out of 1.0): G0=0.88, G1=1.00, G2=0.88, G3=1.00
             ex1: items(G0=CAT, G1=DOG, G2=CAT, G3=CAT) -> lights(S0=ON, S1=ON, S2=OFF, S3=ON) -> guesses(G0=CATok, G1=DOGok, G2=CATok, G3=CATok)  R=1.00
             ex2: items(G0=DOG, G1=CAT, G2=DOG, G3=CAT) -> lights(S0=OFF, S1=OFF, S2=OFF, S3=OFF) -> guesses(G0=DOGok, G1=CATok, G2=DOGok, G3=CATok)  R=1.00
             ex3: items(G0=CAT, G1=DOG, G2=CAT, G3=DOG) -> lights(S0=ON, S1=ON, S2=ON, S3=ON) -> guesses(G0=CATok, G1=DOGok, G2=CATok, G3=DOGok)  R=1.00
             ex4: items(G0=CAT, G1=DOG, G2=DOG, G3=CAT) -> lights(S0=ON, S1=ON, S2=OFF, S3=OFF) -> guesses(G0=CATok, G1=DOGok, G2=DOGok, G3=CATok)  R=1.00
             ex5: items(G0=CAT, G1=DOG, G2=CAT, G3=CAT) -> lights(S0=ON, S1=ON, S2=OFF, S3=ON) -> guesses(G0=CATok, G1=DOGok, G2=CATok, G3=CATok)  R=1.00

  seed 25  R=0.906  [exploiting joint channel (0.906)]  (139.6s)
           not perfect (1 tracking, 3 holistic, 0 pooling signallers)
             S0: general(G0,G1,G2,G3) [nonlinear] (kind=general, depends on [0, 1, 2, 3])
             S1: track G3                         (kind=dictator, depends on [3])
             S2: general(G0,G1,G2,G3) [nonlinear] (kind=general, depends on [0, 1, 2, 3])
             S3: general(G0,G1,G2) [nonlinear]    (kind=general, depends on [0, 1, 2])
             entropy reduction per guesser (out of 1.0): G0=0.75, G1=0.88, G2=0.88, G3=1.00
             ex1: items(G0=CAT, G1=CAT, G2=DOG, G3=DOG) -> lights(S0=OFF, S1=ON, S2=OFF, S3=OFF) -> guesses(G0=CATok, G1=CATok, G2=DOGok, G3=DOGok)  R=1.00
             ex2: items(G0=CAT, G1=CAT, G2=DOG, G3=CAT) -> lights(S0=OFF, S1=OFF, S2=OFF, S3=OFF) -> guesses(G0=CATok, G1=CATok, G2=DOGok, G3=CATok)  R=1.00
             ex3: items(G0=DOG, G1=DOG, G2=DOG, G3=CAT) -> lights(S0=ON, S1=OFF, S2=OFF, S3=OFF) -> guesses(G0=CATXX, G1=DOGok, G2=DOGok, G3=CATok)  R=0.75
             ex4: items(G0=CAT, G1=CAT, G2=CAT, G3=CAT) -> lights(S0=OFF, S1=OFF, S2=ON, S3=ON) -> guesses(G0=CATok, G1=CATok, G2=CATok, G3=CATok)  R=1.00
             ex5: items(G0=DOG, G1=DOG, G2=CAT, G3=CAT) -> lights(S0=ON, S1=OFF, S2=ON, S3=OFF) -> guesses(G0=CATXX, G1=DOGok, G2=CATok, G3=CATok)  R=0.75

  seed 26  R=0.859  [exploiting joint channel (0.859)]  (139.5s)
           not perfect (0 tracking, 4 holistic, 0 pooling signallers)
             S0: general(G1,G2,G3) [nonlinear]    (kind=general, depends on [1, 2, 3])
             S1: general(G0,G1,G2,G3) [nonlinear] (kind=general, depends on [0, 1, 2, 3])
             S2: general(G0,G1,G2,G3) [nonlinear] (kind=general, depends on [0, 1, 2, 3])
             S3: general(G0,G1,G2,G3) [nonlinear] (kind=general, depends on [0, 1, 2, 3])
             entropy reduction per guesser (out of 1.0): G0=0.53, G1=0.70, G2=1.00, G3=0.70
             ex1: items(G0=CAT, G1=CAT, G2=DOG, G3=CAT) -> lights(S0=OFF, S1=ON, S2=ON, S3=ON) -> guesses(G0=CATok, G1=CATok, G2=DOGok, G3=CATok)  R=1.00
             ex2: items(G0=DOG, G1=CAT, G2=DOG, G3=DOG) -> lights(S0=OFF, S1=OFF, S2=OFF, S3=OFF) -> guesses(G0=DOGok, G1=CATok, G2=DOGok, G3=DOGok)  R=1.00
             ex3: items(G0=DOG, G1=CAT, G2=DOG, G3=CAT) -> lights(S0=OFF, S1=ON, S2=OFF, S3=ON) -> guesses(G0=DOGok, G1=CATok, G2=DOGok, G3=CATok)  R=1.00
             ex4: items(G0=CAT, G1=CAT, G2=DOG, G3=CAT) -> lights(S0=OFF, S1=ON, S2=ON, S3=ON) -> guesses(G0=CATok, G1=CATok, G2=DOGok, G3=CATok)  R=1.00
             ex5: items(G0=DOG, G1=DOG, G2=DOG, G3=CAT) -> lights(S0=ON, S1=ON, S2=OFF, S3=OFF) -> guesses(G0=DOGok, G1=DOGok, G2=DOGok, G3=DOGXX)  R=0.75

  seed 27  R=0.891  [exploiting joint channel (0.891)]  (139.4s)
           not perfect (0 tracking, 4 holistic, 0 pooling signallers)
             S0: general(G0,G1,G2,G3) [nonlinear] (kind=general, depends on [0, 1, 2, 3])
             S1: general(G0,G1,G2,G3) [nonlinear] (kind=general, depends on [0, 1, 2, 3])
             S2: general(G0,G1,G2,G3) [nonlinear] (kind=general, depends on [0, 1, 2, 3])
             S3: general(G0,G1,G2,G3) [nonlinear] (kind=general, depends on [0, 1, 2, 3])
             entropy reduction per guesser (out of 1.0): G0=0.75, G1=0.75, G2=1.00, G3=0.88
             ex1: items(G0=CAT, G1=DOG, G2=CAT, G3=DOG) -> lights(S0=OFF, S1=OFF, S2=OFF, S3=ON) -> guesses(G0=CATok, G1=DOGok, G2=CATok, G3=DOGok)  R=1.00
             ex2: items(G0=CAT, G1=CAT, G2=CAT, G3=CAT) -> lights(S0=ON, S1=OFF, S2=ON, S3=OFF) -> guesses(G0=DOGXX, G1=CATok, G2=CATok, G3=CATok)  R=0.75
             ex3: items(G0=CAT, G1=DOG, G2=DOG, G3=DOG) -> lights(S0=OFF, S1=ON, S2=OFF, S3=ON) -> guesses(G0=CATok, G1=DOGok, G2=DOGok, G3=DOGok)  R=1.00
             ex4: items(G0=DOG, G1=CAT, G2=CAT, G3=CAT) -> lights(S0=ON, S1=OFF, S2=ON, S3=OFF) -> guesses(G0=DOGok, G1=CATok, G2=CATok, G3=CATok)  R=1.00
             ex5: items(G0=DOG, G1=CAT, G2=CAT, G3=CAT) -> lights(S0=ON, S1=OFF, S2=ON, S3=OFF) -> guesses(G0=DOGok, G1=CATok, G2=CATok, G3=CATok)  R=1.00

  seed 28  R=0.891  [exploiting joint channel (0.891)]  (139.5s)
           not perfect (1 tracking, 3 holistic, 0 pooling signallers)
             S0: general(G0,G1,G2,G3) [nonlinear] (kind=general, depends on [0, 1, 2, 3])
             S1: general(G0,G1,G2,G3) [nonlinear] (kind=general, depends on [0, 1, 2, 3])
             S2: general(G0,G1,G2,G3) [nonlinear] (kind=general, depends on [0, 1, 2, 3])
             S3: track G2                         (kind=dictator, depends on [2])
             entropy reduction per guesser (out of 1.0): G0=0.88, G1=0.70, G2=1.00, G3=0.58
             ex1: items(G0=CAT, G1=CAT, G2=CAT, G3=DOG) -> lights(S0=OFF, S1=OFF, S2=ON, S3=OFF) -> guesses(G0=CATok, G1=CATok, G2=CATok, G3=DOGok)  R=1.00
             ex2: items(G0=CAT, G1=DOG, G2=CAT, G3=CAT) -> lights(S0=ON, S1=OFF, S2=OFF, S3=OFF) -> guesses(G0=CATok, G1=DOGok, G2=CATok, G3=CATok)  R=1.00
             ex3: items(G0=DOG, G1=CAT, G2=DOG, G3=DOG) -> lights(S0=OFF, S1=ON, S2=ON, S3=ON) -> guesses(G0=DOGok, G1=CATok, G2=DOGok, G3=DOGok)  R=1.00
             ex4: items(G0=CAT, G1=DOG, G2=DOG, G3=DOG) -> lights(S0=ON, S1=ON, S2=ON, S3=ON) -> guesses(G0=CATok, G1=CATXX, G2=DOGok, G3=DOGok)  R=0.75
             ex5: items(G0=CAT, G1=CAT, G2=DOG, G3=DOG) -> lights(S0=ON, S1=ON, S2=ON, S3=ON) -> guesses(G0=CATok, G1=CATok, G2=DOGok, G3=DOGok)  R=1.00

  seed 29  R=0.938  [exploiting joint channel (0.938)]  (139.4s)
           not perfect (1 tracking, 3 holistic, 0 pooling signallers)
             S0: general(G0,G1,G2) [nonlinear]    (kind=general, depends on [0, 1, 2])
             S1: general(G0,G1,G2,G3) [nonlinear] (kind=general, depends on [0, 1, 2, 3])
             S2: general(G0,G1,G2,G3) [nonlinear] (kind=general, depends on [0, 1, 2, 3])
             S3: track NOT G3                     (kind=dictator, depends on [3])
             entropy reduction per guesser (out of 1.0): G0=0.88, G1=1.00, G2=0.88, G3=1.00
             ex1: items(G0=CAT, G1=DOG, G2=DOG, G3=CAT) -> lights(S0=ON, S1=ON, S2=ON, S3=ON) -> guesses(G0=CATok, G1=DOGok, G2=DOGok, G3=CATok)  R=1.00
             ex2: items(G0=CAT, G1=CAT, G2=DOG, G3=DOG) -> lights(S0=OFF, S1=OFF, S2=ON, S3=OFF) -> guesses(G0=DOGXX, G1=CATok, G2=DOGok, G3=DOGok)  R=0.75
             ex3: items(G0=CAT, G1=DOG, G2=DOG, G3=DOG) -> lights(S0=ON, S1=ON, S2=ON, S3=OFF) -> guesses(G0=CATok, G1=DOGok, G2=CATXX, G3=DOGok)  R=0.75
             ex4: items(G0=DOG, G1=CAT, G2=CAT, G3=CAT) -> lights(S0=OFF, S1=OFF, S2=OFF, S3=ON) -> guesses(G0=DOGok, G1=CATok, G2=CATok, G3=CATok)  R=1.00
             ex5: items(G0=CAT, G1=CAT, G2=CAT, G3=DOG) -> lights(S0=OFF, S1=ON, S2=ON, S3=OFF) -> guesses(G0=CATok, G1=CATok, G2=CATok, G3=DOGok)  R=1.00

  --- K4x4 / independent: summary over 30 seeds ---
      mean team reward           : 0.897
      complementarity rate       : 0.0% of seeds perfect
      convention types:
        partial / non-perfect: 30/30
      signaller-light census (all seeds pooled): general=107 (89%), dictator=13 (11%)
      mean channel utilisation H(M) : 0.980 bits (out of 1.0)
      mean entropy reduction / guesser: 0.827 bits (out of 1.0)

########################################################################
# K5x5  (5 signallers, 5 guessers, 25 edges)
#   schedule: 20000 episodes, epsilon decay over 14000
#   convention space: 263,130,836,933,693,530,167,218,012,160,000,000 perfect ((2^5)! bijections), of which 3840 are pure-tracking (m!*2^m)
########################################################################

============================================================
  K5x5 / shared
============================================================

  seed  0  R=0.931  [exploiting joint channel (0.931)]  (37.8s)
           not perfect (1 tracking, 4 holistic, 0 pooling signallers)
             S0: general(G0,G1,G2,G3,G4) [nonlinear] (kind=general, depends on [0, 1, 2, 3, 4])
             S1: track NOT G0                     (kind=dictator, depends on [0])
             S2: general(G0,G1,G2,G3,G4) [nonlinear] (kind=general, depends on [0, 1, 2, 3, 4])
             S3: general(G0,G1,G2,G3,G4) [nonlinear] (kind=general, depends on [0, 1, 2, 3, 4])
             S4: general(G0,G1,G2,G3,G4) [nonlinear] (kind=general, depends on [0, 1, 2, 3, 4])
             entropy reduction per guesser (out of 1.0): G0=1.00, G1=0.75, G2=0.91, G3=0.85, G4=0.94
             ex1: items(G0=CAT, G1=CAT, G2=CAT, G3=CAT, G4=CAT) -> lights(S0=ON, S1=ON, S2=ON, S3=ON, S4=ON) -> guesses(G0=CATok, G1=CATok, G2=CATok, G3=CATok, G4=CATok)  R=1.00
             ex2: items(G0=DOG, G1=DOG, G2=CAT, G3=DOG, G4=DOG) -> lights(S0=OFF, S1=OFF, S2=OFF, S3=OFF, S4=ON) -> guesses(G0=DOGok, G1=DOGok, G2=CATok, G3=DOGok, G4=DOGok)  R=1.00
             ex3: items(G0=DOG, G1=DOG, G2=CAT, G3=CAT, G4=DOG) -> lights(S0=OFF, S1=OFF, S2=ON, S3=OFF, S4=ON) -> guesses(G0=DOGok, G1=DOGok, G2=CATok, G3=CATok, G4=DOGok)  R=1.00
             ex4: items(G0=DOG, G1=CAT, G2=CAT, G3=CAT, G4=DOG) -> lights(S0=OFF, S1=OFF, S2=ON, S3=ON, S4=ON) -> guesses(G0=DOGok, G1=CATok, G2=CATok, G3=CATok, G4=DOGok)  R=1.00
             ex5: items(G0=DOG, G1=CAT, G2=DOG, G3=DOG, G4=DOG) -> lights(S0=OFF, S1=OFF, S2=OFF, S3=ON, S4=OFF) -> guesses(G0=DOGok, G1=CATok, G2=DOGok, G3=DOGok, G4=DOGok)  R=1.00

  seed  1  R=0.894  [exploiting joint channel (0.894)]  (37.1s)
           not perfect (1 tracking, 4 holistic, 0 pooling signallers)
             S0: general(G0,G1,G2,G3,G4) [nonlinear] (kind=general, depends on [0, 1, 2, 3, 4])
             S1: general(G0,G1,G2,G3,G4) [nonlinear] (kind=general, depends on [0, 1, 2, 3, 4])
             S2: general(G0,G1,G2,G3,G4) [nonlinear] (kind=general, depends on [0, 1, 2, 3, 4])
             S3: general(G0,G1,G2,G3,G4) [nonlinear] (kind=general, depends on [0, 1, 2, 3, 4])
             S4: track G2                         (kind=dictator, depends on [2])
             entropy reduction per guesser (out of 1.0): G0=0.83, G1=0.37, G2=1.00, G3=0.79, G4=0.94
             ex1: items(G0=DOG, G1=DOG, G2=CAT, G3=CAT, G4=CAT) -> lights(S0=OFF, S1=OFF, S2=OFF, S3=OFF, S4=OFF) -> guesses(G0=DOGok, G1=DOGok, G2=CATok, G3=CATok, G4=CATok)  R=1.00
             ex2: items(G0=CAT, G1=DOG, G2=DOG, G3=CAT, G4=DOG) -> lights(S0=OFF, S1=ON, S2=ON, S3=ON, S4=ON) -> guesses(G0=CATok, G1=DOGok, G2=DOGok, G3=CATok, G4=DOGok)  R=1.00
             ex3: items(G0=DOG, G1=DOG, G2=DOG, G3=DOG, G4=CAT) -> lights(S0=OFF, S1=OFF, S2=OFF, S3=OFF, S4=ON) -> guesses(G0=DOGok, G1=DOGok, G2=DOGok, G3=DOGok, G4=CATok)  R=1.00
             ex4: items(G0=CAT, G1=DOG, G2=CAT, G3=DOG, G4=DOG) -> lights(S0=ON, S1=ON, S2=ON, S3=ON, S4=OFF) -> guesses(G0=CATok, G1=CATXX, G2=CATok, G3=DOGok, G4=DOGok)  R=0.80
             ex5: items(G0=DOG, G1=DOG, G2=CAT, G3=DOG, G4=DOG) -> lights(S0=OFF, S1=OFF, S2=ON, S3=ON, S4=OFF) -> guesses(G0=DOGok, G1=DOGok, G2=CATok, G3=DOGok, G4=DOGok)  R=1.00

  seed  2  R=0.838  [exploiting joint channel (0.838)]  (37.3s)
           not perfect (0 tracking, 5 holistic, 0 pooling signallers)
             S0: general(G0,G1,G2,G3,G4) [nonlinear] (kind=general, depends on [0, 1, 2, 3, 4])
             S1: general(G0,G1,G2,G3,G4) [nonlinear] (kind=general, depends on [0, 1, 2, 3, 4])
             S2: general(G0,G1,G2,G3,G4) [nonlinear] (kind=general, depends on [0, 1, 2, 3, 4])
             S3: general(G0,G1,G2,G3,G4) [nonlinear] (kind=general, depends on [0, 1, 2, 3, 4])
             S4: general(G0,G1,G2,G3,G4) [nonlinear] (kind=general, depends on [0, 1, 2, 3, 4])
             entropy reduction per guesser (out of 1.0): G0=0.90, G1=0.75, G2=0.58, G3=0.64, G4=0.62
             ex1: items(G0=DOG, G1=DOG, G2=CAT, G3=DOG, G4=CAT) -> lights(S0=OFF, S1=OFF, S2=OFF, S3=ON, S4=OFF) -> guesses(G0=CATXX, G1=DOGok, G2=CATok, G3=DOGok, G4=CATok)  R=0.80
             ex2: items(G0=DOG, G1=DOG, G2=DOG, G3=CAT, G4=DOG) -> lights(S0=OFF, S1=ON, S2=ON, S3=OFF, S4=ON) -> guesses(G0=DOGok, G1=DOGok, G2=DOGok, G3=DOGXX, G4=DOGok)  R=0.80
             ex3: items(G0=DOG, G1=DOG, G2=DOG, G3=DOG, G4=DOG) -> lights(S0=OFF, S1=ON, S2=ON, S3=ON, S4=ON) -> guesses(G0=DOGok, G1=DOGok, G2=DOGok, G3=DOGok, G4=DOGok)  R=1.00
             ex4: items(G0=DOG, G1=DOG, G2=CAT, G3=CAT, G4=CAT) -> lights(S0=ON, S1=ON, S2=OFF, S3=OFF, S4=ON) -> guesses(G0=DOGok, G1=CATXX, G2=CATok, G3=CATok, G4=CATok)  R=0.80
             ex5: items(G0=CAT, G1=DOG, G2=DOG, G3=CAT, G4=DOG) -> lights(S0=OFF, S1=OFF, S2=OFF, S3=OFF, S4=OFF) -> guesses(G0=CATok, G1=DOGok, G2=DOGok, G3=DOGXX, G4=CATXX)  R=0.60

  seed  3  R=0.931  [exploiting joint channel (0.931)]  (36.9s)
           not perfect (3 tracking, 2 holistic, 0 pooling signallers)
             S0: track G0                         (kind=dictator, depends on [0])
             S1: track NOT G1                     (kind=dictator, depends on [1])
             S2: general(G0,G1,G2,G3,G4) [nonlinear] (kind=general, depends on [0, 1, 2, 3, 4])
             S3: general(G0,G1,G2,G3,G4) [nonlinear] (kind=general, depends on [0, 1, 2, 3, 4])
             S4: track G2                         (kind=dictator, depends on [2])
             entropy reduction per guesser (out of 1.0): G0=1.00, G1=1.00, G2=1.00, G3=0.94, G4=0.50
             ex1: items(G0=DOG, G1=DOG, G2=DOG, G3=CAT, G4=CAT) -> lights(S0=ON, S1=OFF, S2=ON, S3=ON, S4=ON) -> guesses(G0=DOGok, G1=DOGok, G2=DOGok, G3=CATok, G4=DOGXX)  R=0.80
             ex2: items(G0=DOG, G1=CAT, G2=DOG, G3=DOG, G4=DOG) -> lights(S0=ON, S1=ON, S2=OFF, S3=ON, S4=ON) -> guesses(G0=DOGok, G1=CATok, G2=DOGok, G3=DOGok, G4=DOGok)  R=1.00
             ex3: items(G0=CAT, G1=DOG, G2=DOG, G3=CAT, G4=CAT) -> lights(S0=OFF, S1=OFF, S2=ON, S3=ON, S4=ON) -> guesses(G0=CATok, G1=DOGok, G2=DOGok, G3=CATok, G4=DOGXX)  R=0.80
             ex4: items(G0=DOG, G1=DOG, G2=DOG, G3=CAT, G4=DOG) -> lights(S0=ON, S1=OFF, S2=ON, S3=ON, S4=ON) -> guesses(G0=DOGok, G1=DOGok, G2=DOGok, G3=CATok, G4=DOGok)  R=1.00
             ex5: items(G0=CAT, G1=CAT, G2=CAT, G3=CAT, G4=DOG) -> lights(S0=OFF, S1=ON, S2=ON, S3=OFF, S4=OFF) -> guesses(G0=CATok, G1=CATok, G2=CATok, G3=CATok, G4=DOGok)  R=1.00

  seed  4  R=0.894  [exploiting joint channel (0.894)]  (36.9s)
           not perfect (1 tracking, 4 holistic, 0 pooling signallers)
             S0: general(G0,G1,G2,G3,G4) [nonlinear] (kind=general, depends on [0, 1, 2, 3, 4])
             S1: general(G0,G1,G2,G3,G4) [nonlinear] (kind=general, depends on [0, 1, 2, 3, 4])
             S2: track NOT G1                     (kind=dictator, depends on [1])
             S3: general(G0,G1,G2,G3,G4) [nonlinear] (kind=general, depends on [0, 1, 2, 3, 4])
             S4: general(G0,G1,G2,G3,G4) [nonlinear] (kind=general, depends on [0, 1, 2, 3, 4])
             entropy reduction per guesser (out of 1.0): G0=0.94, G1=1.00, G2=1.00, G3=0.85, G4=0.41
             ex1: items(G0=DOG, G1=CAT, G2=CAT, G3=DOG, G4=CAT) -> lights(S0=ON, S1=OFF, S2=ON, S3=ON, S4=ON) -> guesses(G0=DOGok, G1=CATok, G2=CATok, G3=DOGok, G4=CATok)  R=1.00
             ex2: items(G0=CAT, G1=CAT, G2=DOG, G3=CAT, G4=CAT) -> lights(S0=OFF, S1=ON, S2=ON, S3=OFF, S4=ON) -> guesses(G0=CATok, G1=CATok, G2=DOGok, G3=CATok, G4=CATok)  R=1.00
             ex3: items(G0=DOG, G1=DOG, G2=CAT, G3=CAT, G4=DOG) -> lights(S0=ON, S1=ON, S2=OFF, S3=ON, S4=ON) -> guesses(G0=DOGok, G1=DOGok, G2=CATok, G3=CATok, G4=CATXX)  R=0.80
             ex4: items(G0=DOG, G1=DOG, G2=CAT, G3=CAT, G4=DOG) -> lights(S0=ON, S1=ON, S2=OFF, S3=ON, S4=ON) -> guesses(G0=DOGok, G1=DOGok, G2=CATok, G3=CATok, G4=CATXX)  R=0.80
             ex5: items(G0=DOG, G1=DOG, G2=CAT, G3=CAT, G4=CAT) -> lights(S0=ON, S1=ON, S2=OFF, S3=ON, S4=ON) -> guesses(G0=DOGok, G1=DOGok, G2=CATok, G3=CATok, G4=CATok)  R=1.00

  seed  5  R=0.863  [exploiting joint channel (0.863)]  (37.1s)
           not perfect (0 tracking, 5 holistic, 0 pooling signallers)
             S0: general(G0,G1,G2,G3,G4) [nonlinear] (kind=general, depends on [0, 1, 2, 3, 4])
             S1: general(G0,G1,G2,G3,G4) [nonlinear] (kind=general, depends on [0, 1, 2, 3, 4])
             S2: general(G0,G1,G2,G3,G4) [nonlinear] (kind=general, depends on [0, 1, 2, 3, 4])
             S3: general(G0,G1,G2,G3,G4) [nonlinear] (kind=general, depends on [0, 1, 2, 3, 4])
             S4: general(G0,G1,G2,G3,G4) [nonlinear] (kind=general, depends on [0, 1, 2, 3, 4])
             entropy reduction per guesser (out of 1.0): G0=0.84, G1=0.77, G2=0.80, G3=0.65, G4=0.65
             ex1: items(G0=CAT, G1=CAT, G2=DOG, G3=DOG, G4=DOG) -> lights(S0=OFF, S1=ON, S2=OFF, S3=ON, S4=ON) -> guesses(G0=CATok, G1=CATok, G2=DOGok, G3=DOGok, G4=CATXX)  R=0.80
             ex2: items(G0=DOG, G1=DOG, G2=CAT, G3=DOG, G4=DOG) -> lights(S0=OFF, S1=OFF, S2=ON, S3=ON, S4=ON) -> guesses(G0=DOGok, G1=DOGok, G2=CATok, G3=DOGok, G4=DOGok)  R=1.00
             ex3: items(G0=DOG, G1=CAT, G2=CAT, G3=DOG, G4=CAT) -> lights(S0=ON, S1=ON, S2=ON, S3=ON, S4=ON) -> guesses(G0=DOGok, G1=CATok, G2=CATok, G3=CATXX, G4=CATok)  R=0.80
             ex4: items(G0=DOG, G1=DOG, G2=DOG, G3=DOG, G4=CAT) -> lights(S0=OFF, S1=OFF, S2=OFF, S3=OFF, S4=ON) -> guesses(G0=DOGok, G1=DOGok, G2=DOGok, G3=DOGok, G4=DOGXX)  R=0.80
             ex5: items(G0=DOG, G1=DOG, G2=DOG, G3=CAT, G4=DOG) -> lights(S0=OFF, S1=OFF, S2=OFF, S3=OFF, S4=OFF) -> guesses(G0=DOGok, G1=DOGok, G2=DOGok, G3=CATok, G4=DOGok)  R=1.00

  seed  6  R=0.844  [exploiting joint channel (0.844)]  (37.5s)
           not perfect (1 tracking, 4 holistic, 0 pooling signallers)
             S0: track G2                         (kind=dictator, depends on [2])
             S1: general(G0,G1,G2,G3,G4) [nonlinear] (kind=general, depends on [0, 1, 2, 3, 4])
             S2: general(G0,G1,G2,G3,G4) [nonlinear] (kind=general, depends on [0, 1, 2, 3, 4])
             S3: general(G0,G1,G2,G3,G4) [nonlinear] (kind=general, depends on [0, 1, 2, 3, 4])
             S4: general(G0,G1,G2,G3,G4) [nonlinear] (kind=general, depends on [0, 1, 2, 3, 4])
             entropy reduction per guesser (out of 1.0): G0=0.74, G1=0.74, G2=1.00, G3=0.91, G4=0.38
             ex1: items(G0=DOG, G1=DOG, G2=DOG, G3=CAT, G4=CAT) -> lights(S0=ON, S1=OFF, S2=ON, S3=ON, S4=OFF) -> guesses(G0=DOGok, G1=DOGok, G2=DOGok, G3=CATok, G4=DOGXX)  R=0.80
             ex2: items(G0=CAT, G1=CAT, G2=CAT, G3=DOG, G4=CAT) -> lights(S0=OFF, S1=OFF, S2=OFF, S3=OFF, S4=OFF) -> guesses(G0=CATok, G1=CATok, G2=CATok, G3=DOGok, G4=CATok)  R=1.00
             ex3: items(G0=DOG, G1=DOG, G2=DOG, G3=DOG, G4=DOG) -> lights(S0=ON, S1=ON, S2=ON, S3=ON, S4=ON) -> guesses(G0=DOGok, G1=DOGok, G2=DOGok, G3=DOGok, G4=DOGok)  R=1.00
             ex4: items(G0=DOG, G1=DOG, G2=CAT, G3=CAT, G4=CAT) -> lights(S0=OFF, S1=OFF, S2=ON, S3=ON, S4=OFF) -> guesses(G0=DOGok, G1=DOGok, G2=CATok, G3=CATok, G4=DOGXX)  R=0.80
             ex5: items(G0=CAT, G1=DOG, G2=DOG, G3=CAT, G4=CAT) -> lights(S0=ON, S1=OFF, S2=OFF, S3=ON, S4=ON) -> guesses(G0=CATok, G1=CATXX, G2=DOGok, G3=CATok, G4=CATok)  R=0.80

  seed  7  R=0.894  [exploiting joint channel (0.894)]  (37.1s)
           not perfect (1 tracking, 4 holistic, 0 pooling signallers)
             S0: general(G0,G1,G2,G3,G4) [nonlinear] (kind=general, depends on [0, 1, 2, 3, 4])
             S1: general(G0,G1,G2,G3,G4) [nonlinear] (kind=general, depends on [0, 1, 2, 3, 4])
             S2: general(G0,G1,G2,G3,G4) [nonlinear] (kind=general, depends on [0, 1, 2, 3, 4])
             S3: general(G0,G1,G2,G3,G4) [nonlinear] (kind=general, depends on [0, 1, 2, 3, 4])
             S4: track G1                         (kind=dictator, depends on [1])
             entropy reduction per guesser (out of 1.0): G0=0.45, G1=1.00, G2=0.83, G3=0.77, G4=1.00
             ex1: items(G0=DOG, G1=CAT, G2=CAT, G3=DOG, G4=DOG) -> lights(S0=OFF, S1=ON, S2=OFF, S3=OFF, S4=OFF) -> guesses(G0=CATXX, G1=CATok, G2=CATok, G3=DOGok, G4=DOGok)  R=0.80
             ex2: items(G0=DOG, G1=DOG, G2=CAT, G3=DOG, G4=CAT) -> lights(S0=OFF, S1=OFF, S2=ON, S3=ON, S4=ON) -> guesses(G0=CATXX, G1=DOGok, G2=CATok, G3=DOGok, G4=CATok)  R=0.80
             ex3: items(G0=CAT, G1=CAT, G2=CAT, G3=CAT, G4=CAT) -> lights(S0=OFF, S1=OFF, S2=ON, S3=OFF, S4=OFF) -> guesses(G0=CATok, G1=CATok, G2=CATok, G3=CATok, G4=CATok)  R=1.00
             ex4: items(G0=CAT, G1=CAT, G2=CAT, G3=DOG, G4=DOG) -> lights(S0=ON, S1=ON, S2=OFF, S3=OFF, S4=OFF) -> guesses(G0=CATok, G1=CATok, G2=CATok, G3=DOGok, G4=DOGok)  R=1.00
             ex5: items(G0=DOG, G1=DOG, G2=DOG, G3=CAT, G4=CAT) -> lights(S0=ON, S1=ON, S2=ON, S3=ON, S4=ON) -> guesses(G0=DOGok, G1=DOGok, G2=DOGok, G3=DOGXX, G4=CATok)  R=0.80

  seed  8  R=0.850  [exploiting joint channel (0.850)]  (37.2s)
           not perfect (0 tracking, 5 holistic, 0 pooling signallers)
             S0: general(G0,G1,G2,G3,G4) [nonlinear] (kind=general, depends on [0, 1, 2, 3, 4])
             S1: general(G0,G1,G2,G3,G4) [nonlinear] (kind=general, depends on [0, 1, 2, 3, 4])
             S2: general(G0,G1,G2,G3,G4) [nonlinear] (kind=general, depends on [0, 1, 2, 3, 4])
             S3: general(G0,G1,G2,G3,G4) [nonlinear] (kind=general, depends on [0, 1, 2, 3, 4])
             S4: general(G0,G1,G2,G3,G4) [nonlinear] (kind=general, depends on [0, 1, 2, 3, 4])
             entropy reduction per guesser (out of 1.0): G0=0.90, G1=0.35, G2=0.84, G3=0.54, G4=0.80
             ex1: items(G0=CAT, G1=CAT, G2=CAT, G3=DOG, G4=DOG) -> lights(S0=ON, S1=ON, S2=ON, S3=OFF, S4=ON) -> guesses(G0=CATok, G1=CATok, G2=CATok, G3=CATXX, G4=DOGok)  R=0.80
             ex2: items(G0=CAT, G1=DOG, G2=DOG, G3=CAT, G4=DOG) -> lights(S0=OFF, S1=ON, S2=ON, S3=OFF, S4=OFF) -> guesses(G0=CATok, G1=CATXX, G2=DOGok, G3=CATok, G4=DOGok)  R=0.80
             ex3: items(G0=CAT, G1=DOG, G2=DOG, G3=DOG, G4=DOG) -> lights(S0=OFF, S1=OFF, S2=OFF, S3=OFF, S4=OFF) -> guesses(G0=DOGXX, G1=DOGok, G2=DOGok, G3=DOGok, G4=DOGok)  R=0.80
             ex4: items(G0=CAT, G1=DOG, G2=DOG, G3=DOG, G4=CAT) -> lights(S0=ON, S1=ON, S2=OFF, S3=OFF, S4=OFF) -> guesses(G0=CATok, G1=DOGok, G2=CATXX, G3=DOGok, G4=CATok)  R=0.80
             ex5: items(G0=CAT, G1=DOG, G2=CAT, G3=DOG, G4=CAT) -> lights(S0=ON, S1=OFF, S2=OFF, S3=ON, S4=OFF) -> guesses(G0=CATok, G1=DOGok, G2=CATok, G3=DOGok, G4=CATok)  R=1.00

  seed  9  R=0.850  [exploiting joint channel (0.850)]  (37.0s)
           not perfect (0 tracking, 5 holistic, 0 pooling signallers)
             S0: general(G0,G1,G2,G3,G4) [nonlinear] (kind=general, depends on [0, 1, 2, 3, 4])
             S1: general(G0,G1,G2,G3,G4) [nonlinear] (kind=general, depends on [0, 1, 2, 3, 4])
             S2: general(G0,G1,G2,G3,G4) [nonlinear] (kind=general, depends on [0, 1, 2, 3, 4])
             S3: general(G0,G1,G2,G3,G4) [nonlinear] (kind=general, depends on [0, 1, 2, 3, 4])
             S4: general(G0,G1,G2,G3,G4) [nonlinear] (kind=general, depends on [0, 1, 2, 3, 4])
             entropy reduction per guesser (out of 1.0): G0=0.91, G1=0.81, G2=0.46, G3=0.50, G4=0.71
             ex1: items(G0=DOG, G1=CAT, G2=CAT, G3=DOG, G4=CAT) -> lights(S0=OFF, S1=ON, S2=ON, S3=ON, S4=ON) -> guesses(G0=DOGok, G1=CATok, G2=DOGXX, G3=DOGok, G4=CATok)  R=0.80
             ex2: items(G0=DOG, G1=CAT, G2=CAT, G3=CAT, G4=CAT) -> lights(S0=ON, S1=ON, S2=ON, S3=ON, S4=ON) -> guesses(G0=DOGok, G1=CATok, G2=CATok, G3=CATok, G4=CATok)  R=1.00
             ex3: items(G0=CAT, G1=DOG, G2=CAT, G3=CAT, G4=CAT) -> lights(S0=OFF, S1=ON, S2=OFF, S3=ON, S4=OFF) -> guesses(G0=CATok, G1=DOGok, G2=CATok, G3=CATok, G4=CATok)  R=1.00
             ex4: items(G0=DOG, G1=DOG, G2=DOG, G3=DOG, G4=CAT) -> lights(S0=OFF, S1=OFF, S2=ON, S3=ON, S4=OFF) -> guesses(G0=DOGok, G1=DOGok, G2=DOGok, G3=DOGok, G4=CATok)  R=1.00
             ex5: items(G0=DOG, G1=DOG, G2=DOG, G3=DOG, G4=CAT) -> lights(S0=OFF, S1=OFF, S2=ON, S3=ON, S4=OFF) -> guesses(G0=DOGok, G1=DOGok, G2=DOGok, G3=DOGok, G4=CATok)  R=1.00

  seed 10  R=0.856  [exploiting joint channel (0.856)]  (37.1s)
           not perfect (0 tracking, 5 holistic, 0 pooling signallers)
             S0: general(G0,G1,G2,G3,G4) [nonlinear] (kind=general, depends on [0, 1, 2, 3, 4])
             S1: general(G0,G1,G2,G3,G4) [nonlinear] (kind=general, depends on [0, 1, 2, 3, 4])
             S2: general(G0,G1,G2,G3,G4) [nonlinear] (kind=general, depends on [0, 1, 2, 3, 4])
             S3: general(G0,G1,G2,G3,G4) [nonlinear] (kind=general, depends on [0, 1, 2, 3, 4])
             S4: general(G0,G1,G2,G3,G4) [nonlinear] (kind=general, depends on [0, 1, 2, 3, 4])
             entropy reduction per guesser (out of 1.0): G0=0.74, G1=0.50, G2=0.82, G3=0.94, G4=0.48
             ex1: items(G0=DOG, G1=DOG, G2=CAT, G3=CAT, G4=CAT) -> lights(S0=OFF, S1=OFF, S2=OFF, S3=OFF, S4=ON) -> guesses(G0=DOGok, G1=DOGok, G2=DOGXX, G3=CATok, G4=DOGXX)  R=0.60
             ex2: items(G0=CAT, G1=DOG, G2=DOG, G3=DOG, G4=CAT) -> lights(S0=OFF, S1=OFF, S2=OFF, S3=ON, S4=OFF) -> guesses(G0=CATok, G1=DOGok, G2=DOGok, G3=DOGok, G4=DOGXX)  R=0.80
             ex3: items(G0=CAT, G1=DOG, G2=CAT, G3=CAT, G4=DOG) -> lights(S0=OFF, S1=ON, S2=ON, S3=OFF, S4=ON) -> guesses(G0=CATok, G1=DOGok, G2=CATok, G3=CATok, G4=DOGok)  R=1.00
             ex4: items(G0=DOG, G1=CAT, G2=DOG, G3=CAT, G4=CAT) -> lights(S0=ON, S1=OFF, S2=OFF, S3=ON, S4=ON) -> guesses(G0=DOGok, G1=CATok, G2=DOGok, G3=CATok, G4=CATok)  R=1.00
             ex5: items(G0=DOG, G1=DOG, G2=CAT, G3=CAT, G4=DOG) -> lights(S0=OFF, S1=ON, S2=OFF, S3=ON, S4=ON) -> guesses(G0=CATXX, G1=DOGok, G2=CATok, G3=CATok, G4=DOGok)  R=0.80

  seed 11  R=0.863  [exploiting joint channel (0.863)]  (37.0s)
           not perfect (0 tracking, 5 holistic, 0 pooling signallers)
             S0: general(G0,G1,G2,G3,G4) [nonlinear] (kind=general, depends on [0, 1, 2, 3, 4])
             S1: general(G0,G1,G2,G3,G4) [nonlinear] (kind=general, depends on [0, 1, 2, 3, 4])
             S2: general(G0,G1,G2,G3,G4) [nonlinear] (kind=general, depends on [0, 1, 2, 3, 4])
             S3: general(G0,G1,G2,G3,G4) [nonlinear] (kind=general, depends on [0, 1, 2, 3, 4])
             S4: general(G0,G1,G2,G3,G4) [nonlinear] (kind=general, depends on [0, 1, 2, 3, 4])
             entropy reduction per guesser (out of 1.0): G0=1.00, G1=0.65, G2=0.55, G3=0.64, G4=0.70
             ex1: items(G0=CAT, G1=CAT, G2=DOG, G3=CAT, G4=DOG) -> lights(S0=OFF, S1=ON, S2=ON, S3=ON, S4=OFF) -> guesses(G0=CATok, G1=CATok, G2=DOGok, G3=DOGXX, G4=DOGok)  R=0.80
             ex2: items(G0=DOG, G1=DOG, G2=CAT, G3=CAT, G4=DOG) -> lights(S0=ON, S1=OFF, S2=ON, S3=OFF, S4=ON) -> guesses(G0=DOGok, G1=DOGok, G2=CATok, G3=DOGXX, G4=DOGok)  R=0.80
             ex3: items(G0=CAT, G1=CAT, G2=DOG, G3=CAT, G4=CAT) -> lights(S0=OFF, S1=OFF, S2=OFF, S3=OFF, S4=OFF) -> guesses(G0=CATok, G1=CATok, G2=CATXX, G3=CATok, G4=CATok)  R=0.80
             ex4: items(G0=CAT, G1=DOG, G2=CAT, G3=DOG, G4=DOG) -> lights(S0=OFF, S1=OFF, S2=ON, S3=OFF, S4=OFF) -> guesses(G0=CATok, G1=DOGok, G2=CATok, G3=DOGok, G4=DOGok)  R=1.00
             ex5: items(G0=DOG, G1=DOG, G2=DOG, G3=DOG, G4=DOG) -> lights(S0=ON, S1=ON, S2=ON, S3=ON, S4=OFF) -> guesses(G0=DOGok, G1=CATXX, G2=DOGok, G3=DOGok, G4=DOGok)  R=0.80

  seed 12  R=0.925  [exploiting joint channel (0.925)]  (36.9s)
           not perfect (2 tracking, 3 holistic, 0 pooling signallers)
             S0: track G3                         (kind=dictator, depends on [3])
             S1: general(G0,G1,G2,G3,G4) [nonlinear] (kind=general, depends on [0, 1, 2, 3, 4])
             S2: general(G0,G1,G2,G3,G4) [nonlinear] (kind=general, depends on [0, 1, 2, 3, 4])
             S3: general(G0,G1,G2,G3,G4) [nonlinear] (kind=general, depends on [0, 1, 2, 3, 4])
             S4: track NOT G1                     (kind=dictator, depends on [1])
             entropy reduction per guesser (out of 1.0): G0=0.70, G1=1.00, G2=1.00, G3=1.00, G4=0.52
             ex1: items(G0=CAT, G1=DOG, G2=CAT, G3=CAT, G4=DOG) -> lights(S0=OFF, S1=OFF, S2=ON, S3=ON, S4=OFF) -> guesses(G0=CATok, G1=DOGok, G2=CATok, G3=CATok, G4=CATXX)  R=0.80
             ex2: items(G0=CAT, G1=CAT, G2=DOG, G3=CAT, G4=DOG) -> lights(S0=OFF, S1=ON, S2=ON, S3=OFF, S4=ON) -> guesses(G0=DOGXX, G1=CATok, G2=DOGok, G3=CATok, G4=DOGok)  R=0.80
             ex3: items(G0=DOG, G1=DOG, G2=DOG, G3=DOG, G4=CAT) -> lights(S0=ON, S1=ON, S2=OFF, S3=OFF, S4=OFF) -> guesses(G0=DOGok, G1=DOGok, G2=DOGok, G3=DOGok, G4=DOGXX)  R=0.80
             ex4: items(G0=CAT, G1=CAT, G2=DOG, G3=CAT, G4=DOG) -> lights(S0=OFF, S1=ON, S2=ON, S3=OFF, S4=ON) -> guesses(G0=DOGXX, G1=CATok, G2=DOGok, G3=CATok, G4=DOGok)  R=0.80
             ex5: items(G0=DOG, G1=CAT, G2=CAT, G3=DOG, G4=DOG) -> lights(S0=ON, S1=OFF, S2=OFF, S3=OFF, S4=ON) -> guesses(G0=DOGok, G1=CATok, G2=CATok, G3=DOGok, G4=CATXX)  R=0.80

  seed 13  R=0.831  [exploiting joint channel (0.831)]  (37.1s)
           not perfect (0 tracking, 5 holistic, 0 pooling signallers)
             S0: general(G0,G1,G2,G3,G4) [nonlinear] (kind=general, depends on [0, 1, 2, 3, 4])
             S1: general(G0,G1,G2,G3,G4) [nonlinear] (kind=general, depends on [0, 1, 2, 3, 4])
             S2: general(G0,G1,G2,G3,G4) [nonlinear] (kind=general, depends on [0, 1, 2, 3, 4])
             S3: general(G0,G1,G2,G3,G4) [nonlinear] (kind=general, depends on [0, 1, 2, 3, 4])
             S4: general(G0,G1,G2,G3,G4) [nonlinear] (kind=general, depends on [0, 1, 2, 3, 4])
             entropy reduction per guesser (out of 1.0): G0=0.49, G1=0.83, G2=0.49, G3=0.50, G4=0.75
             ex1: items(G0=CAT, G1=CAT, G2=CAT, G3=DOG, G4=CAT) -> lights(S0=ON, S1=OFF, S2=ON, S3=OFF, S4=OFF) -> guesses(G0=CATok, G1=CATok, G2=CATok, G3=CATXX, G4=CATok)  R=0.80
             ex2: items(G0=CAT, G1=CAT, G2=CAT, G3=DOG, G4=CAT) -> lights(S0=ON, S1=OFF, S2=ON, S3=OFF, S4=OFF) -> guesses(G0=CATok, G1=CATok, G2=CATok, G3=CATXX, G4=CATok)  R=0.80
             ex3: items(G0=CAT, G1=CAT, G2=CAT, G3=DOG, G4=DOG) -> lights(S0=ON, S1=OFF, S2=ON, S3=ON, S4=OFF) -> guesses(G0=CATok, G1=CATok, G2=CATok, G3=DOGok, G4=DOGok)  R=1.00
             ex4: items(G0=CAT, G1=DOG, G2=CAT, G3=DOG, G4=DOG) -> lights(S0=OFF, S1=OFF, S2=OFF, S3=ON, S4=OFF) -> guesses(G0=CATok, G1=DOGok, G2=CATok, G3=CATXX, G4=DOGok)  R=0.80
             ex5: items(G0=DOG, G1=DOG, G2=DOG, G3=DOG, G4=DOG) -> lights(S0=ON, S1=ON, S2=ON, S3=ON, S4=ON) -> guesses(G0=DOGok, G1=DOGok, G2=DOGok, G3=DOGok, G4=DOGok)  R=1.00

  seed 14  R=0.881  [exploiting joint channel (0.881)]  (37.1s)
           not perfect (0 tracking, 5 holistic, 0 pooling signallers)
             S0: general(G0,G1,G2,G3,G4) [nonlinear] (kind=general, depends on [0, 1, 2, 3, 4])
             S1: general(G0,G1,G2,G3,G4) [nonlinear] (kind=general, depends on [0, 1, 2, 3, 4])
             S2: general(G0,G1,G2,G3,G4) [nonlinear] (kind=general, depends on [0, 1, 2, 3, 4])
             S3: general(G0,G1,G2,G3,G4) [nonlinear] (kind=general, depends on [0, 1, 2, 3, 4])
             S4: general(G0,G1,G2,G3,G4) [nonlinear] (kind=general, depends on [0, 1, 2, 3, 4])
             entropy reduction per guesser (out of 1.0): G0=0.70, G1=0.60, G2=0.68, G3=0.94, G4=1.00
             ex1: items(G0=CAT, G1=DOG, G2=CAT, G3=CAT, G4=DOG) -> lights(S0=ON, S1=ON, S2=ON, S3=ON, S4=ON) -> guesses(G0=CATok, G1=DOGok, G2=CATok, G3=CATok, G4=DOGok)  R=1.00
             ex2: items(G0=CAT, G1=DOG, G2=DOG, G3=CAT, G4=DOG) -> lights(S0=ON, S1=ON, S2=ON, S3=OFF, S4=ON) -> guesses(G0=CATok, G1=DOGok, G2=DOGok, G3=DOGXX, G4=DOGok)  R=0.80
             ex3: items(G0=DOG, G1=CAT, G2=DOG, G3=DOG, G4=DOG) -> lights(S0=OFF, S1=ON, S2=OFF, S3=OFF, S4=ON) -> guesses(G0=DOGok, G1=DOGXX, G2=DOGok, G3=DOGok, G4=DOGok)  R=0.80
             ex4: items(G0=CAT, G1=DOG, G2=DOG, G3=CAT, G4=CAT) -> lights(S0=ON, S1=OFF, S2=ON, S3=OFF, S4=ON) -> guesses(G0=CATok, G1=DOGok, G2=DOGok, G3=CATok, G4=DOGXX)  R=0.80
             ex5: items(G0=DOG, G1=DOG, G2=CAT, G3=CAT, G4=DOG) -> lights(S0=ON, S1=ON, S2=ON, S3=ON, S4=ON) -> guesses(G0=CATXX, G1=DOGok, G2=CATok, G3=CATok, G4=DOGok)  R=0.80

  seed 15  R=0.844  [exploiting joint channel (0.844)]  (36.9s)
           not perfect (0 tracking, 5 holistic, 0 pooling signallers)
             S0: general(G0,G1,G2,G3,G4) [nonlinear] (kind=general, depends on [0, 1, 2, 3, 4])
             S1: general(G0,G1,G2,G4) [nonlinear] (kind=general, depends on [0, 1, 2, 4])
             S2: general(G1,G3,G4) [nonlinear]    (kind=general, depends on [1, 3, 4])
             S3: general(G0,G1,G2,G4) [nonlinear] (kind=general, depends on [0, 1, 2, 4])
             S4: general(G0,G1,G2,G3,G4) [nonlinear] (kind=general, depends on [0, 1, 2, 3, 4])
             entropy reduction per guesser (out of 1.0): G0=0.40, G1=1.00, G2=0.45, G3=0.71, G4=0.48
             ex1: items(G0=DOG, G1=CAT, G2=CAT, G3=DOG, G4=DOG) -> lights(S0=OFF, S1=OFF, S2=OFF, S3=OFF, S4=OFF) -> guesses(G0=DOGok, G1=CATok, G2=DOGXX, G3=DOGok, G4=DOGok)  R=0.80
             ex2: items(G0=CAT, G1=DOG, G2=DOG, G3=CAT, G4=CAT) -> lights(S0=ON, S1=OFF, S2=OFF, S3=ON, S4=ON) -> guesses(G0=CATok, G1=DOGok, G2=DOGok, G3=DOGXX, G4=CATok)  R=0.80
             ex3: items(G0=CAT, G1=CAT, G2=CAT, G3=DOG, G4=DOG) -> lights(S0=OFF, S1=ON, S2=OFF, S3=ON, S4=OFF) -> guesses(G0=CATok, G1=CATok, G2=CATok, G3=DOGok, G4=CATXX)  R=0.80
             ex4: items(G0=DOG, G1=CAT, G2=DOG, G3=CAT, G4=DOG) -> lights(S0=OFF, S1=OFF, S2=ON, S3=OFF, S4=OFF) -> guesses(G0=DOGok, G1=CATok, G2=DOGok, G3=CATok, G4=DOGok)  R=1.00
             ex5: items(G0=DOG, G1=DOG, G2=CAT, G3=DOG, G4=DOG) -> lights(S0=ON, S1=OFF, S2=OFF, S3=OFF, S4=OFF) -> guesses(G0=DOGok, G1=DOGok, G2=DOGXX, G3=DOGok, G4=DOGok)  R=0.80

  seed 16  R=0.963  [exploiting joint channel (0.963)]  (37.1s)
           not perfect (1 tracking, 4 holistic, 0 pooling signallers)
             S0: general(G0,G1,G2,G3,G4) [nonlinear] (kind=general, depends on [0, 1, 2, 3, 4])
             S1: general(G0,G1,G3,G4) [nonlinear] (kind=general, depends on [0, 1, 3, 4])
             S2: track NOT G0                     (kind=dictator, depends on [0])
             S3: general(G0,G1,G2,G3,G4) [nonlinear] (kind=general, depends on [0, 1, 2, 3, 4])
             S4: general(G0,G1,G2,G3,G4) [nonlinear] (kind=general, depends on [0, 1, 2, 3, 4])
             entropy reduction per guesser (out of 1.0): G0=1.00, G1=0.94, G2=0.91, G3=0.88, G4=0.85
             ex1: items(G0=CAT, G1=DOG, G2=DOG, G3=CAT, G4=CAT) -> lights(S0=ON, S1=ON, S2=ON, S3=ON, S4=OFF) -> guesses(G0=CATok, G1=DOGok, G2=DOGok, G3=CATok, G4=CATok)  R=1.00
             ex2: items(G0=CAT, G1=CAT, G2=CAT, G3=CAT, G4=DOG) -> lights(S0=OFF, S1=ON, S2=ON, S3=OFF, S4=ON) -> guesses(G0=CATok, G1=CATok, G2=CATok, G3=CATok, G4=DOGok)  R=1.00
             ex3: items(G0=DOG, G1=DOG, G2=DOG, G3=CAT, G4=DOG) -> lights(S0=ON, S1=ON, S2=OFF, S3=OFF, S4=OFF) -> guesses(G0=DOGok, G1=DOGok, G2=DOGok, G3=CATok, G4=DOGok)  R=1.00
             ex4: items(G0=CAT, G1=CAT, G2=CAT, G3=DOG, G4=DOG) -> lights(S0=OFF, S1=OFF, S2=ON, S3=OFF, S4=ON) -> guesses(G0=CATok, G1=CATok, G2=CATok, G3=DOGok, G4=DOGok)  R=1.00
             ex5: items(G0=CAT, G1=CAT, G2=CAT, G3=CAT, G4=CAT) -> lights(S0=OFF, S1=ON, S2=ON, S3=ON, S4=ON) -> guesses(G0=CATok, G1=CATok, G2=CATok, G3=CATok, G4=CATok)  R=1.00

  seed 17  R=0.875  [exploiting joint channel (0.875)]  (36.9s)
           not perfect (0 tracking, 5 holistic, 0 pooling signallers)
             S0: general(G0,G1,G2,G3,G4) [nonlinear] (kind=general, depends on [0, 1, 2, 3, 4])
             S1: general(G0,G1,G2,G3,G4) [nonlinear] (kind=general, depends on [0, 1, 2, 3, 4])
             S2: general(G0,G1,G2,G3,G4) [nonlinear] (kind=general, depends on [0, 1, 2, 3, 4])
             S3: general(G0,G1,G2,G3,G4) [nonlinear] (kind=general, depends on [0, 1, 2, 3, 4])
             S4: general(G0,G1,G2,G3,G4) [nonlinear] (kind=general, depends on [0, 1, 2, 3, 4])
             entropy reduction per guesser (out of 1.0): G0=0.74, G1=0.90, G2=0.58, G3=0.94, G4=0.49
             ex1: items(G0=CAT, G1=DOG, G2=CAT, G3=DOG, G4=DOG) -> lights(S0=ON, S1=OFF, S2=OFF, S3=OFF, S4=OFF) -> guesses(G0=CATok, G1=DOGok, G2=CATok, G3=DOGok, G4=CATXX)  R=0.80
             ex2: items(G0=CAT, G1=DOG, G2=CAT, G3=CAT, G4=DOG) -> lights(S0=OFF, S1=OFF, S2=OFF, S3=OFF, S4=OFF) -> guesses(G0=CATok, G1=DOGok, G2=CATok, G3=CATok, G4=CATXX)  R=0.80
             ex3: items(G0=CAT, G1=DOG, G2=CAT, G3=DOG, G4=DOG) -> lights(S0=ON, S1=OFF, S2=OFF, S3=OFF, S4=OFF) -> guesses(G0=CATok, G1=DOGok, G2=CATok, G3=DOGok, G4=CATXX)  R=0.80
             ex4: items(G0=CAT, G1=DOG, G2=DOG, G3=CAT, G4=DOG) -> lights(S0=OFF, S1=OFF, S2=ON, S3=OFF, S4=ON) -> guesses(G0=CATok, G1=DOGok, G2=DOGok, G3=CATok, G4=DOGok)  R=1.00
             ex5: items(G0=DOG, G1=DOG, G2=CAT, G3=DOG, G4=DOG) -> lights(S0=ON, S1=OFF, S2=ON, S3=ON, S4=ON) -> guesses(G0=DOGok, G1=DOGok, G2=DOGXX, G3=DOGok, G4=DOGok)  R=0.80

  seed 18  R=0.881  [exploiting joint channel (0.881)]  (37.0s)
           not perfect (2 tracking, 3 holistic, 0 pooling signallers)
             S0: track G1                         (kind=dictator, depends on [1])
             S1: track G4                         (kind=dictator, depends on [4])
             S2: general(G0,G2,G3,G4) [nonlinear] (kind=general, depends on [0, 2, 3, 4])
             S3: general(G0,G1,G2,G3,G4) [nonlinear] (kind=general, depends on [0, 1, 2, 3, 4])
             S4: general(G0,G1,G2,G3,G4) [nonlinear] (kind=general, depends on [0, 1, 2, 3, 4])
             entropy reduction per guesser (out of 1.0): G0=0.65, G1=1.00, G2=0.39, G3=0.48, G4=1.00
             ex1: items(G0=CAT, G1=DOG, G2=DOG, G3=CAT, G4=DOG) -> lights(S0=ON, S1=ON, S2=OFF, S3=ON, S4=OFF) -> guesses(G0=DOGXX, G1=DOGok, G2=DOGok, G3=CATok, G4=DOGok)  R=0.80
             ex2: items(G0=DOG, G1=CAT, G2=DOG, G3=DOG, G4=DOG) -> lights(S0=OFF, S1=ON, S2=OFF, S3=OFF, S4=OFF) -> guesses(G0=DOGok, G1=CATok, G2=DOGok, G3=CATXX, G4=DOGok)  R=0.80
             ex3: items(G0=DOG, G1=DOG, G2=DOG, G3=CAT, G4=CAT) -> lights(S0=ON, S1=OFF, S2=OFF, S3=OFF, S4=OFF) -> guesses(G0=DOGok, G1=DOGok, G2=DOGok, G3=CATok, G4=CATok)  R=1.00
             ex4: items(G0=DOG, G1=CAT, G2=DOG, G3=DOG, G4=DOG) -> lights(S0=OFF, S1=ON, S2=OFF, S3=OFF, S4=OFF) -> guesses(G0=DOGok, G1=CATok, G2=DOGok, G3=CATXX, G4=DOGok)  R=0.80
             ex5: items(G0=CAT, G1=CAT, G2=DOG, G3=CAT, G4=DOG) -> lights(S0=OFF, S1=ON, S2=OFF, S3=OFF, S4=ON) -> guesses(G0=CATok, G1=CATok, G2=DOGok, G3=CATok, G4=DOGok)  R=1.00

  seed 19  R=0.912  [exploiting joint channel (0.912)]  (36.9s)
           not perfect (1 tracking, 4 holistic, 0 pooling signallers)
             S0: general(G0,G1,G2,G3,G4) [nonlinear] (kind=general, depends on [0, 1, 2, 3, 4])
             S1: general(G0,G2,G3,G4) [nonlinear] (kind=general, depends on [0, 2, 3, 4])
             S2: track G3                         (kind=dictator, depends on [3])
             S3: general(G0,G1,G2,G3,G4) [nonlinear] (kind=general, depends on [0, 1, 2, 3, 4])
             S4: general(G0,G1,G2,G3,G4) [nonlinear] (kind=general, depends on [0, 1, 2, 3, 4])
             entropy reduction per guesser (out of 1.0): G0=0.65, G1=0.69, G2=1.00, G3=1.00, G4=0.69
             ex1: items(G0=CAT, G1=CAT, G2=DOG, G3=DOG, G4=DOG) -> lights(S0=OFF, S1=OFF, S2=ON, S3=ON, S4=OFF) -> guesses(G0=DOGXX, G1=CATok, G2=DOGok, G3=DOGok, G4=DOGok)  R=0.80
             ex2: items(G0=DOG, G1=CAT, G2=DOG, G3=CAT, G4=CAT) -> lights(S0=ON, S1=OFF, S2=OFF, S3=ON, S4=OFF) -> guesses(G0=DOGok, G1=CATok, G2=DOGok, G3=CATok, G4=CATok)  R=1.00
             ex3: items(G0=DOG, G1=DOG, G2=DOG, G3=CAT, G4=CAT) -> lights(S0=ON, S1=OFF, S2=OFF, S3=ON, S4=ON) -> guesses(G0=DOGok, G1=DOGok, G2=DOGok, G3=CATok, G4=DOGXX)  R=0.80
             ex4: items(G0=DOG, G1=CAT, G2=CAT, G3=CAT, G4=DOG) -> lights(S0=ON, S1=ON, S2=OFF, S3=ON, S4=ON) -> guesses(G0=DOGok, G1=DOGXX, G2=CATok, G3=CATok, G4=DOGok)  R=0.80
             ex5: items(G0=CAT, G1=DOG, G2=CAT, G3=CAT, G4=DOG) -> lights(S0=OFF, S1=OFF, S2=OFF, S3=OFF, S4=ON) -> guesses(G0=CATok, G1=DOGok, G2=CATok, G3=CATok, G4=DOGok)  R=1.00

  seed 20  R=0.900  [exploiting joint channel (0.900)]  (36.9s)
           not perfect (1 tracking, 4 holistic, 0 pooling signallers)
             S0: general(G0,G1,G2,G3,G4) [nonlinear] (kind=general, depends on [0, 1, 2, 3, 4])
             S1: track G1                         (kind=dictator, depends on [1])
             S2: general(G0,G1,G2,G3,G4) [nonlinear] (kind=general, depends on [0, 1, 2, 3, 4])
             S3: general(G0,G1,G2,G3,G4) [nonlinear] (kind=general, depends on [0, 1, 2, 3, 4])
             S4: general(G0,G1,G2,G4) [nonlinear] (kind=general, depends on [0, 1, 2, 4])
             entropy reduction per guesser (out of 1.0): G0=0.55, G1=1.00, G2=1.00, G3=0.94, G4=0.49
             ex1: items(G0=DOG, G1=CAT, G2=DOG, G3=DOG, G4=CAT) -> lights(S0=ON, S1=OFF, S2=ON, S3=OFF, S4=ON) -> guesses(G0=DOGok, G1=CATok, G2=DOGok, G3=DOGok, G4=DOGXX)  R=0.80
             ex2: items(G0=DOG, G1=DOG, G2=DOG, G3=CAT, G4=CAT) -> lights(S0=OFF, S1=ON, S2=OFF, S3=ON, S4=ON) -> guesses(G0=CATXX, G1=DOGok, G2=DOGok, G3=CATok, G4=CATok)  R=0.80
             ex3: items(G0=DOG, G1=CAT, G2=DOG, G3=DOG, G4=DOG) -> lights(S0=ON, S1=OFF, S2=ON, S3=OFF, S4=ON) -> guesses(G0=DOGok, G1=CATok, G2=DOGok, G3=DOGok, G4=DOGok)  R=1.00
             ex4: items(G0=CAT, G1=DOG, G2=DOG, G3=CAT, G4=DOG) -> lights(S0=OFF, S1=ON, S2=OFF, S3=ON, S4=ON) -> guesses(G0=CATok, G1=DOGok, G2=DOGok, G3=CATok, G4=CATXX)  R=0.80
             ex5: items(G0=DOG, G1=DOG, G2=DOG, G3=DOG, G4=CAT) -> lights(S0=ON, S1=ON, S2=ON, S3=OFF, S4=ON) -> guesses(G0=DOGok, G1=DOGok, G2=DOGok, G3=DOGok, G4=DOGXX)  R=0.80

  seed 21  R=0.950  [exploiting joint channel (0.950)]  (37.1s)
           not perfect (2 tracking, 3 holistic, 0 pooling signallers)
             S0: general(G0,G1,G2,G3,G4) [nonlinear] (kind=general, depends on [0, 1, 2, 3, 4])
             S1: general(G0,G1,G2,G3,G4) [nonlinear] (kind=general, depends on [0, 1, 2, 3, 4])
             S2: track G2                         (kind=dictator, depends on [2])
             S3: general(G0,G1,G2,G3,G4) [nonlinear] (kind=general, depends on [0, 1, 2, 3, 4])
             S4: track NOT G1                     (kind=dictator, depends on [1])
             entropy reduction per guesser (out of 1.0): G0=0.94, G1=1.00, G2=1.00, G3=0.75, G4=1.00
             ex1: items(G0=DOG, G1=CAT, G2=CAT, G3=DOG, G4=CAT) -> lights(S0=ON, S1=OFF, S2=OFF, S3=OFF, S4=ON) -> guesses(G0=DOGok, G1=CATok, G2=CATok, G3=DOGok, G4=CATok)  R=1.00
             ex2: items(G0=DOG, G1=CAT, G2=CAT, G3=CAT, G4=CAT) -> lights(S0=ON, S1=ON, S2=OFF, S3=ON, S4=ON) -> guesses(G0=DOGok, G1=CATok, G2=CATok, G3=CATok, G4=CATok)  R=1.00
             ex3: items(G0=DOG, G1=CAT, G2=CAT, G3=CAT, G4=DOG) -> lights(S0=OFF, S1=OFF, S2=OFF, S3=OFF, S4=ON) -> guesses(G0=DOGok, G1=CATok, G2=CATok, G3=DOGXX, G4=DOGok)  R=0.80
             ex4: items(G0=DOG, G1=CAT, G2=DOG, G3=CAT, G4=CAT) -> lights(S0=ON, S1=OFF, S2=ON, S3=ON, S4=ON) -> guesses(G0=DOGok, G1=CATok, G2=DOGok, G3=CATok, G4=CATok)  R=1.00
             ex5: items(G0=CAT, G1=DOG, G2=DOG, G3=DOG, G4=DOG) -> lights(S0=OFF, S1=ON, S2=ON, S3=OFF, S4=OFF) -> guesses(G0=DOGXX, G1=DOGok, G2=DOGok, G3=DOGok, G4=DOGok)  R=0.80

  seed 22  R=0.794  [exploiting joint channel (0.794)]  (37.3s)
           not perfect (0 tracking, 5 holistic, 0 pooling signallers)
             S0: general(G0,G1,G2,G3,G4) [nonlinear] (kind=general, depends on [0, 1, 2, 3, 4])
             S1: general(G0,G1,G2,G3,G4) [nonlinear] (kind=general, depends on [0, 1, 2, 3, 4])
             S2: general(G0,G1,G2,G3,G4) [nonlinear] (kind=general, depends on [0, 1, 2, 3, 4])
             S3: general(G0,G1,G2,G3,G4) [nonlinear] (kind=general, depends on [0, 1, 2, 3, 4])
             S4: general(G0,G1,G2,G3,G4) [nonlinear] (kind=general, depends on [0, 1, 2, 3, 4])
             entropy reduction per guesser (out of 1.0): G0=0.51, G1=0.53, G2=0.43, G3=0.35, G4=0.74
             ex1: items(G0=CAT, G1=DOG, G2=DOG, G3=DOG, G4=DOG) -> lights(S0=OFF, S1=OFF, S2=OFF, S3=ON, S4=OFF) -> guesses(G0=DOGXX, G1=DOGok, G2=DOGok, G3=DOGok, G4=DOGok)  R=0.80
             ex2: items(G0=DOG, G1=CAT, G2=CAT, G3=CAT, G4=DOG) -> lights(S0=ON, S1=ON, S2=ON, S3=ON, S4=ON) -> guesses(G0=DOGok, G1=CATok, G2=CATok, G3=CATok, G4=DOGok)  R=1.00
             ex3: items(G0=CAT, G1=DOG, G2=CAT, G3=CAT, G4=DOG) -> lights(S0=ON, S1=ON, S2=OFF, S3=OFF, S4=ON) -> guesses(G0=CATok, G1=CATXX, G2=CATok, G3=CATok, G4=CATXX)  R=0.60
             ex4: items(G0=DOG, G1=DOG, G2=CAT, G3=CAT, G4=DOG) -> lights(S0=ON, S1=ON, S2=ON, S3=ON, S4=ON) -> guesses(G0=DOGok, G1=CATXX, G2=CATok, G3=CATok, G4=DOGok)  R=0.80
             ex5: items(G0=DOG, G1=CAT, G2=DOG, G3=CAT, G4=CAT) -> lights(S0=ON, S1=OFF, S2=ON, S3=ON, S4=ON) -> guesses(G0=DOGok, G1=CATok, G2=CATXX, G3=CATok, G4=CATok)  R=0.80

  seed 23  R=0.931  [exploiting joint channel (0.931)]  (37.2s)
           not perfect (4 tracking, 1 holistic, 0 pooling signallers)
             S0: track NOT G3                     (kind=dictator, depends on [3])
             S1: track NOT G1                     (kind=dictator, depends on [1])
             S2: general(G0,G1,G2,G3,G4) [nonlinear] (kind=general, depends on [0, 1, 2, 3, 4])
             S3: track NOT G0                     (kind=dictator, depends on [0])
             S4: track NOT G2                     (kind=dictator, depends on [2])
             entropy reduction per guesser (out of 1.0): G0=1.00, G1=1.00, G2=1.00, G3=1.00, G4=0.56
             ex1: items(G0=DOG, G1=DOG, G2=CAT, G3=DOG, G4=CAT) -> lights(S0=OFF, S1=OFF, S2=ON, S3=OFF, S4=ON) -> guesses(G0=DOGok, G1=DOGok, G2=CATok, G3=DOGok, G4=CATok)  R=1.00
             ex2: items(G0=DOG, G1=DOG, G2=DOG, G3=CAT, G4=DOG) -> lights(S0=ON, S1=OFF, S2=OFF, S3=OFF, S4=OFF) -> guesses(G0=DOGok, G1=DOGok, G2=DOGok, G3=CATok, G4=DOGok)  R=1.00
             ex3: items(G0=CAT, G1=CAT, G2=DOG, G3=DOG, G4=CAT) -> lights(S0=OFF, S1=ON, S2=ON, S3=ON, S4=OFF) -> guesses(G0=CATok, G1=CATok, G2=CATXX, G3=DOGok, G4=CATok)  R=0.80
             ex4: items(G0=CAT, G1=DOG, G2=DOG, G3=CAT, G4=CAT) -> lights(S0=ON, S1=OFF, S2=OFF, S3=ON, S4=OFF) -> guesses(G0=CATok, G1=DOGok, G2=DOGok, G3=CATok, G4=DOGXX)  R=0.80
             ex5: items(G0=CAT, G1=DOG, G2=DOG, G3=CAT, G4=DOG) -> lights(S0=ON, S1=OFF, S2=OFF, S3=ON, S4=OFF) -> guesses(G0=CATok, G1=DOGok, G2=DOGok, G3=CATok, G4=DOGok)  R=1.00

  seed 24  R=0.838  [exploiting joint channel (0.838)]  (37.1s)
           not perfect (0 tracking, 5 holistic, 0 pooling signallers)
             S0: general(G0,G1,G2,G3,G4) [nonlinear] (kind=general, depends on [0, 1, 2, 3, 4])
             S1: general(G0,G1,G2,G3,G4) [nonlinear] (kind=general, depends on [0, 1, 2, 3, 4])
             S2: general(G0,G1,G2,G3,G4) [nonlinear] (kind=general, depends on [0, 1, 2, 3, 4])
             S3: general(G0,G1,G2,G3,G4) [nonlinear] (kind=general, depends on [0, 1, 2, 3, 4])
             S4: general(G0,G1,G2,G3,G4) [nonlinear] (kind=general, depends on [0, 1, 2, 3, 4])
             entropy reduction per guesser (out of 1.0): G0=0.70, G1=0.36, G2=0.75, G3=0.83, G4=0.55
             ex1: items(G0=DOG, G1=DOG, G2=CAT, G3=CAT, G4=CAT) -> lights(S0=ON, S1=ON, S2=ON, S3=ON, S4=ON) -> guesses(G0=DOGok, G1=DOGok, G2=CATok, G3=DOGXX, G4=CATok)  R=0.80
             ex2: items(G0=CAT, G1=DOG, G2=DOG, G3=DOG, G4=DOG) -> lights(S0=ON, S1=OFF, S2=ON, S3=ON, S4=OFF) -> guesses(G0=DOGXX, G1=DOGok, G2=DOGok, G3=DOGok, G4=DOGok)  R=0.80
             ex3: items(G0=CAT, G1=DOG, G2=DOG, G3=DOG, G4=DOG) -> lights(S0=ON, S1=OFF, S2=ON, S3=ON, S4=OFF) -> guesses(G0=DOGXX, G1=DOGok, G2=DOGok, G3=DOGok, G4=DOGok)  R=0.80
             ex4: items(G0=CAT, G1=CAT, G2=DOG, G3=DOG, G4=DOG) -> lights(S0=ON, S1=OFF, S2=ON, S3=OFF, S4=OFF) -> guesses(G0=CATok, G1=DOGXX, G2=DOGok, G3=DOGok, G4=DOGok)  R=0.80
             ex5: items(G0=DOG, G1=CAT, G2=DOG, G3=DOG, G4=CAT) -> lights(S0=ON, S1=OFF, S2=ON, S3=ON, S4=OFF) -> guesses(G0=DOGok, G1=DOGXX, G2=DOGok, G3=DOGok, G4=DOGXX)  R=0.60

  seed 25  R=0.931  [exploiting joint channel (0.931)]  (37.0s)
           not perfect (1 tracking, 4 holistic, 0 pooling signallers)
             S0: general(G0,G2,G3,G4) [nonlinear] (kind=general, depends on [0, 2, 3, 4])
             S1: track NOT G0                     (kind=dictator, depends on [0])
             S2: general(G0,G1,G2,G3,G4) [nonlinear] (kind=general, depends on [0, 1, 2, 3, 4])
             S3: general(G0,G1,G2,G3,G4) [nonlinear] (kind=general, depends on [0, 1, 2, 3, 4])
             S4: general(G0,G1,G2,G3,G4) [nonlinear] (kind=general, depends on [0, 1, 2, 3, 4])
             entropy reduction per guesser (out of 1.0): G0=1.00, G1=1.00, G2=0.44, G3=1.00, G4=0.94
             ex1: items(G0=DOG, G1=CAT, G2=CAT, G3=CAT, G4=CAT) -> lights(S0=ON, S1=OFF, S2=ON, S3=OFF, S4=ON) -> guesses(G0=DOGok, G1=CATok, G2=CATok, G3=CATok, G4=CATok)  R=1.00
             ex2: items(G0=DOG, G1=CAT, G2=DOG, G3=DOG, G4=DOG) -> lights(S0=OFF, S1=OFF, S2=ON, S3=ON, S4=OFF) -> guesses(G0=DOGok, G1=CATok, G2=DOGok, G3=DOGok, G4=DOGok)  R=1.00
             ex3: items(G0=CAT, G1=DOG, G2=DOG, G3=DOG, G4=DOG) -> lights(S0=OFF, S1=ON, S2=OFF, S3=ON, S4=OFF) -> guesses(G0=CATok, G1=DOGok, G2=DOGok, G3=DOGok, G4=DOGok)  R=1.00
             ex4: items(G0=DOG, G1=DOG, G2=DOG, G3=DOG, G4=CAT) -> lights(S0=ON, S1=OFF, S2=OFF, S3=OFF, S4=OFF) -> guesses(G0=DOGok, G1=DOGok, G2=DOGok, G3=DOGok, G4=CATok)  R=1.00
             ex5: items(G0=CAT, G1=DOG, G2=CAT, G3=CAT, G4=DOG) -> lights(S0=OFF, S1=ON, S2=OFF, S3=ON, S4=ON) -> guesses(G0=CATok, G1=DOGok, G2=CATok, G3=CATok, G4=DOGok)  R=1.00

  seed 26  R=0.919  [exploiting joint channel (0.919)]  (37.3s)
           not perfect (1 tracking, 4 holistic, 0 pooling signallers)
             S0: general(G0,G1,G2,G3,G4) [nonlinear] (kind=general, depends on [0, 1, 2, 3, 4])
             S1: track NOT G3                     (kind=dictator, depends on [3])
             S2: general(G0,G1,G2,G3,G4) [nonlinear] (kind=general, depends on [0, 1, 2, 3, 4])
             S3: general(G0,G1,G2,G3,G4) [nonlinear] (kind=general, depends on [0, 1, 2, 3, 4])
             S4: general(G0,G1,G2,G3,G4) [nonlinear] (kind=general, depends on [0, 1, 2, 3, 4])
             entropy reduction per guesser (out of 1.0): G0=0.79, G1=0.94, G2=0.75, G3=1.00, G4=0.85
             ex1: items(G0=CAT, G1=CAT, G2=DOG, G3=CAT, G4=DOG) -> lights(S0=OFF, S1=ON, S2=OFF, S3=OFF, S4=OFF) -> guesses(G0=CATok, G1=DOGXX, G2=DOGok, G3=CATok, G4=DOGok)  R=0.80
             ex2: items(G0=CAT, G1=CAT, G2=DOG, G3=CAT, G4=CAT) -> lights(S0=ON, S1=ON, S2=OFF, S3=OFF, S4=ON) -> guesses(G0=CATok, G1=CATok, G2=DOGok, G3=CATok, G4=CATok)  R=1.00
             ex3: items(G0=DOG, G1=DOG, G2=DOG, G3=DOG, G4=DOG) -> lights(S0=ON, S1=OFF, S2=OFF, S3=OFF, S4=OFF) -> guesses(G0=CATXX, G1=DOGok, G2=DOGok, G3=DOGok, G4=CATXX)  R=0.60
             ex4: items(G0=DOG, G1=DOG, G2=DOG, G3=DOG, G4=DOG) -> lights(S0=ON, S1=OFF, S2=OFF, S3=OFF, S4=OFF) -> guesses(G0=CATXX, G1=DOGok, G2=DOGok, G3=DOGok, G4=CATXX)  R=0.60
             ex5: items(G0=DOG, G1=DOG, G2=CAT, G3=DOG, G4=CAT) -> lights(S0=ON, S1=OFF, S2=ON, S3=OFF, S4=OFF) -> guesses(G0=DOGok, G1=DOGok, G2=DOGXX, G3=DOGok, G4=CATok)  R=0.80

  seed 27  R=0.831  [exploiting joint channel (0.831)]  (36.8s)
           not perfect (0 tracking, 5 holistic, 0 pooling signallers)
             S0: general(G0,G1,G2,G3,G4) [nonlinear] (kind=general, depends on [0, 1, 2, 3, 4])
             S1: general(G0,G1,G2,G3,G4) [nonlinear] (kind=general, depends on [0, 1, 2, 3, 4])
             S2: general(G0,G1,G2,G3,G4) [nonlinear] (kind=general, depends on [0, 1, 2, 3, 4])
             S3: general(G0,G1,G2,G3,G4) [nonlinear] (kind=general, depends on [0, 1, 2, 3, 4])
             S4: general(G0,G1,G2,G3,G4) [nonlinear] (kind=general, depends on [0, 1, 2, 3, 4])
             entropy reduction per guesser (out of 1.0): G0=0.90, G1=0.39, G2=0.79, G3=0.66, G4=1.00
             ex1: items(G0=CAT, G1=CAT, G2=CAT, G3=CAT, G4=CAT) -> lights(S0=OFF, S1=OFF, S2=OFF, S3=ON, S4=OFF) -> guesses(G0=CATok, G1=CATok, G2=CATok, G3=CATok, G4=CATok)  R=1.00
             ex2: items(G0=DOG, G1=DOG, G2=DOG, G3=DOG, G4=DOG) -> lights(S0=ON, S1=ON, S2=ON, S3=OFF, S4=ON) -> guesses(G0=DOGok, G1=DOGok, G2=DOGok, G3=DOGok, G4=DOGok)  R=1.00
             ex3: items(G0=DOG, G1=CAT, G2=CAT, G3=CAT, G4=DOG) -> lights(S0=ON, S1=ON, S2=OFF, S3=ON, S4=ON) -> guesses(G0=DOGok, G1=DOGXX, G2=DOGXX, G3=DOGXX, G4=DOGok)  R=0.40
             ex4: items(G0=DOG, G1=DOG, G2=CAT, G3=DOG, G4=DOG) -> lights(S0=ON, S1=ON, S2=ON, S3=ON, S4=ON) -> guesses(G0=DOGok, G1=DOGok, G2=DOGXX, G3=DOGok, G4=DOGok)  R=0.80
             ex5: items(G0=CAT, G1=DOG, G2=CAT, G3=CAT, G4=DOG) -> lights(S0=OFF, S1=ON, S2=OFF, S3=ON, S4=OFF) -> guesses(G0=CATok, G1=CATXX, G2=CATok, G3=CATok, G4=DOGok)  R=0.80

  seed 28  R=0.950  [exploiting joint channel (0.950)]  (37.1s)
           not perfect (2 tracking, 3 holistic, 0 pooling signallers)
             S0: track G4                         (kind=dictator, depends on [4])
             S1: track G1                         (kind=dictator, depends on [1])
             S2: general(G0,G1,G2,G3,G4) [nonlinear] (kind=general, depends on [0, 1, 2, 3, 4])
             S3: general(G0,G1,G2,G3,G4) [nonlinear] (kind=general, depends on [0, 1, 2, 3, 4])
             S4: general(G0,G1,G2,G3,G4) [nonlinear] (kind=general, depends on [0, 1, 2, 3, 4])
             entropy reduction per guesser (out of 1.0): G0=0.75, G1=1.00, G2=1.00, G3=0.81, G4=1.00
             ex1: items(G0=DOG, G1=CAT, G2=DOG, G3=CAT, G4=DOG) -> lights(S0=ON, S1=OFF, S2=ON, S3=ON, S4=ON) -> guesses(G0=DOGok, G1=CATok, G2=DOGok, G3=DOGXX, G4=DOGok)  R=0.80
             ex2: items(G0=DOG, G1=DOG, G2=DOG, G3=CAT, G4=DOG) -> lights(S0=ON, S1=ON, S2=ON, S3=ON, S4=ON) -> guesses(G0=DOGok, G1=DOGok, G2=DOGok, G3=DOGXX, G4=DOGok)  R=0.80
             ex3: items(G0=CAT, G1=CAT, G2=CAT, G3=CAT, G4=CAT) -> lights(S0=OFF, S1=OFF, S2=OFF, S3=OFF, S4=OFF) -> guesses(G0=CATok, G1=CATok, G2=CATok, G3=CATok, G4=CATok)  R=1.00
             ex4: items(G0=CAT, G1=CAT, G2=CAT, G3=DOG, G4=CAT) -> lights(S0=OFF, S1=OFF, S2=OFF, S3=ON, S4=ON) -> guesses(G0=CATok, G1=CATok, G2=CATok, G3=DOGok, G4=CATok)  R=1.00
             ex5: items(G0=DOG, G1=DOG, G2=CAT, G3=CAT, G4=DOG) -> lights(S0=ON, S1=ON, S2=OFF, S3=ON, S4=OFF) -> guesses(G0=DOGok, G1=DOGok, G2=CATok, G3=CATok, G4=DOGok)  R=1.00

  seed 29  R=0.912  [exploiting joint channel (0.912)]  (37.0s)
           not perfect (1 tracking, 4 holistic, 0 pooling signallers)
             S0: general(G0,G1,G2,G3,G4) [nonlinear] (kind=general, depends on [0, 1, 2, 3, 4])
             S1: general(G0,G1,G2,G3,G4) [nonlinear] (kind=general, depends on [0, 1, 2, 3, 4])
             S2: general(G0,G1,G2,G3,G4) [nonlinear] (kind=general, depends on [0, 1, 2, 3, 4])
             S3: track G0                         (kind=dictator, depends on [0])
             S4: general(G0,G1,G2,G3,G4) [nonlinear] (kind=general, depends on [0, 1, 2, 3, 4])
             entropy reduction per guesser (out of 1.0): G0=1.00, G1=0.79, G2=0.88, G3=0.79, G4=0.94
             ex1: items(G0=CAT, G1=CAT, G2=CAT, G3=CAT, G4=DOG) -> lights(S0=OFF, S1=ON, S2=OFF, S3=OFF, S4=ON) -> guesses(G0=CATok, G1=CATok, G2=CATok, G3=CATok, G4=DOGok)  R=1.00
             ex2: items(G0=DOG, G1=CAT, G2=DOG, G3=DOG, G4=DOG) -> lights(S0=OFF, S1=OFF, S2=OFF, S3=ON, S4=OFF) -> guesses(G0=DOGok, G1=DOGXX, G2=DOGok, G3=DOGok, G4=DOGok)  R=0.80
             ex3: items(G0=CAT, G1=CAT, G2=DOG, G3=DOG, G4=CAT) -> lights(S0=ON, S1=OFF, S2=ON, S3=OFF, S4=ON) -> guesses(G0=CATok, G1=CATok, G2=DOGok, G3=DOGok, G4=CATok)  R=1.00
             ex4: items(G0=DOG, G1=DOG, G2=DOG, G3=DOG, G4=DOG) -> lights(S0=OFF, S1=OFF, S2=OFF, S3=ON, S4=OFF) -> guesses(G0=DOGok, G1=DOGok, G2=DOGok, G3=DOGok, G4=DOGok)  R=1.00
             ex5: items(G0=CAT, G1=CAT, G2=DOG, G3=CAT, G4=CAT) -> lights(S0=OFF, S1=ON, S2=ON, S3=OFF, S4=ON) -> guesses(G0=CATok, G1=CATok, G2=DOGok, G3=CATok, G4=CATok)  R=1.00

  --- K5x5 / shared: summary over 30 seeds ---
      mean team reward           : 0.886
      complementarity rate       : 0.0% of seeds perfect
      convention types:
        partial / non-perfect: 30/30
      signaller-light census (all seeds pooled): general=124 (83%), dictator=26 (17%)
      mean channel utilisation H(M) : 0.985 bits (out of 1.0)
      mean entropy reduction / guesser: 0.775 bits (out of 1.0)

============================================================
  K5x5 / two_brain
============================================================

  seed  0  R=0.881  [exploiting joint channel (0.881)]  (55.0s)
           not perfect (0 tracking, 5 holistic, 0 pooling signallers)
             S0: general(G0,G1,G2,G3,G4) [nonlinear] (kind=general, depends on [0, 1, 2, 3, 4])
             S1: general(G0,G1,G2,G3,G4) [nonlinear] (kind=general, depends on [0, 1, 2, 3, 4])
             S2: general(G0,G1,G2,G3,G4) [nonlinear] (kind=general, depends on [0, 1, 2, 3, 4])
             S3: general(G0,G1,G2,G3,G4) [nonlinear] (kind=general, depends on [0, 1, 2, 3, 4])
             S4: general(G0,G1,G2,G3,G4) [nonlinear] (kind=general, depends on [0, 1, 2, 3, 4])
             entropy reduction per guesser (out of 1.0): G0=0.79, G1=0.66, G2=0.73, G3=0.94, G4=0.85
             ex1: items(G0=CAT, G1=CAT, G2=CAT, G3=CAT, G4=CAT) -> lights(S0=OFF, S1=ON, S2=OFF, S3=ON, S4=ON) -> guesses(G0=CATok, G1=CATok, G2=CATok, G3=CATok, G4=CATok)  R=1.00
             ex2: items(G0=DOG, G1=DOG, G2=CAT, G3=DOG, G4=DOG) -> lights(S0=ON, S1=OFF, S2=ON, S3=OFF, S4=ON) -> guesses(G0=DOGok, G1=DOGok, G2=DOGXX, G3=DOGok, G4=DOGok)  R=0.80
             ex3: items(G0=DOG, G1=DOG, G2=CAT, G3=CAT, G4=DOG) -> lights(S0=OFF, S1=OFF, S2=OFF, S3=OFF, S4=ON) -> guesses(G0=CATXX, G1=DOGok, G2=CATok, G3=CATok, G4=DOGok)  R=0.80
             ex4: items(G0=DOG, G1=CAT, G2=CAT, G3=CAT, G4=DOG) -> lights(S0=OFF, S1=ON, S2=OFF, S3=OFF, S4=ON) -> guesses(G0=DOGok, G1=CATok, G2=CATok, G3=CATok, G4=DOGok)  R=1.00
             ex5: items(G0=DOG, G1=CAT, G2=DOG, G3=DOG, G4=DOG) -> lights(S0=ON, S1=ON, S2=ON, S3=OFF, S4=ON) -> guesses(G0=DOGok, G1=CATok, G2=DOGok, G3=DOGok, G4=DOGok)  R=1.00

  seed  1  R=0.875  [exploiting joint channel (0.875)]  (55.0s)
           not perfect (0 tracking, 5 holistic, 0 pooling signallers)
             S0: general(G0,G1,G2,G3,G4) [nonlinear] (kind=general, depends on [0, 1, 2, 3, 4])
             S1: general(G0,G1,G2,G3,G4) [nonlinear] (kind=general, depends on [0, 1, 2, 3, 4])
             S2: general(G0,G1,G2,G4) [nonlinear] (kind=general, depends on [0, 1, 2, 4])
             S3: general(G0,G1,G2,G3,G4) [nonlinear] (kind=general, depends on [0, 1, 2, 3, 4])
             S4: general(G0,G1,G2,G3,G4) [nonlinear] (kind=general, depends on [0, 1, 2, 3, 4])
             entropy reduction per guesser (out of 1.0): G0=0.68, G1=0.71, G2=1.00, G3=0.37, G4=0.89
             ex1: items(G0=DOG, G1=DOG, G2=CAT, G3=CAT, G4=CAT) -> lights(S0=OFF, S1=ON, S2=OFF, S3=OFF, S4=ON) -> guesses(G0=DOGok, G1=CATXX, G2=CATok, G3=CATok, G4=CATok)  R=0.80
             ex2: items(G0=CAT, G1=DOG, G2=DOG, G3=CAT, G4=DOG) -> lights(S0=ON, S1=OFF, S2=OFF, S3=OFF, S4=OFF) -> guesses(G0=CATok, G1=DOGok, G2=DOGok, G3=DOGXX, G4=DOGok)  R=0.80
             ex3: items(G0=DOG, G1=DOG, G2=DOG, G3=DOG, G4=CAT) -> lights(S0=OFF, S1=OFF, S2=OFF, S3=OFF, S4=ON) -> guesses(G0=DOGok, G1=DOGok, G2=DOGok, G3=DOGok, G4=CATok)  R=1.00
             ex4: items(G0=CAT, G1=DOG, G2=CAT, G3=DOG, G4=DOG) -> lights(S0=ON, S1=OFF, S2=OFF, S3=ON, S4=OFF) -> guesses(G0=CATok, G1=DOGok, G2=CATok, G3=CATXX, G4=DOGok)  R=0.80
             ex5: items(G0=DOG, G1=DOG, G2=CAT, G3=DOG, G4=DOG) -> lights(S0=ON, S1=OFF, S2=OFF, S3=ON, S4=OFF) -> guesses(G0=CATXX, G1=DOGok, G2=CATok, G3=CATXX, G4=DOGok)  R=0.60

  seed  2  R=0.894  [exploiting joint channel (0.894)]  (55.8s)
           not perfect (0 tracking, 5 holistic, 0 pooling signallers)
             S0: general(G0,G1,G2,G3,G4) [nonlinear] (kind=general, depends on [0, 1, 2, 3, 4])
             S1: general(G0,G1,G2,G3,G4) [nonlinear] (kind=general, depends on [0, 1, 2, 3, 4])
             S2: general(G0,G1,G2,G3,G4) [nonlinear] (kind=general, depends on [0, 1, 2, 3, 4])
             S3: general(G0,G1,G2,G3,G4) [nonlinear] (kind=general, depends on [0, 1, 2, 3, 4])
             S4: general(G0,G1,G2,G3,G4) [nonlinear] (kind=general, depends on [0, 1, 2, 3, 4])
             entropy reduction per guesser (out of 1.0): G0=0.65, G1=0.80, G2=0.84, G3=0.90, G4=0.77
             ex1: items(G0=DOG, G1=DOG, G2=CAT, G3=DOG, G4=CAT) -> lights(S0=OFF, S1=ON, S2=OFF, S3=OFF, S4=ON) -> guesses(G0=DOGok, G1=DOGok, G2=DOGXX, G3=DOGok, G4=CATok)  R=0.80
             ex2: items(G0=DOG, G1=DOG, G2=DOG, G3=CAT, G4=DOG) -> lights(S0=ON, S1=OFF, S2=ON, S3=OFF, S4=ON) -> guesses(G0=DOGok, G1=DOGok, G2=DOGok, G3=CATok, G4=DOGok)  R=1.00
             ex3: items(G0=DOG, G1=DOG, G2=DOG, G3=DOG, G4=DOG) -> lights(S0=ON, S1=ON, S2=ON, S3=OFF, S4=ON) -> guesses(G0=DOGok, G1=DOGok, G2=DOGok, G3=DOGok, G4=DOGok)  R=1.00
             ex4: items(G0=DOG, G1=DOG, G2=CAT, G3=CAT, G4=CAT) -> lights(S0=OFF, S1=OFF, S2=OFF, S3=OFF, S4=OFF) -> guesses(G0=DOGok, G1=CATXX, G2=CATok, G3=CATok, G4=CATok)  R=0.80
             ex5: items(G0=CAT, G1=DOG, G2=DOG, G3=CAT, G4=DOG) -> lights(S0=ON, S1=OFF, S2=ON, S3=ON, S4=ON) -> guesses(G0=CATok, G1=DOGok, G2=DOGok, G3=CATok, G4=DOGok)  R=1.00

  seed  3  R=0.981  [exploiting joint channel (0.981)]  (55.7s)
           not perfect (2 tracking, 3 holistic, 0 pooling signallers)
             S0: track G0                         (kind=dictator, depends on [0])
             S1: general(G0,G1,G2,G3,G4) [nonlinear] (kind=general, depends on [0, 1, 2, 3, 4])
             S2: general(G0,G1,G2,G3,G4) [nonlinear] (kind=general, depends on [0, 1, 2, 3, 4])
             S3: track G4                         (kind=dictator, depends on [4])
             S4: general(G0,G1,G2,G3,G4) [nonlinear] (kind=general, depends on [0, 1, 2, 3, 4])
             entropy reduction per guesser (out of 1.0): G0=1.00, G1=0.94, G2=0.94, G3=0.94, G4=1.00
             ex1: items(G0=DOG, G1=DOG, G2=DOG, G3=CAT, G4=CAT) -> lights(S0=ON, S1=ON, S2=ON, S3=OFF, S4=OFF) -> guesses(G0=DOGok, G1=DOGok, G2=DOGok, G3=CATok, G4=CATok)  R=1.00
             ex2: items(G0=DOG, G1=CAT, G2=DOG, G3=DOG, G4=DOG) -> lights(S0=ON, S1=OFF, S2=ON, S3=ON, S4=ON) -> guesses(G0=DOGok, G1=CATok, G2=DOGok, G3=DOGok, G4=DOGok)  R=1.00
             ex3: items(G0=CAT, G1=DOG, G2=DOG, G3=CAT, G4=CAT) -> lights(S0=OFF, S1=ON, S2=ON, S3=OFF, S4=OFF) -> guesses(G0=CATok, G1=DOGok, G2=DOGok, G3=CATok, G4=CATok)  R=1.00
             ex4: items(G0=DOG, G1=DOG, G2=DOG, G3=CAT, G4=DOG) -> lights(S0=ON, S1=ON, S2=ON, S3=ON, S4=OFF) -> guesses(G0=DOGok, G1=DOGok, G2=DOGok, G3=CATok, G4=DOGok)  R=1.00
             ex5: items(G0=CAT, G1=CAT, G2=CAT, G3=CAT, G4=DOG) -> lights(S0=OFF, S1=OFF, S2=ON, S3=ON, S4=OFF) -> guesses(G0=CATok, G1=CATok, G2=DOGXX, G3=CATok, G4=DOGok)  R=0.80

  seed  4  R=0.863  [exploiting joint channel (0.863)]  (55.6s)
           not perfect (0 tracking, 5 holistic, 0 pooling signallers)
             S0: general(G0,G1,G2,G3,G4) [nonlinear] (kind=general, depends on [0, 1, 2, 3, 4])
             S1: general(G0,G1,G2,G3,G4) [nonlinear] (kind=general, depends on [0, 1, 2, 3, 4])
             S2: general(G0,G1,G2,G3,G4) [nonlinear] (kind=general, depends on [0, 1, 2, 3, 4])
             S3: general(G0,G1,G2,G3,G4) [nonlinear] (kind=general, depends on [0, 1, 2, 3, 4])
             S4: general(G0,G1,G2,G3,G4) [nonlinear] (kind=general, depends on [0, 1, 2, 3, 4])
             entropy reduction per guesser (out of 1.0): G0=0.48, G1=0.90, G2=0.71, G3=0.75, G4=0.68
             ex1: items(G0=DOG, G1=CAT, G2=CAT, G3=DOG, G4=CAT) -> lights(S0=OFF, S1=ON, S2=ON, S3=OFF, S4=OFF) -> guesses(G0=DOGok, G1=CATok, G2=DOGXX, G3=DOGok, G4=CATok)  R=0.80
             ex2: items(G0=CAT, G1=CAT, G2=DOG, G3=CAT, G4=CAT) -> lights(S0=ON, S1=ON, S2=OFF, S3=OFF, S4=ON) -> guesses(G0=CATok, G1=CATok, G2=CATXX, G3=CATok, G4=CATok)  R=0.80
             ex3: items(G0=DOG, G1=DOG, G2=CAT, G3=CAT, G4=DOG) -> lights(S0=ON, S1=OFF, S2=OFF, S3=OFF, S4=ON) -> guesses(G0=DOGok, G1=DOGok, G2=CATok, G3=CATok, G4=CATXX)  R=0.80
             ex4: items(G0=DOG, G1=DOG, G2=CAT, G3=CAT, G4=DOG) -> lights(S0=ON, S1=OFF, S2=OFF, S3=OFF, S4=ON) -> guesses(G0=DOGok, G1=DOGok, G2=CATok, G3=CATok, G4=CATXX)  R=0.80
             ex5: items(G0=DOG, G1=DOG, G2=CAT, G3=CAT, G4=CAT) -> lights(S0=ON, S1=OFF, S2=OFF, S3=OFF, S4=ON) -> guesses(G0=DOGok, G1=DOGok, G2=CATok, G3=CATok, G4=CATok)  R=1.00

  seed  5  R=0.863  [exploiting joint channel (0.863)]  (55.7s)
           not perfect (0 tracking, 5 holistic, 0 pooling signallers)
             S0: general(G0,G1,G2,G3,G4) [nonlinear] (kind=general, depends on [0, 1, 2, 3, 4])
             S1: general(G0,G1,G2,G3,G4) [nonlinear] (kind=general, depends on [0, 1, 2, 3, 4])
             S2: general(G0,G1,G2,G3,G4) [nonlinear] (kind=general, depends on [0, 1, 2, 3, 4])
             S3: general(G0,G1,G2,G3,G4) [nonlinear] (kind=general, depends on [0, 1, 2, 3, 4])
             S4: general(G0,G1,G2,G3,G4) [nonlinear] (kind=general, depends on [0, 1, 2, 3, 4])
             entropy reduction per guesser (out of 1.0): G0=1.00, G1=0.69, G2=0.62, G3=0.73, G4=0.69
             ex1: items(G0=CAT, G1=CAT, G2=DOG, G3=DOG, G4=DOG) -> lights(S0=ON, S1=ON, S2=ON, S3=ON, S4=OFF) -> guesses(G0=CATok, G1=CATok, G2=DOGok, G3=DOGok, G4=DOGok)  R=1.00
             ex2: items(G0=DOG, G1=DOG, G2=CAT, G3=DOG, G4=DOG) -> lights(S0=OFF, S1=ON, S2=ON, S3=OFF, S4=ON) -> guesses(G0=DOGok, G1=DOGok, G2=CATok, G3=DOGok, G4=CATXX)  R=0.80
             ex3: items(G0=DOG, G1=CAT, G2=CAT, G3=DOG, G4=CAT) -> lights(S0=OFF, S1=ON, S2=ON, S3=OFF, S4=ON) -> guesses(G0=DOGok, G1=DOGXX, G2=CATok, G3=DOGok, G4=CATok)  R=0.80
             ex4: items(G0=DOG, G1=DOG, G2=DOG, G3=DOG, G4=CAT) -> lights(S0=OFF, S1=ON, S2=ON, S3=ON, S4=ON) -> guesses(G0=DOGok, G1=DOGok, G2=DOGok, G3=DOGok, G4=CATok)  R=1.00
             ex5: items(G0=DOG, G1=DOG, G2=DOG, G3=CAT, G4=DOG) -> lights(S0=OFF, S1=ON, S2=OFF, S3=ON, S4=ON) -> guesses(G0=DOGok, G1=DOGok, G2=DOGok, G3=DOGXX, G4=DOGok)  R=0.80

  seed  6  R=0.881  [exploiting joint channel (0.881)]  (55.7s)
           not perfect (0 tracking, 5 holistic, 0 pooling signallers)
             S0: general(G0,G1,G2,G3,G4) [nonlinear] (kind=general, depends on [0, 1, 2, 3, 4])
             S1: general(G0,G1,G2,G3,G4) [nonlinear] (kind=general, depends on [0, 1, 2, 3, 4])
             S2: general(G0,G1,G2,G3,G4) [nonlinear] (kind=general, depends on [0, 1, 2, 3, 4])
             S3: general(G0,G1,G2,G3,G4) [nonlinear] (kind=general, depends on [0, 1, 2, 3, 4])
             S4: general(G0,G1,G2,G3,G4) [nonlinear] (kind=general, depends on [0, 1, 2, 3, 4])
             entropy reduction per guesser (out of 1.0): G0=0.90, G1=1.00, G2=0.59, G3=0.58, G4=0.64
             ex1: items(G0=DOG, G1=DOG, G2=DOG, G3=CAT, G4=CAT) -> lights(S0=OFF, S1=ON, S2=ON, S3=ON, S4=ON) -> guesses(G0=DOGok, G1=DOGok, G2=DOGok, G3=CATok, G4=CATok)  R=1.00
             ex2: items(G0=CAT, G1=CAT, G2=CAT, G3=DOG, G4=CAT) -> lights(S0=OFF, S1=OFF, S2=OFF, S3=OFF, S4=OFF) -> guesses(G0=CATok, G1=CATok, G2=CATok, G3=CATXX, G4=CATok)  R=0.80
             ex3: items(G0=DOG, G1=DOG, G2=DOG, G3=DOG, G4=DOG) -> lights(S0=ON, S1=ON, S2=ON, S3=ON, S4=ON) -> guesses(G0=DOGok, G1=DOGok, G2=DOGok, G3=CATXX, G4=DOGok)  R=0.80
             ex4: items(G0=DOG, G1=DOG, G2=CAT, G3=CAT, G4=CAT) -> lights(S0=OFF, S1=ON, S2=ON, S3=ON, S4=ON) -> guesses(G0=DOGok, G1=DOGok, G2=DOGXX, G3=CATok, G4=CATok)  R=0.80
             ex5: items(G0=CAT, G1=DOG, G2=DOG, G3=CAT, G4=CAT) -> lights(S0=OFF, S1=ON, S2=ON, S3=ON, S4=OFF) -> guesses(G0=CATok, G1=DOGok, G2=DOGok, G3=CATok, G4=CATok)  R=1.00

  seed  7  R=0.888  [exploiting joint channel (0.888)]  (55.9s)
           not perfect (0 tracking, 5 holistic, 0 pooling signallers)
             S0: general(G0,G1,G2,G3,G4) [nonlinear] (kind=general, depends on [0, 1, 2, 3, 4])
             S1: general(G0,G1,G2,G3,G4) [nonlinear] (kind=general, depends on [0, 1, 2, 3, 4])
             S2: general(G0,G1,G2,G3,G4) [nonlinear] (kind=general, depends on [0, 1, 2, 3, 4])
             S3: general(G0,G1,G2,G3,G4) [nonlinear] (kind=general, depends on [0, 1, 2, 3, 4])
             S4: general(G0,G1,G2,G3,G4) [nonlinear] (kind=general, depends on [0, 1, 2, 3, 4])
             entropy reduction per guesser (out of 1.0): G0=1.00, G1=0.48, G2=0.75, G3=0.94, G4=0.79
             ex1: items(G0=DOG, G1=CAT, G2=CAT, G3=DOG, G4=DOG) -> lights(S0=ON, S1=ON, S2=OFF, S3=ON, S4=OFF) -> guesses(G0=DOGok, G1=CATok, G2=CATok, G3=DOGok, G4=DOGok)  R=1.00
             ex2: items(G0=DOG, G1=DOG, G2=CAT, G3=DOG, G4=CAT) -> lights(S0=ON, S1=ON, S2=OFF, S3=ON, S4=ON) -> guesses(G0=DOGok, G1=DOGok, G2=DOGXX, G3=DOGok, G4=CATok)  R=0.80
             ex3: items(G0=CAT, G1=CAT, G2=CAT, G3=CAT, G4=CAT) -> lights(S0=ON, S1=OFF, S2=OFF, S3=OFF, S4=ON) -> guesses(G0=CATok, G1=CATok, G2=CATok, G3=CATok, G4=CATok)  R=1.00
             ex4: items(G0=CAT, G1=CAT, G2=CAT, G3=DOG, G4=DOG) -> lights(S0=ON, S1=OFF, S2=ON, S3=ON, S4=OFF) -> guesses(G0=CATok, G1=CATok, G2=CATok, G3=DOGok, G4=DOGok)  R=1.00
             ex5: items(G0=DOG, G1=DOG, G2=DOG, G3=CAT, G4=CAT) -> lights(S0=OFF, S1=ON, S2=OFF, S3=ON, S4=ON) -> guesses(G0=DOGok, G1=DOGok, G2=DOGok, G3=CATok, G4=CATok)  R=1.00

  seed  8  R=0.906  [exploiting joint channel (0.906)]  (55.9s)
           not perfect (1 tracking, 4 holistic, 0 pooling signallers)
             S0: general(G0,G1,G2,G3,G4) [nonlinear] (kind=general, depends on [0, 1, 2, 3, 4])
             S1: general(G0,G1,G2,G3,G4) [nonlinear] (kind=general, depends on [0, 1, 2, 3, 4])
             S2: general(G0,G1,G2,G3,G4) [nonlinear] (kind=general, depends on [0, 1, 2, 3, 4])
             S3: track G1                         (kind=dictator, depends on [1])
             S4: general(G0,G1,G2,G3,G4) [nonlinear] (kind=general, depends on [0, 1, 2, 3, 4])
             entropy reduction per guesser (out of 1.0): G0=0.94, G1=1.00, G2=1.00, G3=1.00, G4=0.38
             ex1: items(G0=CAT, G1=CAT, G2=CAT, G3=DOG, G4=DOG) -> lights(S0=ON, S1=OFF, S2=OFF, S3=OFF, S4=OFF) -> guesses(G0=CATok, G1=CATok, G2=CATok, G3=DOGok, G4=DOGok)  R=1.00
             ex2: items(G0=CAT, G1=DOG, G2=DOG, G3=CAT, G4=DOG) -> lights(S0=OFF, S1=OFF, S2=ON, S3=ON, S4=ON) -> guesses(G0=CATok, G1=DOGok, G2=DOGok, G3=CATok, G4=DOGok)  R=1.00
             ex3: items(G0=CAT, G1=DOG, G2=DOG, G3=DOG, G4=DOG) -> lights(S0=OFF, S1=OFF, S2=ON, S3=ON, S4=OFF) -> guesses(G0=CATok, G1=DOGok, G2=DOGok, G3=DOGok, G4=DOGok)  R=1.00
             ex4: items(G0=CAT, G1=DOG, G2=DOG, G3=DOG, G4=CAT) -> lights(S0=OFF, S1=OFF, S2=ON, S3=ON, S4=OFF) -> guesses(G0=CATok, G1=DOGok, G2=DOGok, G3=DOGok, G4=DOGXX)  R=0.80
             ex5: items(G0=CAT, G1=DOG, G2=CAT, G3=DOG, G4=CAT) -> lights(S0=ON, S1=OFF, S2=OFF, S3=ON, S4=OFF) -> guesses(G0=CATok, G1=DOGok, G2=CATok, G3=DOGok, G4=DOGXX)  R=0.80

  seed  9  R=0.863  [exploiting joint channel (0.863)]  (55.3s)
           not perfect (0 tracking, 5 holistic, 0 pooling signallers)
             S0: general(G0,G1,G2,G3,G4) [nonlinear] (kind=general, depends on [0, 1, 2, 3, 4])
             S1: general(G0,G1,G2,G3,G4) [nonlinear] (kind=general, depends on [0, 1, 2, 3, 4])
             S2: general(G0,G1,G2,G3,G4) [nonlinear] (kind=general, depends on [0, 1, 2, 3, 4])
             S3: general(G0,G1,G2,G3,G4) [nonlinear] (kind=general, depends on [0, 1, 2, 3, 4])
             S4: general(G0,G1,G2,G3,G4) [nonlinear] (kind=general, depends on [0, 1, 2, 3, 4])
             entropy reduction per guesser (out of 1.0): G0=0.48, G1=0.84, G2=0.77, G3=0.90, G4=0.80
             ex1: items(G0=DOG, G1=CAT, G2=CAT, G3=DOG, G4=CAT) -> lights(S0=ON, S1=OFF, S2=OFF, S3=OFF, S4=OFF) -> guesses(G0=CATXX, G1=CATok, G2=CATok, G3=DOGok, G4=DOGXX)  R=0.60
             ex2: items(G0=DOG, G1=CAT, G2=CAT, G3=CAT, G4=CAT) -> lights(S0=OFF, S1=OFF, S2=ON, S3=ON, S4=ON) -> guesses(G0=CATXX, G1=CATok, G2=CATok, G3=CATok, G4=CATok)  R=0.80
             ex3: items(G0=CAT, G1=DOG, G2=CAT, G3=CAT, G4=CAT) -> lights(S0=OFF, S1=ON, S2=OFF, S3=ON, S4=ON) -> guesses(G0=CATok, G1=DOGok, G2=CATok, G3=DOGXX, G4=CATok)  R=0.80
             ex4: items(G0=DOG, G1=DOG, G2=DOG, G3=DOG, G4=CAT) -> lights(S0=OFF, S1=ON, S2=ON, S3=ON, S4=OFF) -> guesses(G0=DOGok, G1=DOGok, G2=CATXX, G3=DOGok, G4=CATok)  R=0.80
             ex5: items(G0=DOG, G1=DOG, G2=DOG, G3=DOG, G4=CAT) -> lights(S0=OFF, S1=ON, S2=ON, S3=ON, S4=OFF) -> guesses(G0=DOGok, G1=DOGok, G2=CATXX, G3=DOGok, G4=CATok)  R=0.80

  seed 10  R=0.831  [exploiting joint channel (0.831)]  (55.7s)
           not perfect (0 tracking, 5 holistic, 0 pooling signallers)
             S0: general(G0,G1,G2,G3,G4) [nonlinear] (kind=general, depends on [0, 1, 2, 3, 4])
             S1: general(G0,G1,G2,G3,G4) [nonlinear] (kind=general, depends on [0, 1, 2, 3, 4])
             S2: general(G0,G1,G2,G3,G4) [nonlinear] (kind=general, depends on [0, 1, 2, 3, 4])
             S3: general(G0,G1,G2,G3,G4) [nonlinear] (kind=general, depends on [0, 1, 2, 3, 4])
             S4: general(G0,G1,G2,G3,G4) [nonlinear] (kind=general, depends on [0, 1, 2, 3, 4])
             entropy reduction per guesser (out of 1.0): G0=0.65, G1=0.75, G2=0.48, G3=0.52, G4=0.90
             ex1: items(G0=DOG, G1=DOG, G2=CAT, G3=CAT, G4=CAT) -> lights(S0=ON, S1=ON, S2=ON, S3=OFF, S4=ON) -> guesses(G0=CATXX, G1=DOGok, G2=CATok, G3=CATok, G4=CATok)  R=0.80
             ex2: items(G0=CAT, G1=DOG, G2=DOG, G3=DOG, G4=CAT) -> lights(S0=ON, S1=OFF, S2=OFF, S3=ON, S4=OFF) -> guesses(G0=CATok, G1=DOGok, G2=DOGok, G3=DOGok, G4=DOGXX)  R=0.80
             ex3: items(G0=CAT, G1=DOG, G2=CAT, G3=CAT, G4=DOG) -> lights(S0=ON, S1=OFF, S2=OFF, S3=OFF, S4=ON) -> guesses(G0=DOGXX, G1=DOGok, G2=CATok, G3=CATok, G4=CATXX)  R=0.60
             ex4: items(G0=DOG, G1=CAT, G2=DOG, G3=CAT, G4=CAT) -> lights(S0=ON, S1=OFF, S2=ON, S3=ON, S4=ON) -> guesses(G0=CATXX, G1=CATok, G2=CATXX, G3=CATok, G4=CATok)  R=0.60
             ex5: items(G0=DOG, G1=DOG, G2=CAT, G3=CAT, G4=DOG) -> lights(S0=OFF, S1=OFF, S2=OFF, S3=OFF, S4=ON) -> guesses(G0=DOGok, G1=DOGok, G2=DOGXX, G3=CATok, G4=DOGok)  R=0.80

  seed 11  R=0.919  [exploiting joint channel (0.919)]  (56.0s)
           not perfect (0 tracking, 5 holistic, 0 pooling signallers)
             S0: general(G0,G1,G2,G3,G4) [nonlinear] (kind=general, depends on [0, 1, 2, 3, 4])
             S1: general(G0,G1,G2,G3,G4) [nonlinear] (kind=general, depends on [0, 1, 2, 3, 4])
             S2: general(G0,G1,G2,G3,G4) [nonlinear] (kind=general, depends on [0, 1, 2, 3, 4])
             S3: general(G0,G1,G2) [nonlinear]    (kind=general, depends on [0, 1, 2])
             S4: general(G0,G1,G2,G3,G4) [nonlinear] (kind=general, depends on [0, 1, 2, 3, 4])
             entropy reduction per guesser (out of 1.0): G0=0.83, G1=0.91, G2=0.79, G3=1.00, G4=0.58
             ex1: items(G0=CAT, G1=CAT, G2=DOG, G3=CAT, G4=DOG) -> lights(S0=ON, S1=OFF, S2=OFF, S3=OFF, S4=OFF) -> guesses(G0=CATok, G1=DOGXX, G2=DOGok, G3=CATok, G4=DOGok)  R=0.80
             ex2: items(G0=DOG, G1=DOG, G2=CAT, G3=CAT, G4=DOG) -> lights(S0=ON, S1=ON, S2=ON, S3=OFF, S4=OFF) -> guesses(G0=DOGok, G1=DOGok, G2=CATok, G3=CATok, G4=DOGok)  R=1.00
             ex3: items(G0=CAT, G1=CAT, G2=DOG, G3=CAT, G4=CAT) -> lights(S0=OFF, S1=ON, S2=OFF, S3=OFF, S4=ON) -> guesses(G0=CATok, G1=CATok, G2=DOGok, G3=CATok, G4=CATok)  R=1.00
             ex4: items(G0=CAT, G1=DOG, G2=CAT, G3=DOG, G4=DOG) -> lights(S0=ON, S1=OFF, S2=ON, S3=OFF, S4=ON) -> guesses(G0=CATok, G1=DOGok, G2=CATok, G3=DOGok, G4=CATXX)  R=0.80
             ex5: items(G0=DOG, G1=DOG, G2=DOG, G3=DOG, G4=DOG) -> lights(S0=ON, S1=OFF, S2=OFF, S3=OFF, S4=ON) -> guesses(G0=CATXX, G1=DOGok, G2=DOGok, G3=DOGok, G4=DOGok)  R=0.80

  seed 12  R=0.919  [exploiting joint channel (0.919)]  (55.8s)
           not perfect (0 tracking, 5 holistic, 0 pooling signallers)
             S0: general(G0,G1,G2,G3,G4) [nonlinear] (kind=general, depends on [0, 1, 2, 3, 4])
             S1: general(G0,G1,G2,G3,G4) [nonlinear] (kind=general, depends on [0, 1, 2, 3, 4])
             S2: general(G0,G1,G2,G3,G4) [nonlinear] (kind=general, depends on [0, 1, 2, 3, 4])
             S3: general(G0,G1,G2,G3,G4) [nonlinear] (kind=general, depends on [0, 1, 2, 3, 4])
             S4: general(G0,G1,G2,G3,G4) [nonlinear] (kind=general, depends on [0, 1, 2, 3, 4])
             entropy reduction per guesser (out of 1.0): G0=0.83, G1=0.85, G2=0.88, G3=0.88, G4=0.91
             ex1: items(G0=CAT, G1=DOG, G2=CAT, G3=CAT, G4=DOG) -> lights(S0=OFF, S1=ON, S2=OFF, S3=OFF, S4=ON) -> guesses(G0=CATok, G1=CATXX, G2=CATok, G3=CATok, G4=DOGok)  R=0.80
             ex2: items(G0=CAT, G1=CAT, G2=DOG, G3=CAT, G4=DOG) -> lights(S0=ON, S1=ON, S2=OFF, S3=OFF, S4=OFF) -> guesses(G0=CATok, G1=CATok, G2=DOGok, G3=CATok, G4=DOGok)  R=1.00
             ex3: items(G0=DOG, G1=DOG, G2=DOG, G3=DOG, G4=CAT) -> lights(S0=OFF, S1=OFF, S2=ON, S3=ON, S4=OFF) -> guesses(G0=DOGok, G1=DOGok, G2=CATXX, G3=DOGok, G4=CATok)  R=0.80
             ex4: items(G0=CAT, G1=CAT, G2=DOG, G3=CAT, G4=DOG) -> lights(S0=ON, S1=ON, S2=OFF, S3=OFF, S4=OFF) -> guesses(G0=CATok, G1=CATok, G2=DOGok, G3=CATok, G4=DOGok)  R=1.00
             ex5: items(G0=DOG, G1=CAT, G2=CAT, G3=DOG, G4=DOG) -> lights(S0=OFF, S1=OFF, S2=OFF, S3=OFF, S4=ON) -> guesses(G0=DOGok, G1=CATok, G2=CATok, G3=DOGok, G4=DOGok)  R=1.00

  seed 13  R=0.856  [exploiting joint channel (0.856)]  (55.9s)
           not perfect (0 tracking, 5 holistic, 0 pooling signallers)
             S0: general(G0,G1,G2,G3,G4) [nonlinear] (kind=general, depends on [0, 1, 2, 3, 4])
             S1: general(G0,G1,G2,G3,G4) [nonlinear] (kind=general, depends on [0, 1, 2, 3, 4])
             S2: general(G0,G1,G2,G3,G4) [nonlinear] (kind=general, depends on [0, 1, 2, 3, 4])
             S3: general(G0,G1,G2,G3,G4) [nonlinear] (kind=general, depends on [0, 1, 2, 3, 4])
             S4: general(G0,G1,G2,G3,G4) [nonlinear] (kind=general, depends on [0, 1, 2, 3, 4])
             entropy reduction per guesser (out of 1.0): G0=0.54, G1=0.61, G2=0.85, G3=0.68, G4=1.00
             ex1: items(G0=CAT, G1=CAT, G2=CAT, G3=DOG, G4=CAT) -> lights(S0=ON, S1=OFF, S2=OFF, S3=OFF, S4=OFF) -> guesses(G0=CATok, G1=CATok, G2=CATok, G3=DOGok, G4=CATok)  R=1.00
             ex2: items(G0=CAT, G1=CAT, G2=CAT, G3=DOG, G4=CAT) -> lights(S0=ON, S1=OFF, S2=OFF, S3=OFF, S4=OFF) -> guesses(G0=CATok, G1=CATok, G2=CATok, G3=DOGok, G4=CATok)  R=1.00
             ex3: items(G0=CAT, G1=CAT, G2=CAT, G3=DOG, G4=DOG) -> lights(S0=OFF, S1=OFF, S2=OFF, S3=OFF, S4=ON) -> guesses(G0=CATok, G1=CATok, G2=CATok, G3=CATXX, G4=DOGok)  R=0.80
             ex4: items(G0=CAT, G1=DOG, G2=CAT, G3=DOG, G4=DOG) -> lights(S0=OFF, S1=OFF, S2=ON, S3=OFF, S4=OFF) -> guesses(G0=CATok, G1=CATXX, G2=CATok, G3=DOGok, G4=DOGok)  R=0.80
             ex5: items(G0=DOG, G1=DOG, G2=DOG, G3=DOG, G4=DOG) -> lights(S0=ON, S1=ON, S2=ON, S3=ON, S4=ON) -> guesses(G0=DOGok, G1=DOGok, G2=DOGok, G3=DOGok, G4=DOGok)  R=1.00

  seed 14  R=0.888  [exploiting joint channel (0.888)]  (55.3s)
           not perfect (0 tracking, 5 holistic, 0 pooling signallers)
             S0: general(G0,G1,G2,G3,G4) [nonlinear] (kind=general, depends on [0, 1, 2, 3, 4])
             S1: general(G0,G1,G2,G3,G4) [nonlinear] (kind=general, depends on [0, 1, 2, 3, 4])
             S2: general(G0,G1,G2,G3,G4) [nonlinear] (kind=general, depends on [0, 1, 2, 3, 4])
             S3: general(G0,G1,G2,G3,G4) [nonlinear] (kind=general, depends on [0, 1, 2, 3, 4])
             S4: general(G0,G1,G2,G3,G4) [nonlinear] (kind=general, depends on [0, 1, 2, 3, 4])
             entropy reduction per guesser (out of 1.0): G0=0.91, G1=0.79, G2=0.62, G3=0.77, G4=1.00
             ex1: items(G0=CAT, G1=DOG, G2=CAT, G3=CAT, G4=DOG) -> lights(S0=ON, S1=OFF, S2=ON, S3=ON, S4=OFF) -> guesses(G0=CATok, G1=DOGok, G2=CATok, G3=CATok, G4=DOGok)  R=1.00
             ex2: items(G0=CAT, G1=DOG, G2=DOG, G3=CAT, G4=DOG) -> lights(S0=ON, S1=OFF, S2=ON, S3=ON, S4=OFF) -> guesses(G0=CATok, G1=DOGok, G2=CATXX, G3=CATok, G4=DOGok)  R=0.80
             ex3: items(G0=DOG, G1=CAT, G2=DOG, G3=DOG, G4=DOG) -> lights(S0=ON, S1=ON, S2=OFF, S3=OFF, S4=OFF) -> guesses(G0=DOGok, G1=CATok, G2=DOGok, G3=DOGok, G4=DOGok)  R=1.00
             ex4: items(G0=CAT, G1=DOG, G2=DOG, G3=CAT, G4=CAT) -> lights(S0=OFF, S1=OFF, S2=ON, S3=ON, S4=ON) -> guesses(G0=CATok, G1=DOGok, G2=DOGok, G3=CATok, G4=CATok)  R=1.00
             ex5: items(G0=DOG, G1=DOG, G2=CAT, G3=CAT, G4=DOG) -> lights(S0=ON, S1=ON, S2=ON, S3=ON, S4=OFF) -> guesses(G0=DOGok, G1=CATXX, G2=CATok, G3=CATok, G4=DOGok)  R=0.80

  seed 15  R=0.925  [exploiting joint channel (0.925)]  (55.4s)
           not perfect (1 tracking, 4 holistic, 0 pooling signallers)
             S0: general(G0,G1,G2,G3,G4) [nonlinear] (kind=general, depends on [0, 1, 2, 3, 4])
             S1: general(G0,G1,G2,G3,G4) [nonlinear] (kind=general, depends on [0, 1, 2, 3, 4])
             S2: general(G0,G1,G2,G4) [nonlinear] (kind=general, depends on [0, 1, 2, 4])
             S3: general(G0,G1,G2,G3,G4) [nonlinear] (kind=general, depends on [0, 1, 2, 3, 4])
             S4: track NOT G4                     (kind=dictator, depends on [4])
             entropy reduction per guesser (out of 1.0): G0=1.00, G1=1.00, G2=0.52, G3=0.64, G4=1.00
             ex1: items(G0=DOG, G1=CAT, G2=CAT, G3=DOG, G4=DOG) -> lights(S0=ON, S1=OFF, S2=OFF, S3=OFF, S4=OFF) -> guesses(G0=DOGok, G1=CATok, G2=CATok, G3=DOGok, G4=DOGok)  R=1.00
             ex2: items(G0=CAT, G1=DOG, G2=DOG, G3=CAT, G4=CAT) -> lights(S0=OFF, S1=OFF, S2=ON, S3=ON, S4=ON) -> guesses(G0=CATok, G1=DOGok, G2=DOGok, G3=CATok, G4=CATok)  R=1.00
             ex3: items(G0=CAT, G1=CAT, G2=CAT, G3=DOG, G4=DOG) -> lights(S0=ON, S1=ON, S2=OFF, S3=ON, S4=OFF) -> guesses(G0=CATok, G1=CATok, G2=CATok, G3=DOGok, G4=DOGok)  R=1.00
             ex4: items(G0=DOG, G1=CAT, G2=DOG, G3=CAT, G4=DOG) -> lights(S0=OFF, S1=OFF, S2=OFF, S3=OFF, S4=OFF) -> guesses(G0=DOGok, G1=CATok, G2=DOGok, G3=CATok, G4=DOGok)  R=1.00
             ex5: items(G0=DOG, G1=DOG, G2=CAT, G3=DOG, G4=DOG) -> lights(S0=ON, S1=OFF, S2=ON, S3=OFF, S4=OFF) -> guesses(G0=DOGok, G1=DOGok, G2=DOGXX, G3=DOGok, G4=DOGok)  R=0.80

  seed 16  R=0.869  [exploiting joint channel (0.869)]  (55.7s)
           not perfect (0 tracking, 5 holistic, 0 pooling signallers)
             S0: general(G0,G1,G2,G3,G4) [nonlinear] (kind=general, depends on [0, 1, 2, 3, 4])
             S1: general(G0,G1,G2,G3,G4) [nonlinear] (kind=general, depends on [0, 1, 2, 3, 4])
             S2: general(G0,G1,G2,G3,G4) [nonlinear] (kind=general, depends on [0, 1, 2, 3, 4])
             S3: general(G0,G1,G2,G3,G4) [nonlinear] (kind=general, depends on [0, 1, 2, 3, 4])
             S4: general(G0,G1,G2,G3,G4) [nonlinear] (kind=general, depends on [0, 1, 2, 3, 4])
             entropy reduction per guesser (out of 1.0): G0=0.71, G1=0.62, G2=0.71, G3=0.83, G4=0.66
             ex1: items(G0=CAT, G1=DOG, G2=DOG, G3=CAT, G4=CAT) -> lights(S0=ON, S1=OFF, S2=OFF, S3=OFF, S4=OFF) -> guesses(G0=CATok, G1=DOGok, G2=DOGok, G3=DOGXX, G4=CATok)  R=0.80
             ex2: items(G0=CAT, G1=CAT, G2=CAT, G3=CAT, G4=DOG) -> lights(S0=ON, S1=ON, S2=OFF, S3=ON, S4=ON) -> guesses(G0=CATok, G1=CATok, G2=CATok, G3=CATok, G4=DOGok)  R=1.00
             ex3: items(G0=DOG, G1=DOG, G2=DOG, G3=CAT, G4=DOG) -> lights(S0=ON, S1=ON, S2=ON, S3=OFF, S4=ON) -> guesses(G0=CATXX, G1=CATXX, G2=DOGok, G3=CATok, G4=CATXX)  R=0.40
             ex4: items(G0=CAT, G1=CAT, G2=CAT, G3=DOG, G4=DOG) -> lights(S0=ON, S1=OFF, S2=OFF, S3=ON, S4=OFF) -> guesses(G0=CATok, G1=DOGXX, G2=CATok, G3=DOGok, G4=DOGok)  R=0.80
             ex5: items(G0=CAT, G1=CAT, G2=CAT, G3=CAT, G4=CAT) -> lights(S0=ON, S1=ON, S2=OFF, S3=ON, S4=ON) -> guesses(G0=CATok, G1=CATok, G2=CATok, G3=CATok, G4=DOGXX)  R=0.80

  seed 17  R=0.838  [exploiting joint channel (0.838)]  (55.7s)
           not perfect (0 tracking, 5 holistic, 0 pooling signallers)
             S0: general(G0,G1,G2,G3,G4) [nonlinear] (kind=general, depends on [0, 1, 2, 3, 4])
             S1: general(G0,G1,G2,G3,G4) [nonlinear] (kind=general, depends on [0, 1, 2, 3, 4])
             S2: general(G0,G1,G2,G3,G4) [nonlinear] (kind=general, depends on [0, 1, 2, 3, 4])
             S3: general(G0,G1,G2,G3,G4) [nonlinear] (kind=general, depends on [0, 1, 2, 3, 4])
             S4: general(G0,G1,G2,G3,G4) [nonlinear] (kind=general, depends on [0, 1, 2, 3, 4])
             entropy reduction per guesser (out of 1.0): G0=0.55, G1=0.66, G2=0.68, G3=0.82, G4=0.64
             ex1: items(G0=CAT, G1=DOG, G2=CAT, G3=DOG, G4=DOG) -> lights(S0=OFF, S1=ON, S2=ON, S3=OFF, S4=OFF) -> guesses(G0=CATok, G1=DOGok, G2=CATok, G3=DOGok, G4=DOGok)  R=1.00
             ex2: items(G0=CAT, G1=DOG, G2=CAT, G3=CAT, G4=DOG) -> lights(S0=OFF, S1=OFF, S2=OFF, S3=OFF, S4=OFF) -> guesses(G0=CATok, G1=CATXX, G2=CATok, G3=CATok, G4=DOGok)  R=0.80
             ex3: items(G0=CAT, G1=DOG, G2=CAT, G3=DOG, G4=DOG) -> lights(S0=OFF, S1=ON, S2=ON, S3=OFF, S4=OFF) -> guesses(G0=CATok, G1=DOGok, G2=CATok, G3=DOGok, G4=DOGok)  R=1.00
             ex4: items(G0=CAT, G1=DOG, G2=DOG, G3=CAT, G4=DOG) -> lights(S0=ON, S1=OFF, S2=OFF, S3=OFF, S4=OFF) -> guesses(G0=CATok, G1=CATXX, G2=CATXX, G3=CATok, G4=DOGok)  R=0.60
             ex5: items(G0=DOG, G1=DOG, G2=CAT, G3=DOG, G4=DOG) -> lights(S0=OFF, S1=ON, S2=ON, S3=OFF, S4=OFF) -> guesses(G0=CATXX, G1=DOGok, G2=CATok, G3=DOGok, G4=DOGok)  R=0.80

  seed 18  R=0.881  [exploiting joint channel (0.881)]  (55.4s)
           not perfect (1 tracking, 4 holistic, 0 pooling signallers)
             S0: general(G0,G1,G2,G3,G4) [nonlinear] (kind=general, depends on [0, 1, 2, 3, 4])
             S1: general(G0,G1,G2,G3,G4) [nonlinear] (kind=general, depends on [0, 1, 2, 3, 4])
             S2: general(G0,G1,G2,G3,G4) [nonlinear] (kind=general, depends on [0, 1, 2, 3, 4])
             S3: general(G0,G1,G2,G3,G4) [nonlinear] (kind=general, depends on [0, 1, 2, 3, 4])
             S4: track NOT G2                     (kind=dictator, depends on [2])
             entropy reduction per guesser (out of 1.0): G0=0.79, G1=0.60, G2=1.00, G3=0.79, G4=0.75
             ex1: items(G0=CAT, G1=DOG, G2=DOG, G3=CAT, G4=DOG) -> lights(S0=OFF, S1=OFF, S2=OFF, S3=OFF, S4=OFF) -> guesses(G0=CATok, G1=CATXX, G2=DOGok, G3=CATok, G4=DOGok)  R=0.80
             ex2: items(G0=DOG, G1=CAT, G2=DOG, G3=DOG, G4=DOG) -> lights(S0=OFF, S1=ON, S2=OFF, S3=OFF, S4=OFF) -> guesses(G0=CATXX, G1=CATok, G2=DOGok, G3=DOGok, G4=DOGok)  R=0.80
             ex3: items(G0=DOG, G1=DOG, G2=DOG, G3=CAT, G4=CAT) -> lights(S0=ON, S1=OFF, S2=ON, S3=OFF, S4=OFF) -> guesses(G0=DOGok, G1=DOGok, G2=DOGok, G3=CATok, G4=CATok)  R=1.00
             ex4: items(G0=DOG, G1=CAT, G2=DOG, G3=DOG, G4=DOG) -> lights(S0=OFF, S1=ON, S2=OFF, S3=OFF, S4=OFF) -> guesses(G0=CATXX, G1=CATok, G2=DOGok, G3=DOGok, G4=DOGok)  R=0.80
             ex5: items(G0=CAT, G1=CAT, G2=DOG, G3=CAT, G4=DOG) -> lights(S0=OFF, S1=OFF, S2=OFF, S3=OFF, S4=OFF) -> guesses(G0=CATok, G1=CATok, G2=DOGok, G3=CATok, G4=DOGok)  R=1.00

  seed 19  R=0.875  [exploiting joint channel (0.875)]  (55.6s)
           not perfect (0 tracking, 5 holistic, 0 pooling signallers)
             S0: general(G0,G1,G2,G3,G4) [nonlinear] (kind=general, depends on [0, 1, 2, 3, 4])
             S1: general(G1,G3,G4) [nonlinear]    (kind=general, depends on [1, 3, 4])
             S2: general(G0,G1,G2,G3,G4) [nonlinear] (kind=general, depends on [0, 1, 2, 3, 4])
             S3: general(G1,G3,G4) [nonlinear]    (kind=general, depends on [1, 3, 4])
             S4: general(G0,G1,G2,G3,G4) [nonlinear] (kind=general, depends on [0, 1, 2, 3, 4])
             entropy reduction per guesser (out of 1.0): G0=0.44, G1=0.91, G2=0.57, G3=1.00, G4=0.85
             ex1: items(G0=CAT, G1=CAT, G2=DOG, G3=DOG, G4=DOG) -> lights(S0=OFF, S1=ON, S2=OFF, S3=ON, S4=ON) -> guesses(G0=DOGXX, G1=CATok, G2=DOGok, G3=DOGok, G4=DOGok)  R=0.80
             ex2: items(G0=DOG, G1=CAT, G2=DOG, G3=CAT, G4=CAT) -> lights(S0=ON, S1=OFF, S2=ON, S3=ON, S4=ON) -> guesses(G0=DOGok, G1=CATok, G2=DOGok, G3=CATok, G4=CATok)  R=1.00
             ex3: items(G0=DOG, G1=DOG, G2=DOG, G3=CAT, G4=CAT) -> lights(S0=OFF, S1=OFF, S2=ON, S3=OFF, S4=ON) -> guesses(G0=DOGok, G1=DOGok, G2=DOGok, G3=CATok, G4=CATok)  R=1.00
             ex4: items(G0=DOG, G1=CAT, G2=CAT, G3=CAT, G4=DOG) -> lights(S0=OFF, S1=OFF, S2=OFF, S3=ON, S4=OFF) -> guesses(G0=CATXX, G1=CATok, G2=CATok, G3=CATok, G4=DOGok)  R=0.80
             ex5: items(G0=CAT, G1=DOG, G2=CAT, G3=CAT, G4=DOG) -> lights(S0=OFF, S1=ON, S2=OFF, S3=OFF, S4=OFF) -> guesses(G0=CATok, G1=DOGok, G2=CATok, G3=CATok, G4=DOGok)  R=1.00

  seed 20  R=0.875  [exploiting joint channel (0.875)]  (55.4s)
           not perfect (0 tracking, 5 holistic, 0 pooling signallers)
             S0: general(G0,G1,G2,G3,G4) [nonlinear] (kind=general, depends on [0, 1, 2, 3, 4])
             S1: general(G0,G1,G2,G3,G4) [nonlinear] (kind=general, depends on [0, 1, 2, 3, 4])
             S2: general(G0,G1,G2,G3,G4) [nonlinear] (kind=general, depends on [0, 1, 2, 3, 4])
             S3: general(G0,G1,G2,G3,G4) [nonlinear] (kind=general, depends on [0, 1, 2, 3, 4])
             S4: general(G0,G1,G2,G3,G4) [nonlinear] (kind=general, depends on [0, 1, 2, 3, 4])
             entropy reduction per guesser (out of 1.0): G0=0.66, G1=0.85, G2=0.54, G3=0.94, G4=0.75
             ex1: items(G0=DOG, G1=CAT, G2=DOG, G3=DOG, G4=CAT) -> lights(S0=ON, S1=OFF, S2=OFF, S3=OFF, S4=ON) -> guesses(G0=DOGok, G1=CATok, G2=DOGok, G3=DOGok, G4=DOGXX)  R=0.80
             ex2: items(G0=DOG, G1=DOG, G2=DOG, G3=CAT, G4=CAT) -> lights(S0=OFF, S1=ON, S2=OFF, S3=OFF, S4=OFF) -> guesses(G0=DOGok, G1=DOGok, G2=DOGok, G3=CATok, G4=DOGXX)  R=0.80
             ex3: items(G0=DOG, G1=CAT, G2=DOG, G3=DOG, G4=DOG) -> lights(S0=OFF, S1=OFF, S2=OFF, S3=OFF, S4=ON) -> guesses(G0=DOGok, G1=CATok, G2=DOGok, G3=DOGok, G4=DOGok)  R=1.00
             ex4: items(G0=CAT, G1=DOG, G2=DOG, G3=CAT, G4=DOG) -> lights(S0=OFF, S1=OFF, S2=OFF, S3=OFF, S4=OFF) -> guesses(G0=DOGXX, G1=DOGok, G2=DOGok, G3=CATok, G4=DOGok)  R=0.80
             ex5: items(G0=DOG, G1=DOG, G2=DOG, G3=DOG, G4=CAT) -> lights(S0=OFF, S1=OFF, S2=OFF, S3=ON, S4=ON) -> guesses(G0=DOGok, G1=CATXX, G2=DOGok, G3=DOGok, G4=DOGXX)  R=0.60

  seed 21  R=0.875  [exploiting joint channel (0.875)]  (55.5s)
           not perfect (0 tracking, 5 holistic, 0 pooling signallers)
             S0: general(G0,G1,G2,G3,G4) [nonlinear] (kind=general, depends on [0, 1, 2, 3, 4])
             S1: general(G0,G1,G2,G3,G4) [nonlinear] (kind=general, depends on [0, 1, 2, 3, 4])
             S2: general(G0,G1,G2,G3,G4) [nonlinear] (kind=general, depends on [0, 1, 2, 3, 4])
             S3: general(G0,G1,G2,G3,G4) [nonlinear] (kind=general, depends on [0, 1, 2, 3, 4])
             S4: general(G0,G1,G2,G3,G4) [nonlinear] (kind=general, depends on [0, 1, 2, 3, 4])
             entropy reduction per guesser (out of 1.0): G0=0.66, G1=0.76, G2=0.55, G3=1.00, G4=0.94
             ex1: items(G0=DOG, G1=CAT, G2=CAT, G3=DOG, G4=CAT) -> lights(S0=ON, S1=ON, S2=ON, S3=OFF, S4=ON) -> guesses(G0=DOGok, G1=CATok, G2=CATok, G3=DOGok, G4=CATok)  R=1.00
             ex2: items(G0=DOG, G1=CAT, G2=CAT, G3=CAT, G4=CAT) -> lights(S0=OFF, S1=ON, S2=ON, S3=OFF, S4=ON) -> guesses(G0=CATXX, G1=CATok, G2=CATok, G3=CATok, G4=CATok)  R=0.80
             ex3: items(G0=DOG, G1=CAT, G2=CAT, G3=CAT, G4=DOG) -> lights(S0=OFF, S1=OFF, S2=ON, S3=OFF, S4=OFF) -> guesses(G0=DOGok, G1=CATok, G2=CATok, G3=CATok, G4=DOGok)  R=1.00
             ex4: items(G0=DOG, G1=CAT, G2=DOG, G3=CAT, G4=CAT) -> lights(S0=OFF, S1=OFF, S2=ON, S3=OFF, S4=ON) -> guesses(G0=DOGok, G1=CATok, G2=DOGok, G3=CATok, G4=DOGXX)  R=0.80
             ex5: items(G0=CAT, G1=DOG, G2=DOG, G3=DOG, G4=DOG) -> lights(S0=ON, S1=OFF, S2=OFF, S3=ON, S4=ON) -> guesses(G0=CATok, G1=DOGok, G2=DOGok, G3=DOGok, G4=DOGok)  R=1.00

  seed 22  R=0.900  [exploiting joint channel (0.900)]  (55.5s)
           not perfect (0 tracking, 5 holistic, 0 pooling signallers)
             S0: general(G0,G1,G2,G3,G4) [nonlinear] (kind=general, depends on [0, 1, 2, 3, 4])
             S1: general(G0,G2,G3,G4) [nonlinear] (kind=general, depends on [0, 2, 3, 4])
             S2: general(G0,G1,G2,G3,G4) [nonlinear] (kind=general, depends on [0, 1, 2, 3, 4])
             S3: general(G0,G1,G2,G3,G4) [nonlinear] (kind=general, depends on [0, 1, 2, 3, 4])
             S4: general(G0,G1,G2,G3,G4) [nonlinear] (kind=general, depends on [0, 1, 2, 3, 4])
             entropy reduction per guesser (out of 1.0): G0=0.94, G1=0.79, G2=1.00, G3=0.69, G4=0.91
             ex1: items(G0=CAT, G1=DOG, G2=DOG, G3=DOG, G4=DOG) -> lights(S0=ON, S1=OFF, S2=OFF, S3=OFF, S4=OFF) -> guesses(G0=CATok, G1=DOGok, G2=DOGok, G3=CATXX, G4=DOGok)  R=0.80
             ex2: items(G0=DOG, G1=CAT, G2=CAT, G3=CAT, G4=DOG) -> lights(S0=ON, S1=OFF, S2=ON, S3=ON, S4=ON) -> guesses(G0=DOGok, G1=CATok, G2=CATok, G3=CATok, G4=DOGok)  R=1.00
             ex3: items(G0=CAT, G1=DOG, G2=CAT, G3=CAT, G4=DOG) -> lights(S0=OFF, S1=OFF, S2=OFF, S3=OFF, S4=ON) -> guesses(G0=CATok, G1=DOGok, G2=CATok, G3=CATok, G4=DOGok)  R=1.00
             ex4: items(G0=DOG, G1=DOG, G2=CAT, G3=CAT, G4=DOG) -> lights(S0=ON, S1=OFF, S2=ON, S3=OFF, S4=ON) -> guesses(G0=DOGok, G1=DOGok, G2=DOGXX, G3=CATok, G4=DOGok)  R=0.80
             ex5: items(G0=DOG, G1=CAT, G2=DOG, G3=CAT, G4=CAT) -> lights(S0=OFF, S1=ON, S2=ON, S3=ON, S4=OFF) -> guesses(G0=DOGok, G1=CATok, G2=DOGok, G3=DOGXX, G4=CATok)  R=0.80

  seed 23  R=0.888  [exploiting joint channel (0.888)]  (55.2s)
           not perfect (0 tracking, 5 holistic, 0 pooling signallers)
             S0: general(G0,G1,G2,G3,G4) [nonlinear] (kind=general, depends on [0, 1, 2, 3, 4])
             S1: general(G0,G1,G2,G3,G4) [nonlinear] (kind=general, depends on [0, 1, 2, 3, 4])
             S2: general(G0,G1,G2,G3,G4) [nonlinear] (kind=general, depends on [0, 1, 2, 3, 4])
             S3: general(G0,G1,G2,G3,G4) [nonlinear] (kind=general, depends on [0, 1, 2, 3, 4])
             S4: general(G0,G1,G3,G4) [nonlinear] (kind=general, depends on [0, 1, 3, 4])
             entropy reduction per guesser (out of 1.0): G0=0.62, G1=0.94, G2=0.94, G3=0.41, G4=0.83
             ex1: items(G0=DOG, G1=DOG, G2=CAT, G3=DOG, G4=CAT) -> lights(S0=OFF, S1=ON, S2=ON, S3=OFF, S4=OFF) -> guesses(G0=DOGok, G1=DOGok, G2=CATok, G3=DOGok, G4=CATok)  R=1.00
             ex2: items(G0=DOG, G1=DOG, G2=DOG, G3=CAT, G4=DOG) -> lights(S0=OFF, S1=ON, S2=ON, S3=ON, S4=ON) -> guesses(G0=DOGok, G1=DOGok, G2=DOGok, G3=DOGXX, G4=DOGok)  R=0.80
             ex3: items(G0=CAT, G1=CAT, G2=DOG, G3=DOG, G4=CAT) -> lights(S0=ON, S1=ON, S2=OFF, S3=ON, S4=OFF) -> guesses(G0=CATok, G1=CATok, G2=DOGok, G3=CATXX, G4=CATok)  R=0.80
             ex4: items(G0=CAT, G1=DOG, G2=DOG, G3=CAT, G4=CAT) -> lights(S0=ON, S1=ON, S2=ON, S3=OFF, S4=ON) -> guesses(G0=CATok, G1=DOGok, G2=CATXX, G3=CATok, G4=CATok)  R=0.80
             ex5: items(G0=CAT, G1=DOG, G2=DOG, G3=CAT, G4=DOG) -> lights(S0=ON, S1=ON, S2=ON, S3=ON, S4=ON) -> guesses(G0=CATok, G1=DOGok, G2=DOGok, G3=CATok, G4=CATXX)  R=0.80

  seed 24  R=0.881  [exploiting joint channel (0.881)]  (55.3s)
           not perfect (0 tracking, 5 holistic, 0 pooling signallers)
             S0: general(G0,G1,G2,G3,G4) [nonlinear] (kind=general, depends on [0, 1, 2, 3, 4])
             S1: general(G0,G1,G2,G3,G4) [nonlinear] (kind=general, depends on [0, 1, 2, 3, 4])
             S2: general(G1,G2,G3,G4) [nonlinear] (kind=general, depends on [1, 2, 3, 4])
             S3: general(G0,G1,G2,G3,G4) [nonlinear] (kind=general, depends on [0, 1, 2, 3, 4])
             S4: general(G0,G1,G2,G3,G4) [nonlinear] (kind=general, depends on [0, 1, 2, 3, 4])
             entropy reduction per guesser (out of 1.0): G0=0.70, G1=0.77, G2=0.79, G3=0.94, G4=0.73
             ex1: items(G0=DOG, G1=DOG, G2=CAT, G3=CAT, G4=CAT) -> lights(S0=ON, S1=ON, S2=OFF, S3=ON, S4=ON) -> guesses(G0=DOGok, G1=CATXX, G2=CATok, G3=CATok, G4=CATok)  R=0.80
             ex2: items(G0=CAT, G1=DOG, G2=DOG, G3=DOG, G4=DOG) -> lights(S0=OFF, S1=ON, S2=ON, S3=OFF, S4=ON) -> guesses(G0=DOGXX, G1=DOGok, G2=DOGok, G3=DOGok, G4=DOGok)  R=0.80
             ex3: items(G0=CAT, G1=DOG, G2=DOG, G3=DOG, G4=DOG) -> lights(S0=OFF, S1=ON, S2=ON, S3=OFF, S4=ON) -> guesses(G0=DOGXX, G1=DOGok, G2=DOGok, G3=DOGok, G4=DOGok)  R=0.80
             ex4: items(G0=CAT, G1=CAT, G2=DOG, G3=DOG, G4=DOG) -> lights(S0=OFF, S1=ON, S2=ON, S3=OFF, S4=ON) -> guesses(G0=DOGXX, G1=DOGXX, G2=DOGok, G3=DOGok, G4=DOGok)  R=0.60
             ex5: items(G0=DOG, G1=CAT, G2=DOG, G3=DOG, G4=CAT) -> lights(S0=ON, S1=OFF, S2=OFF, S3=OFF, S4=ON) -> guesses(G0=DOGok, G1=CATok, G2=DOGok, G3=DOGok, G4=CATok)  R=1.00

  seed 25  R=0.912  [exploiting joint channel (0.912)]  (55.5s)
           not perfect (1 tracking, 4 holistic, 0 pooling signallers)
             S0: general(G0,G1,G2,G3,G4) [nonlinear] (kind=general, depends on [0, 1, 2, 3, 4])
             S1: general(G0,G1,G2,G3,G4) [nonlinear] (kind=general, depends on [0, 1, 2, 3, 4])
             S2: general(G0,G1,G2,G3,G4) [nonlinear] (kind=general, depends on [0, 1, 2, 3, 4])
             S3: general(G0,G1,G2,G3,G4) [nonlinear] (kind=general, depends on [0, 1, 2, 3, 4])
             S4: track NOT G4                     (kind=dictator, depends on [4])
             entropy reduction per guesser (out of 1.0): G0=0.73, G1=1.00, G2=0.73, G3=0.94, G4=1.00
             ex1: items(G0=DOG, G1=CAT, G2=CAT, G3=CAT, G4=CAT) -> lights(S0=ON, S1=OFF, S2=ON, S3=OFF, S4=ON) -> guesses(G0=DOGok, G1=CATok, G2=DOGXX, G3=CATok, G4=CATok)  R=0.80
             ex2: items(G0=DOG, G1=CAT, G2=DOG, G3=DOG, G4=DOG) -> lights(S0=OFF, S1=OFF, S2=OFF, S3=ON, S4=OFF) -> guesses(G0=DOGok, G1=CATok, G2=DOGok, G3=DOGok, G4=DOGok)  R=1.00
             ex3: items(G0=CAT, G1=DOG, G2=DOG, G3=DOG, G4=DOG) -> lights(S0=OFF, S1=ON, S2=OFF, S3=OFF, S4=OFF) -> guesses(G0=CATok, G1=DOGok, G2=CATXX, G3=DOGok, G4=DOGok)  R=0.80
             ex4: items(G0=DOG, G1=DOG, G2=DOG, G3=DOG, G4=CAT) -> lights(S0=OFF, S1=OFF, S2=OFF, S3=OFF, S4=ON) -> guesses(G0=DOGok, G1=DOGok, G2=DOGok, G3=DOGok, G4=CATok)  R=1.00
             ex5: items(G0=CAT, G1=DOG, G2=CAT, G3=CAT, G4=DOG) -> lights(S0=OFF, S1=ON, S2=ON, S3=OFF, S4=OFF) -> guesses(G0=CATok, G1=DOGok, G2=CATok, G3=CATok, G4=DOGok)  R=1.00

  seed 26  R=0.863  [exploiting joint channel (0.863)]  (55.2s)
           not perfect (0 tracking, 5 holistic, 0 pooling signallers)
             S0: general(G0,G1,G2,G3,G4) [nonlinear] (kind=general, depends on [0, 1, 2, 3, 4])
             S1: general(G0,G1,G2,G3,G4) [nonlinear] (kind=general, depends on [0, 1, 2, 3, 4])
             S2: general(G1,G2,G4) [nonlinear]    (kind=general, depends on [1, 2, 4])
             S3: general(G0,G1,G2,G3,G4) [nonlinear] (kind=general, depends on [0, 1, 2, 3, 4])
             S4: general(G0,G1,G2,G3,G4) [nonlinear] (kind=general, depends on [0, 1, 2, 3, 4])
             entropy reduction per guesser (out of 1.0): G0=0.69, G1=0.88, G2=0.60, G3=0.84, G4=0.65
             ex1: items(G0=CAT, G1=CAT, G2=DOG, G3=CAT, G4=DOG) -> lights(S0=OFF, S1=ON, S2=OFF, S3=ON, S4=ON) -> guesses(G0=DOGXX, G1=CATok, G2=DOGok, G3=CATok, G4=DOGok)  R=0.80
             ex2: items(G0=CAT, G1=CAT, G2=DOG, G3=CAT, G4=CAT) -> lights(S0=OFF, S1=OFF, S2=OFF, S3=OFF, S4=ON) -> guesses(G0=CATok, G1=CATok, G2=DOGok, G3=DOGXX, G4=CATok)  R=0.80
             ex3: items(G0=DOG, G1=DOG, G2=DOG, G3=DOG, G4=DOG) -> lights(S0=ON, S1=ON, S2=ON, S3=OFF, S4=ON) -> guesses(G0=DOGok, G1=DOGok, G2=CATXX, G3=DOGok, G4=DOGok)  R=0.80
             ex4: items(G0=DOG, G1=DOG, G2=DOG, G3=DOG, G4=DOG) -> lights(S0=ON, S1=ON, S2=ON, S3=OFF, S4=ON) -> guesses(G0=DOGok, G1=DOGok, G2=CATXX, G3=DOGok, G4=DOGok)  R=0.80
             ex5: items(G0=DOG, G1=DOG, G2=CAT, G3=DOG, G4=CAT) -> lights(S0=ON, S1=OFF, S2=ON, S3=ON, S4=OFF) -> guesses(G0=DOGok, G1=DOGok, G2=DOGXX, G3=DOGok, G4=CATok)  R=0.80

  seed 27  R=0.919  [exploiting joint channel (0.919)]  (55.6s)
           not perfect (1 tracking, 4 holistic, 0 pooling signallers)
             S0: track NOT G0                     (kind=dictator, depends on [0])
             S1: general(G0,G1,G2,G3,G4) [nonlinear] (kind=general, depends on [0, 1, 2, 3, 4])
             S2: general(G0,G1,G2,G3) [nonlinear] (kind=general, depends on [0, 1, 2, 3])
             S3: general(G0,G1,G2,G3,G4) [nonlinear] (kind=general, depends on [0, 1, 2, 3, 4])
             S4: general(G0,G1,G2,G3,G4) [nonlinear] (kind=general, depends on [0, 1, 2, 3, 4])
             entropy reduction per guesser (out of 1.0): G0=1.00, G1=0.58, G2=1.00, G3=1.00, G4=0.64
             ex1: items(G0=CAT, G1=CAT, G2=CAT, G3=CAT, G4=CAT) -> lights(S0=ON, S1=ON, S2=OFF, S3=OFF, S4=OFF) -> guesses(G0=CATok, G1=DOGXX, G2=CATok, G3=CATok, G4=CATok)  R=0.80
             ex2: items(G0=DOG, G1=DOG, G2=DOG, G3=DOG, G4=DOG) -> lights(S0=OFF, S1=OFF, S2=ON, S3=ON, S4=ON) -> guesses(G0=DOGok, G1=DOGok, G2=DOGok, G3=DOGok, G4=DOGok)  R=1.00
             ex3: items(G0=DOG, G1=CAT, G2=CAT, G3=CAT, G4=DOG) -> lights(S0=OFF, S1=ON, S2=ON, S3=OFF, S4=OFF) -> guesses(G0=DOGok, G1=CATok, G2=CATok, G3=CATok, G4=CATXX)  R=0.80
             ex4: items(G0=DOG, G1=DOG, G2=CAT, G3=DOG, G4=DOG) -> lights(S0=OFF, S1=OFF, S2=OFF, S3=ON, S4=OFF) -> guesses(G0=DOGok, G1=DOGok, G2=CATok, G3=DOGok, G4=DOGok)  R=1.00
             ex5: items(G0=CAT, G1=DOG, G2=CAT, G3=CAT, G4=DOG) -> lights(S0=ON, S1=OFF, S2=OFF, S3=OFF, S4=OFF) -> guesses(G0=CATok, G1=DOGok, G2=CATok, G3=CATok, G4=DOGok)  R=1.00

  seed 28  R=0.856  [exploiting joint channel (0.856)]  (55.7s)
           not perfect (0 tracking, 5 holistic, 0 pooling signallers)
             S0: general(G0,G1,G2,G3,G4) [nonlinear] (kind=general, depends on [0, 1, 2, 3, 4])
             S1: general(G0,G1,G2,G3,G4) [nonlinear] (kind=general, depends on [0, 1, 2, 3, 4])
             S2: general(G0,G1,G2,G3,G4) [nonlinear] (kind=general, depends on [0, 1, 2, 3, 4])
             S3: general(G0,G1,G2,G3,G4) [nonlinear] (kind=general, depends on [0, 1, 2, 3, 4])
             S4: general(G0,G1,G2,G3,G4) [nonlinear] (kind=general, depends on [0, 1, 2, 3, 4])
             entropy reduction per guesser (out of 1.0): G0=0.91, G1=0.91, G2=0.81, G3=0.56, G4=0.58
             ex1: items(G0=DOG, G1=CAT, G2=DOG, G3=CAT, G4=DOG) -> lights(S0=ON, S1=ON, S2=ON, S3=OFF, S4=ON) -> guesses(G0=DOGok, G1=CATok, G2=CATXX, G3=CATok, G4=DOGok)  R=0.80
             ex2: items(G0=DOG, G1=DOG, G2=DOG, G3=CAT, G4=DOG) -> lights(S0=OFF, S1=ON, S2=OFF, S3=OFF, S4=OFF) -> guesses(G0=DOGok, G1=DOGok, G2=DOGok, G3=DOGXX, G4=DOGok)  R=0.80
             ex3: items(G0=CAT, G1=CAT, G2=CAT, G3=CAT, G4=CAT) -> lights(S0=ON, S1=OFF, S2=ON, S3=ON, S4=ON) -> guesses(G0=CATok, G1=CATok, G2=CATok, G3=CATok, G4=CATok)  R=1.00
             ex4: items(G0=CAT, G1=CAT, G2=CAT, G3=DOG, G4=CAT) -> lights(S0=ON, S1=OFF, S2=ON, S3=ON, S4=ON) -> guesses(G0=CATok, G1=CATok, G2=CATok, G3=CATXX, G4=CATok)  R=0.80
             ex5: items(G0=DOG, G1=DOG, G2=CAT, G3=CAT, G4=DOG) -> lights(S0=OFF, S1=ON, S2=ON, S3=OFF, S4=OFF) -> guesses(G0=DOGok, G1=DOGok, G2=CATok, G3=CATok, G4=DOGok)  R=1.00

  seed 29  R=0.863  [exploiting joint channel (0.863)]  (55.6s)
           not perfect (1 tracking, 4 holistic, 0 pooling signallers)
             S0: general(G0,G1,G2,G3,G4) [nonlinear] (kind=general, depends on [0, 1, 2, 3, 4])
             S1: general(G0,G1,G2,G3,G4) [nonlinear] (kind=general, depends on [0, 1, 2, 3, 4])
             S2: track G4                         (kind=dictator, depends on [4])
             S3: general(G0,G1,G2,G3,G4) [nonlinear] (kind=general, depends on [0, 1, 2, 3, 4])
             S4: general(G0,G1,G2,G3,G4) [nonlinear] (kind=general, depends on [0, 1, 2, 3, 4])
             entropy reduction per guesser (out of 1.0): G0=0.58, G1=0.94, G2=0.32, G3=0.43, G4=1.00
             ex1: items(G0=CAT, G1=CAT, G2=CAT, G3=CAT, G4=DOG) -> lights(S0=OFF, S1=ON, S2=ON, S3=ON, S4=OFF) -> guesses(G0=CATok, G1=CATok, G2=CATok, G3=CATok, G4=DOGok)  R=1.00
             ex2: items(G0=DOG, G1=CAT, G2=DOG, G3=DOG, G4=DOG) -> lights(S0=OFF, S1=OFF, S2=ON, S3=OFF, S4=OFF) -> guesses(G0=DOGok, G1=CATok, G2=DOGok, G3=DOGok, G4=DOGok)  R=1.00
             ex3: items(G0=CAT, G1=CAT, G2=DOG, G3=DOG, G4=CAT) -> lights(S0=OFF, S1=OFF, S2=OFF, S3=OFF, S4=ON) -> guesses(G0=DOGXX, G1=CATok, G2=DOGok, G3=DOGok, G4=CATok)  R=0.80
             ex4: items(G0=DOG, G1=DOG, G2=DOG, G3=DOG, G4=DOG) -> lights(S0=ON, S1=OFF, S2=ON, S3=OFF, S4=ON) -> guesses(G0=DOGok, G1=DOGok, G2=DOGok, G3=DOGok, G4=DOGok)  R=1.00
             ex5: items(G0=CAT, G1=CAT, G2=DOG, G3=CAT, G4=CAT) -> lights(S0=OFF, S1=ON, S2=OFF, S3=ON, S4=OFF) -> guesses(G0=CATok, G1=CATok, G2=CATXX, G3=CATok, G4=CATok)  R=0.80

  --- K5x5 / two_brain: summary over 30 seeds ---
      mean team reward           : 0.884
      complementarity rate       : 0.0% of seeds perfect
      convention types:
        partial / non-perfect: 30/30
      signaller-light census (all seeds pooled): general=142 (95%), dictator=8 (5%)
      mean channel utilisation H(M) : 0.984 bits (out of 1.0)
      mean entropy reduction / guesser: 0.777 bits (out of 1.0)

============================================================
  K5x5 / independent
============================================================

  seed  0  R=0.875  [exploiting joint channel (0.875)]  (219.0s)
           not perfect (1 tracking, 4 holistic, 0 pooling signallers)
             S0: general(G0,G1,G2,G3,G4) [nonlinear] (kind=general, depends on [0, 1, 2, 3, 4])
             S1: general(G0,G1,G2,G3,G4) [nonlinear] (kind=general, depends on [0, 1, 2, 3, 4])
             S2: general(G0,G1,G2,G3,G4) [nonlinear] (kind=general, depends on [0, 1, 2, 3, 4])
             S3: general(G0,G1,G2,G3,G4) [nonlinear] (kind=general, depends on [0, 1, 2, 3, 4])
             S4: track NOT G0                     (kind=dictator, depends on [0])
             entropy reduction per guesser (out of 1.0): G0=1.00, G1=0.83, G2=0.77, G3=0.64, G4=1.00
             ex1: items(G0=CAT, G1=CAT, G2=CAT, G3=CAT, G4=CAT) -> lights(S0=ON, S1=ON, S2=ON, S3=ON, S4=ON) -> guesses(G0=CATok, G1=CATok, G2=CATok, G3=CATok, G4=CATok)  R=1.00
             ex2: items(G0=DOG, G1=DOG, G2=CAT, G3=DOG, G4=DOG) -> lights(S0=ON, S1=ON, S2=OFF, S3=ON, S4=OFF) -> guesses(G0=DOGok, G1=CATXX, G2=CATok, G3=DOGok, G4=DOGok)  R=0.80
             ex3: items(G0=DOG, G1=DOG, G2=CAT, G3=CAT, G4=DOG) -> lights(S0=ON, S1=ON, S2=ON, S3=OFF, S4=OFF) -> guesses(G0=DOGok, G1=DOGok, G2=CATok, G3=CATok, G4=DOGok)  R=1.00
             ex4: items(G0=DOG, G1=CAT, G2=CAT, G3=CAT, G4=DOG) -> lights(S0=ON, S1=ON, S2=OFF, S3=OFF, S4=OFF) -> guesses(G0=DOGok, G1=CATok, G2=CATok, G3=CATok, G4=DOGok)  R=1.00
             ex5: items(G0=DOG, G1=CAT, G2=DOG, G3=DOG, G4=DOG) -> lights(S0=ON, S1=ON, S2=OFF, S3=ON, S4=OFF) -> guesses(G0=DOGok, G1=CATok, G2=CATXX, G3=DOGok, G4=DOGok)  R=0.80

  seed  1  R=0.869  [exploiting joint channel (0.869)]  (219.7s)
           not perfect (0 tracking, 5 holistic, 0 pooling signallers)
             S0: general(G0,G1,G2,G3,G4) [nonlinear] (kind=general, depends on [0, 1, 2, 3, 4])
             S1: general(G0,G1,G2,G3,G4) [nonlinear] (kind=general, depends on [0, 1, 2, 3, 4])
             S2: general(G0,G1,G2,G3,G4) [nonlinear] (kind=general, depends on [0, 1, 2, 3, 4])
             S3: general(G0,G1,G2,G3,G4) [nonlinear] (kind=general, depends on [0, 1, 2, 3, 4])
             S4: general(G0,G1,G2,G3,G4) [nonlinear] (kind=general, depends on [0, 1, 2, 3, 4])
             entropy reduction per guesser (out of 1.0): G0=0.77, G1=0.83, G2=0.94, G3=0.70, G4=0.70
             ex1: items(G0=DOG, G1=DOG, G2=CAT, G3=CAT, G4=CAT) -> lights(S0=ON, S1=ON, S2=ON, S3=ON, S4=OFF) -> guesses(G0=DOGok, G1=DOGok, G2=CATok, G3=CATok, G4=CATok)  R=1.00
             ex2: items(G0=CAT, G1=DOG, G2=DOG, G3=CAT, G4=DOG) -> lights(S0=ON, S1=ON, S2=ON, S3=OFF, S4=ON) -> guesses(G0=CATok, G1=DOGok, G2=DOGok, G3=CATok, G4=DOGok)  R=1.00
             ex3: items(G0=DOG, G1=DOG, G2=DOG, G3=DOG, G4=CAT) -> lights(S0=OFF, S1=OFF, S2=OFF, S3=ON, S4=ON) -> guesses(G0=DOGok, G1=DOGok, G2=DOGok, G3=DOGok, G4=CATok)  R=1.00
             ex4: items(G0=CAT, G1=DOG, G2=CAT, G3=DOG, G4=DOG) -> lights(S0=ON, S1=ON, S2=OFF, S3=OFF, S4=ON) -> guesses(G0=CATok, G1=DOGok, G2=CATok, G3=CATXX, G4=CATXX)  R=0.60
             ex5: items(G0=DOG, G1=DOG, G2=CAT, G3=DOG, G4=DOG) -> lights(S0=OFF, S1=ON, S2=ON, S3=ON, S4=ON) -> guesses(G0=DOGok, G1=CATXX, G2=CATok, G3=DOGok, G4=DOGok)  R=0.80

  seed  2  R=0.900  [exploiting joint channel (0.900)]  (219.5s)
           not perfect (0 tracking, 5 holistic, 0 pooling signallers)
             S0: general(G0,G1,G2,G3,G4) [nonlinear] (kind=general, depends on [0, 1, 2, 3, 4])
             S1: general(G0,G1,G2,G3,G4) [nonlinear] (kind=general, depends on [0, 1, 2, 3, 4])
             S2: general(G0,G1,G2,G3,G4) [nonlinear] (kind=general, depends on [0, 1, 2, 3, 4])
             S3: general(G0,G1,G2,G3,G4) [nonlinear] (kind=general, depends on [0, 1, 2, 3, 4])
             S4: general(G0,G1,G2,G3,G4) [nonlinear] (kind=general, depends on [0, 1, 2, 3, 4])
             entropy reduction per guesser (out of 1.0): G0=0.73, G1=0.56, G2=0.94, G3=0.90, G4=1.00
             ex1: items(G0=DOG, G1=DOG, G2=CAT, G3=DOG, G4=CAT) -> lights(S0=OFF, S1=ON, S2=OFF, S3=ON, S4=ON) -> guesses(G0=DOGok, G1=CATXX, G2=CATok, G3=DOGok, G4=CATok)  R=0.80
             ex2: items(G0=DOG, G1=DOG, G2=DOG, G3=CAT, G4=DOG) -> lights(S0=ON, S1=ON, S2=ON, S3=OFF, S4=OFF) -> guesses(G0=DOGok, G1=DOGok, G2=DOGok, G3=CATok, G4=DOGok)  R=1.00
             ex3: items(G0=DOG, G1=DOG, G2=DOG, G3=DOG, G4=DOG) -> lights(S0=ON, S1=ON, S2=ON, S3=ON, S4=OFF) -> guesses(G0=DOGok, G1=DOGok, G2=DOGok, G3=DOGok, G4=DOGok)  R=1.00
             ex4: items(G0=DOG, G1=DOG, G2=CAT, G3=CAT, G4=CAT) -> lights(S0=ON, S1=OFF, S2=OFF, S3=ON, S4=ON) -> guesses(G0=DOGok, G1=CATXX, G2=CATok, G3=CATok, G4=CATok)  R=0.80
             ex5: items(G0=CAT, G1=DOG, G2=DOG, G3=CAT, G4=DOG) -> lights(S0=ON, S1=OFF, S2=OFF, S3=OFF, S4=OFF) -> guesses(G0=CATok, G1=DOGok, G2=DOGok, G3=CATok, G4=DOGok)  R=1.00

  seed  3  R=0.906  [exploiting joint channel (0.906)]  (220.0s)
           not perfect (0 tracking, 5 holistic, 0 pooling signallers)
             S0: general(G0,G1,G2,G3,G4) [nonlinear] (kind=general, depends on [0, 1, 2, 3, 4])
             S1: general(G0,G1,G2,G4) [nonlinear] (kind=general, depends on [0, 1, 2, 4])
             S2: general(G0,G1,G2,G3,G4) [nonlinear] (kind=general, depends on [0, 1, 2, 3, 4])
             S3: general(G0,G1,G2,G3,G4) [nonlinear] (kind=general, depends on [0, 1, 2, 3, 4])
             S4: general(G0,G1,G2,G3,G4) [nonlinear] (kind=general, depends on [0, 1, 2, 3, 4])
             entropy reduction per guesser (out of 1.0): G0=0.94, G1=0.77, G2=0.83, G3=0.62, G4=0.85
             ex1: items(G0=DOG, G1=DOG, G2=DOG, G3=CAT, G4=CAT) -> lights(S0=ON, S1=ON, S2=ON, S3=OFF, S4=OFF) -> guesses(G0=DOGok, G1=DOGok, G2=DOGok, G3=CATok, G4=CATok)  R=1.00
             ex2: items(G0=DOG, G1=CAT, G2=DOG, G3=DOG, G4=DOG) -> lights(S0=ON, S1=ON, S2=OFF, S3=ON, S4=ON) -> guesses(G0=DOGok, G1=CATok, G2=DOGok, G3=DOGok, G4=DOGok)  R=1.00
             ex3: items(G0=CAT, G1=DOG, G2=DOG, G3=CAT, G4=CAT) -> lights(S0=ON, S1=OFF, S2=OFF, S3=OFF, S4=OFF) -> guesses(G0=CATok, G1=DOGok, G2=DOGok, G3=CATok, G4=CATok)  R=1.00
             ex4: items(G0=DOG, G1=DOG, G2=DOG, G3=CAT, G4=DOG) -> lights(S0=ON, S1=ON, S2=ON, S3=ON, S4=OFF) -> guesses(G0=DOGok, G1=DOGok, G2=DOGok, G3=CATok, G4=DOGok)  R=1.00
             ex5: items(G0=CAT, G1=CAT, G2=CAT, G3=CAT, G4=DOG) -> lights(S0=ON, S1=OFF, S2=ON, S3=ON, S4=ON) -> guesses(G0=CATok, G1=CATok, G2=CATok, G3=CATok, G4=DOGok)  R=1.00

  seed  4  R=0.869  [exploiting joint channel (0.869)]  (220.5s)
           not perfect (0 tracking, 5 holistic, 0 pooling signallers)
             S0: general(G0,G1,G2,G3,G4) [nonlinear] (kind=general, depends on [0, 1, 2, 3, 4])
             S1: general(G0,G1,G2,G3,G4) [nonlinear] (kind=general, depends on [0, 1, 2, 3, 4])
             S2: general(G1,G3,G4) [nonlinear]    (kind=general, depends on [1, 3, 4])
             S3: general(G0,G1,G2,G3,G4) [nonlinear] (kind=general, depends on [0, 1, 2, 3, 4])
             S4: general(G0,G1,G2,G3,G4) [nonlinear] (kind=general, depends on [0, 1, 2, 3, 4])
             entropy reduction per guesser (out of 1.0): G0=0.75, G1=0.66, G2=0.64, G3=0.70, G4=0.94
             ex1: items(G0=DOG, G1=CAT, G2=CAT, G3=DOG, G4=CAT) -> lights(S0=OFF, S1=ON, S2=ON, S3=ON, S4=ON) -> guesses(G0=DOGok, G1=DOGXX, G2=CATok, G3=DOGok, G4=CATok)  R=0.80
             ex2: items(G0=CAT, G1=CAT, G2=DOG, G3=CAT, G4=CAT) -> lights(S0=ON, S1=OFF, S2=ON, S3=OFF, S4=ON) -> guesses(G0=DOGXX, G1=CATok, G2=DOGok, G3=CATok, G4=CATok)  R=0.80
             ex3: items(G0=DOG, G1=DOG, G2=CAT, G3=CAT, G4=DOG) -> lights(S0=ON, S1=ON, S2=OFF, S3=ON, S4=ON) -> guesses(G0=DOGok, G1=DOGok, G2=CATok, G3=CATok, G4=DOGok)  R=1.00
             ex4: items(G0=DOG, G1=DOG, G2=CAT, G3=CAT, G4=DOG) -> lights(S0=ON, S1=ON, S2=OFF, S3=ON, S4=ON) -> guesses(G0=DOGok, G1=DOGok, G2=CATok, G3=CATok, G4=DOGok)  R=1.00
             ex5: items(G0=DOG, G1=DOG, G2=CAT, G3=CAT, G4=CAT) -> lights(S0=ON, S1=ON, S2=OFF, S3=OFF, S4=ON) -> guesses(G0=DOGok, G1=DOGok, G2=CATok, G3=DOGXX, G4=CATok)  R=0.80

  seed  5  R=0.856  [exploiting joint channel (0.856)]  (219.9s)
           not perfect (0 tracking, 5 holistic, 0 pooling signallers)
             S0: general(G0,G1,G2,G3,G4) [nonlinear] (kind=general, depends on [0, 1, 2, 3, 4])
             S1: general(G0,G1,G2,G3,G4) [nonlinear] (kind=general, depends on [0, 1, 2, 3, 4])
             S2: general(G0,G1,G2,G3,G4) [nonlinear] (kind=general, depends on [0, 1, 2, 3, 4])
             S3: general(G0,G1,G2,G3,G4) [nonlinear] (kind=general, depends on [0, 1, 2, 3, 4])
             S4: general(G0,G1,G2,G3,G4) [nonlinear] (kind=general, depends on [0, 1, 2, 3, 4])
             entropy reduction per guesser (out of 1.0): G0=0.85, G1=0.79, G2=0.59, G3=0.83, G4=0.88
             ex1: items(G0=CAT, G1=CAT, G2=DOG, G3=DOG, G4=DOG) -> lights(S0=ON, S1=ON, S2=OFF, S3=OFF, S4=ON) -> guesses(G0=CATok, G1=CATok, G2=DOGok, G3=DOGok, G4=DOGok)  R=1.00
             ex2: items(G0=DOG, G1=DOG, G2=CAT, G3=DOG, G4=DOG) -> lights(S0=OFF, S1=ON, S2=ON, S3=OFF, S4=ON) -> guesses(G0=DOGok, G1=DOGok, G2=DOGXX, G3=DOGok, G4=DOGok)  R=0.80
             ex3: items(G0=DOG, G1=CAT, G2=CAT, G3=DOG, G4=CAT) -> lights(S0=ON, S1=OFF, S2=OFF, S3=ON, S4=ON) -> guesses(G0=CATXX, G1=CATok, G2=CATok, G3=DOGok, G4=CATok)  R=0.80
             ex4: items(G0=DOG, G1=DOG, G2=DOG, G3=DOG, G4=CAT) -> lights(S0=OFF, S1=OFF, S2=ON, S3=ON, S4=ON) -> guesses(G0=DOGok, G1=DOGok, G2=DOGok, G3=DOGok, G4=DOGXX)  R=0.80
             ex5: items(G0=DOG, G1=DOG, G2=DOG, G3=CAT, G4=DOG) -> lights(S0=OFF, S1=ON, S2=ON, S3=OFF, S4=ON) -> guesses(G0=DOGok, G1=DOGok, G2=DOGok, G3=DOGXX, G4=DOGok)  R=0.80

  seed  6  R=0.863  [exploiting joint channel (0.863)]  (221.0s)
           not perfect (0 tracking, 5 holistic, 0 pooling signallers)
             S0: general(G0,G1,G2,G3,G4) [nonlinear] (kind=general, depends on [0, 1, 2, 3, 4])
             S1: general(G0,G1,G2,G3,G4) [nonlinear] (kind=general, depends on [0, 1, 2, 3, 4])
             S2: general(G0,G1,G2,G3,G4) [nonlinear] (kind=general, depends on [0, 1, 2, 3, 4])
             S3: general(G0,G1,G2,G3,G4) [nonlinear] (kind=general, depends on [0, 1, 2, 3, 4])
             S4: general(G0,G1,G2,G3,G4) [nonlinear] (kind=general, depends on [0, 1, 2, 3, 4])
             entropy reduction per guesser (out of 1.0): G0=0.56, G1=0.73, G2=0.94, G3=0.88, G4=0.59
             ex1: items(G0=DOG, G1=DOG, G2=DOG, G3=CAT, G4=CAT) -> lights(S0=ON, S1=OFF, S2=ON, S3=ON, S4=OFF) -> guesses(G0=DOGok, G1=DOGok, G2=DOGok, G3=CATok, G4=CATok)  R=1.00
             ex2: items(G0=CAT, G1=CAT, G2=CAT, G3=DOG, G4=CAT) -> lights(S0=OFF, S1=ON, S2=OFF, S3=OFF, S4=ON) -> guesses(G0=DOGXX, G1=CATok, G2=CATok, G3=DOGok, G4=CATok)  R=0.80
             ex3: items(G0=DOG, G1=DOG, G2=DOG, G3=DOG, G4=DOG) -> lights(S0=OFF, S1=OFF, S2=ON, S3=ON, S4=OFF) -> guesses(G0=CATXX, G1=DOGok, G2=DOGok, G3=DOGok, G4=DOGok)  R=0.80
             ex4: items(G0=DOG, G1=DOG, G2=CAT, G3=CAT, G4=CAT) -> lights(S0=ON, S1=ON, S2=ON, S3=ON, S4=ON) -> guesses(G0=DOGok, G1=DOGok, G2=CATok, G3=CATok, G4=CATok)  R=1.00
             ex5: items(G0=CAT, G1=DOG, G2=DOG, G3=CAT, G4=CAT) -> lights(S0=ON, S1=OFF, S2=ON, S3=ON, S4=OFF) -> guesses(G0=DOGXX, G1=DOGok, G2=DOGok, G3=CATok, G4=CATok)  R=0.80

  seed  7  R=0.875  [exploiting joint channel (0.875)]  (220.6s)
           not perfect (0 tracking, 5 holistic, 0 pooling signallers)
             S0: general(G0,G1,G2,G3,G4) [nonlinear] (kind=general, depends on [0, 1, 2, 3, 4])
             S1: general(G0,G1,G2,G3,G4) [nonlinear] (kind=general, depends on [0, 1, 2, 3, 4])
             S2: general(G0,G1,G2,G3,G4) [nonlinear] (kind=general, depends on [0, 1, 2, 3, 4])
             S3: general(G0,G1,G2,G3,G4) [nonlinear] (kind=general, depends on [0, 1, 2, 3, 4])
             S4: general(G0,G1,G2,G3,G4) [nonlinear] (kind=general, depends on [0, 1, 2, 3, 4])
             entropy reduction per guesser (out of 1.0): G0=0.65, G1=0.77, G2=0.77, G3=0.73, G4=0.94
             ex1: items(G0=DOG, G1=CAT, G2=CAT, G3=DOG, G4=DOG) -> lights(S0=ON, S1=OFF, S2=OFF, S3=ON, S4=ON) -> guesses(G0=DOGok, G1=CATok, G2=CATok, G3=CATXX, G4=DOGok)  R=0.80
             ex2: items(G0=DOG, G1=DOG, G2=CAT, G3=DOG, G4=CAT) -> lights(S0=ON, S1=ON, S2=OFF, S3=OFF, S4=ON) -> guesses(G0=DOGok, G1=CATXX, G2=CATok, G3=DOGok, G4=CATok)  R=0.80
             ex3: items(G0=CAT, G1=CAT, G2=CAT, G3=CAT, G4=CAT) -> lights(S0=OFF, S1=ON, S2=OFF, S3=OFF, S4=ON) -> guesses(G0=DOGXX, G1=CATok, G2=CATok, G3=CATok, G4=CATok)  R=0.80
             ex4: items(G0=CAT, G1=CAT, G2=CAT, G3=DOG, G4=DOG) -> lights(S0=OFF, S1=OFF, S2=ON, S3=ON, S4=ON) -> guesses(G0=CATok, G1=CATok, G2=DOGXX, G3=DOGok, G4=DOGok)  R=0.80
             ex5: items(G0=DOG, G1=DOG, G2=DOG, G3=CAT, G4=CAT) -> lights(S0=OFF, S1=ON, S2=ON, S3=OFF, S4=OFF) -> guesses(G0=CATXX, G1=DOGok, G2=DOGok, G3=CATok, G4=CATok)  R=0.80

  seed  8  R=0.856  [exploiting joint channel (0.856)]  (221.0s)
           not perfect (0 tracking, 5 holistic, 0 pooling signallers)
             S0: general(G0,G1,G2,G3,G4) [nonlinear] (kind=general, depends on [0, 1, 2, 3, 4])
             S1: general(G0,G1,G2,G3,G4) [nonlinear] (kind=general, depends on [0, 1, 2, 3, 4])
             S2: general(G0,G1,G2,G3,G4) [nonlinear] (kind=general, depends on [0, 1, 2, 3, 4])
             S3: general(G0,G1,G2,G3,G4) [nonlinear] (kind=general, depends on [0, 1, 2, 3, 4])
             S4: general(G0,G1,G2,G3,G4) [nonlinear] (kind=general, depends on [0, 1, 2, 3, 4])
             entropy reduction per guesser (out of 1.0): G0=0.74, G1=0.70, G2=0.94, G3=0.73, G4=0.55
             ex1: items(G0=CAT, G1=CAT, G2=CAT, G3=DOG, G4=DOG) -> lights(S0=ON, S1=ON, S2=ON, S3=OFF, S4=ON) -> guesses(G0=CATok, G1=CATok, G2=CATok, G3=CATXX, G4=DOGok)  R=0.80
             ex2: items(G0=CAT, G1=DOG, G2=DOG, G3=CAT, G4=DOG) -> lights(S0=ON, S1=ON, S2=ON, S3=OFF, S4=OFF) -> guesses(G0=CATok, G1=DOGok, G2=DOGok, G3=CATok, G4=DOGok)  R=1.00
             ex3: items(G0=CAT, G1=DOG, G2=DOG, G3=DOG, G4=DOG) -> lights(S0=OFF, S1=ON, S2=OFF, S3=OFF, S4=OFF) -> guesses(G0=CATok, G1=DOGok, G2=CATXX, G3=DOGok, G4=DOGok)  R=0.80
             ex4: items(G0=CAT, G1=DOG, G2=DOG, G3=DOG, G4=CAT) -> lights(S0=ON, S1=OFF, S2=OFF, S3=ON, S4=OFF) -> guesses(G0=CATok, G1=CATXX, G2=DOGok, G3=DOGok, G4=CATok)  R=0.80
             ex5: items(G0=CAT, G1=DOG, G2=CAT, G3=DOG, G4=CAT) -> lights(S0=OFF, S1=ON, S2=OFF, S3=OFF, S4=OFF) -> guesses(G0=CATok, G1=DOGok, G2=CATok, G3=DOGok, G4=DOGXX)  R=0.80

  seed  9  R=0.906  [exploiting joint channel (0.906)]  (220.0s)
           not perfect (0 tracking, 5 holistic, 0 pooling signallers)
             S0: general(G0,G1,G2,G3,G4) [nonlinear] (kind=general, depends on [0, 1, 2, 3, 4])
             S1: general(G0,G1,G2,G3,G4) [nonlinear] (kind=general, depends on [0, 1, 2, 3, 4])
             S2: general(G0,G1,G2,G3,G4) [nonlinear] (kind=general, depends on [0, 1, 2, 3, 4])
             S3: general(G0,G1,G2,G3,G4) [nonlinear] (kind=general, depends on [0, 1, 2, 3, 4])
             S4: general(G0,G1,G2,G3,G4) [nonlinear] (kind=general, depends on [0, 1, 2, 3, 4])
             entropy reduction per guesser (out of 1.0): G0=0.91, G1=0.85, G2=0.94, G3=0.58, G4=0.94
             ex1: items(G0=DOG, G1=CAT, G2=CAT, G3=DOG, G4=CAT) -> lights(S0=OFF, S1=OFF, S2=ON, S3=ON, S4=ON) -> guesses(G0=DOGok, G1=CATok, G2=CATok, G3=DOGok, G4=CATok)  R=1.00
             ex2: items(G0=DOG, G1=CAT, G2=CAT, G3=CAT, G4=CAT) -> lights(S0=ON, S1=OFF, S2=OFF, S3=ON, S4=ON) -> guesses(G0=CATXX, G1=CATok, G2=CATok, G3=CATok, G4=CATok)  R=0.80
             ex3: items(G0=CAT, G1=DOG, G2=CAT, G3=CAT, G4=CAT) -> lights(S0=ON, S1=OFF, S2=OFF, S3=ON, S4=OFF) -> guesses(G0=CATok, G1=DOGok, G2=CATok, G3=CATok, G4=CATok)  R=1.00
             ex4: items(G0=DOG, G1=DOG, G2=DOG, G3=DOG, G4=CAT) -> lights(S0=OFF, S1=OFF, S2=OFF, S3=ON, S4=OFF) -> guesses(G0=DOGok, G1=DOGok, G2=DOGok, G3=DOGok, G4=CATok)  R=1.00
             ex5: items(G0=DOG, G1=DOG, G2=DOG, G3=DOG, G4=CAT) -> lights(S0=OFF, S1=OFF, S2=OFF, S3=ON, S4=OFF) -> guesses(G0=DOGok, G1=DOGok, G2=DOGok, G3=DOGok, G4=CATok)  R=1.00

  seed 10  R=0.881  [exploiting joint channel (0.881)]  (221.4s)
           not perfect (0 tracking, 5 holistic, 0 pooling signallers)
             S0: general(G0,G1,G2,G3,G4) [nonlinear] (kind=general, depends on [0, 1, 2, 3, 4])
             S1: general(G0,G1,G2,G3,G4) [nonlinear] (kind=general, depends on [0, 1, 2, 3, 4])
             S2: general(G0,G1,G2,G3,G4) [nonlinear] (kind=general, depends on [0, 1, 2, 3, 4])
             S3: general(G0,G1,G2,G3,G4) [nonlinear] (kind=general, depends on [0, 1, 2, 3, 4])
             S4: general(G0,G1,G2,G3,G4) [nonlinear] (kind=general, depends on [0, 1, 2, 3, 4])
             entropy reduction per guesser (out of 1.0): G0=0.77, G1=0.71, G2=0.77, G3=0.85, G4=0.73
             ex1: items(G0=DOG, G1=DOG, G2=CAT, G3=CAT, G4=CAT) -> lights(S0=OFF, S1=ON, S2=ON, S3=OFF, S4=ON) -> guesses(G0=DOGok, G1=DOGok, G2=CATok, G3=CATok, G4=CATok)  R=1.00
             ex2: items(G0=CAT, G1=DOG, G2=DOG, G3=DOG, G4=CAT) -> lights(S0=ON, S1=OFF, S2=ON, S3=ON, S4=OFF) -> guesses(G0=CATok, G1=CATXX, G2=DOGok, G3=DOGok, G4=CATok)  R=0.80
             ex3: items(G0=CAT, G1=DOG, G2=CAT, G3=CAT, G4=DOG) -> lights(S0=ON, S1=ON, S2=OFF, S3=ON, S4=OFF) -> guesses(G0=CATok, G1=DOGok, G2=CATok, G3=CATok, G4=CATXX)  R=0.80
             ex4: items(G0=DOG, G1=CAT, G2=DOG, G3=CAT, G4=CAT) -> lights(S0=OFF, S1=OFF, S2=ON, S3=ON, S4=ON) -> guesses(G0=DOGok, G1=CATok, G2=DOGok, G3=DOGXX, G4=CATok)  R=0.80
             ex5: items(G0=DOG, G1=DOG, G2=CAT, G3=CAT, G4=DOG) -> lights(S0=OFF, S1=ON, S2=ON, S3=OFF, S4=ON) -> guesses(G0=DOGok, G1=DOGok, G2=CATok, G3=CATok, G4=CATXX)  R=0.80

  seed 11  R=0.869  [exploiting joint channel (0.869)]  (221.0s)
           not perfect (0 tracking, 5 holistic, 0 pooling signallers)
             S0: general(G0,G1,G2,G3,G4) [nonlinear] (kind=general, depends on [0, 1, 2, 3, 4])
             S1: general(G0,G1,G2,G3,G4) [nonlinear] (kind=general, depends on [0, 1, 2, 3, 4])
             S2: general(G0,G1,G2,G3,G4) [nonlinear] (kind=general, depends on [0, 1, 2, 3, 4])
             S3: general(G0,G1,G2,G3,G4) [nonlinear] (kind=general, depends on [0, 1, 2, 3, 4])
             S4: general(G0,G1,G2,G3,G4) [nonlinear] (kind=general, depends on [0, 1, 2, 3, 4])
             entropy reduction per guesser (out of 1.0): G0=0.88, G1=0.94, G2=0.64, G3=0.94, G4=0.83
             ex1: items(G0=CAT, G1=CAT, G2=DOG, G3=CAT, G4=DOG) -> lights(S0=ON, S1=ON, S2=ON, S3=ON, S4=ON) -> guesses(G0=CATok, G1=CATok, G2=DOGok, G3=DOGXX, G4=DOGok)  R=0.80
             ex2: items(G0=DOG, G1=DOG, G2=CAT, G3=CAT, G4=DOG) -> lights(S0=ON, S1=ON, S2=OFF, S3=OFF, S4=OFF) -> guesses(G0=DOGok, G1=DOGok, G2=CATok, G3=CATok, G4=DOGok)  R=1.00
             ex3: items(G0=CAT, G1=CAT, G2=DOG, G3=CAT, G4=CAT) -> lights(S0=OFF, S1=OFF, S2=OFF, S3=ON, S4=OFF) -> guesses(G0=CATok, G1=CATok, G2=CATXX, G3=CATok, G4=CATok)  R=0.80
             ex4: items(G0=CAT, G1=DOG, G2=CAT, G3=DOG, G4=DOG) -> lights(S0=OFF, S1=OFF, S2=OFF, S3=ON, S4=ON) -> guesses(G0=CATok, G1=CATXX, G2=CATok, G3=DOGok, G4=DOGok)  R=0.80
             ex5: items(G0=DOG, G1=DOG, G2=DOG, G3=DOG, G4=DOG) -> lights(S0=OFF, S1=ON, S2=ON, S3=ON, S4=OFF) -> guesses(G0=CATXX, G1=DOGok, G2=DOGok, G3=DOGok, G4=DOGok)  R=0.80

  seed 12  R=0.875  [exploiting joint channel (0.875)]  (221.1s)
           not perfect (0 tracking, 5 holistic, 0 pooling signallers)
             S0: general(G0,G1,G2,G3,G4) [nonlinear] (kind=general, depends on [0, 1, 2, 3, 4])
             S1: general(G0,G1,G2,G3,G4) [nonlinear] (kind=general, depends on [0, 1, 2, 3, 4])
             S2: general(G0,G1,G2,G3,G4) [nonlinear] (kind=general, depends on [0, 1, 2, 3, 4])
             S3: general(G0,G1,G2,G3,G4) [nonlinear] (kind=general, depends on [0, 1, 2, 3, 4])
             S4: general(G0,G1,G2,G3,G4) [nonlinear] (kind=general, depends on [0, 1, 2, 3, 4])
             entropy reduction per guesser (out of 1.0): G0=0.75, G1=0.94, G2=0.81, G3=0.73, G4=0.54
             ex1: items(G0=CAT, G1=DOG, G2=CAT, G3=CAT, G4=DOG) -> lights(S0=OFF, S1=ON, S2=OFF, S3=OFF, S4=OFF) -> guesses(G0=CATok, G1=DOGok, G2=CATok, G3=CATok, G4=DOGok)  R=1.00
             ex2: items(G0=CAT, G1=CAT, G2=DOG, G3=CAT, G4=DOG) -> lights(S0=OFF, S1=OFF, S2=ON, S3=ON, S4=ON) -> guesses(G0=CATok, G1=CATok, G2=DOGok, G3=CATok, G4=DOGok)  R=1.00
             ex3: items(G0=DOG, G1=DOG, G2=DOG, G3=DOG, G4=CAT) -> lights(S0=ON, S1=ON, S2=OFF, S3=OFF, S4=ON) -> guesses(G0=CATXX, G1=DOGok, G2=DOGok, G3=DOGok, G4=CATok)  R=0.80
             ex4: items(G0=CAT, G1=CAT, G2=DOG, G3=CAT, G4=DOG) -> lights(S0=OFF, S1=OFF, S2=ON, S3=ON, S4=ON) -> guesses(G0=CATok, G1=CATok, G2=DOGok, G3=CATok, G4=DOGok)  R=1.00
             ex5: items(G0=DOG, G1=CAT, G2=CAT, G3=DOG, G4=DOG) -> lights(S0=ON, S1=OFF, S2=ON, S3=ON, S4=OFF) -> guesses(G0=DOGok, G1=CATok, G2=CATok, G3=CATXX, G4=DOGok)  R=0.80

  seed 13  R=0.850  [exploiting joint channel (0.850)]  (221.4s)
           not perfect (0 tracking, 5 holistic, 0 pooling signallers)
             S0: general(G0,G1,G2,G3,G4) [nonlinear] (kind=general, depends on [0, 1, 2, 3, 4])
             S1: general(G0,G1,G2,G3,G4) [nonlinear] (kind=general, depends on [0, 1, 2, 3, 4])
             S2: general(G0,G1,G2,G3,G4) [nonlinear] (kind=general, depends on [0, 1, 2, 3, 4])
             S3: general(G0,G1,G2,G3,G4) [nonlinear] (kind=general, depends on [0, 1, 2, 3, 4])
             S4: general(G0,G1,G2,G3,G4) [nonlinear] (kind=general, depends on [0, 1, 2, 3, 4])
             entropy reduction per guesser (out of 1.0): G0=0.91, G1=0.73, G2=0.81, G3=0.88, G4=0.64
             ex1: items(G0=CAT, G1=CAT, G2=CAT, G3=DOG, G4=CAT) -> lights(S0=OFF, S1=ON, S2=OFF, S3=ON, S4=OFF) -> guesses(G0=CATok, G1=CATok, G2=CATok, G3=DOGok, G4=DOGXX)  R=0.80
             ex2: items(G0=CAT, G1=CAT, G2=CAT, G3=DOG, G4=CAT) -> lights(S0=OFF, S1=ON, S2=OFF, S3=ON, S4=OFF) -> guesses(G0=CATok, G1=CATok, G2=CATok, G3=DOGok, G4=DOGXX)  R=0.80
             ex3: items(G0=CAT, G1=CAT, G2=CAT, G3=DOG, G4=DOG) -> lights(S0=OFF, S1=ON, S2=OFF, S3=ON, S4=OFF) -> guesses(G0=CATok, G1=CATok, G2=CATok, G3=DOGok, G4=DOGok)  R=1.00
             ex4: items(G0=CAT, G1=DOG, G2=CAT, G3=DOG, G4=DOG) -> lights(S0=OFF, S1=ON, S2=OFF, S3=ON, S4=OFF) -> guesses(G0=CATok, G1=CATXX, G2=CATok, G3=DOGok, G4=DOGok)  R=0.80
             ex5: items(G0=DOG, G1=DOG, G2=DOG, G3=DOG, G4=DOG) -> lights(S0=OFF, S1=ON, S2=ON, S3=OFF, S4=ON) -> guesses(G0=DOGok, G1=DOGok, G2=DOGok, G3=DOGok, G4=CATXX)  R=0.80

  seed 14  R=0.881  [exploiting joint channel (0.881)]  (221.4s)
           not perfect (0 tracking, 5 holistic, 0 pooling signallers)
             S0: general(G0,G1,G2,G3,G4) [nonlinear] (kind=general, depends on [0, 1, 2, 3, 4])
             S1: general(G0,G1,G2,G3,G4) [nonlinear] (kind=general, depends on [0, 1, 2, 3, 4])
             S2: general(G0,G1,G2,G3,G4) [nonlinear] (kind=general, depends on [0, 1, 2, 3, 4])
             S3: general(G0,G1,G2,G3,G4) [nonlinear] (kind=general, depends on [0, 1, 2, 3, 4])
             S4: general(G0,G1,G2,G3,G4) [nonlinear] (kind=general, depends on [0, 1, 2, 3, 4])
             entropy reduction per guesser (out of 1.0): G0=0.81, G1=0.79, G2=0.83, G3=0.70, G4=0.94
             ex1: items(G0=CAT, G1=DOG, G2=CAT, G3=CAT, G4=DOG) -> lights(S0=ON, S1=OFF, S2=ON, S3=OFF, S4=OFF) -> guesses(G0=CATok, G1=DOGok, G2=CATok, G3=CATok, G4=DOGok)  R=1.00
             ex2: items(G0=CAT, G1=DOG, G2=DOG, G3=CAT, G4=DOG) -> lights(S0=ON, S1=ON, S2=ON, S3=OFF, S4=OFF) -> guesses(G0=CATok, G1=DOGok, G2=DOGok, G3=CATok, G4=DOGok)  R=1.00
             ex3: items(G0=DOG, G1=CAT, G2=DOG, G3=DOG, G4=DOG) -> lights(S0=ON, S1=OFF, S2=OFF, S3=ON, S4=ON) -> guesses(G0=DOGok, G1=CATok, G2=CATXX, G3=DOGok, G4=DOGok)  R=0.80
             ex4: items(G0=CAT, G1=DOG, G2=DOG, G3=CAT, G4=CAT) -> lights(S0=ON, S1=ON, S2=OFF, S3=OFF, S4=OFF) -> guesses(G0=CATok, G1=DOGok, G2=DOGok, G3=CATok, G4=DOGXX)  R=0.80
             ex5: items(G0=DOG, G1=DOG, G2=CAT, G3=CAT, G4=DOG) -> lights(S0=OFF, S1=ON, S2=ON, S3=ON, S4=OFF) -> guesses(G0=DOGok, G1=DOGok, G2=CATok, G3=CATok, G4=CATXX)  R=0.80

  seed 15  R=0.894  [exploiting joint channel (0.894)]  (220.7s)
           not perfect (0 tracking, 5 holistic, 0 pooling signallers)
             S0: general(G0,G1,G2,G3,G4) [nonlinear] (kind=general, depends on [0, 1, 2, 3, 4])
             S1: general(G0,G1,G2,G3,G4) [nonlinear] (kind=general, depends on [0, 1, 2, 3, 4])
             S2: general(G0,G1,G2,G3,G4) [nonlinear] (kind=general, depends on [0, 1, 2, 3, 4])
             S3: general(G0,G1,G2,G3,G4) [nonlinear] (kind=general, depends on [0, 1, 2, 3, 4])
             S4: general(G0,G1,G2,G3,G4) [nonlinear] (kind=general, depends on [0, 1, 2, 3, 4])
             entropy reduction per guesser (out of 1.0): G0=0.91, G1=0.75, G2=0.94, G3=1.00, G4=0.66
             ex1: items(G0=DOG, G1=CAT, G2=CAT, G3=DOG, G4=DOG) -> lights(S0=ON, S1=ON, S2=OFF, S3=OFF, S4=OFF) -> guesses(G0=DOGok, G1=DOGXX, G2=CATok, G3=DOGok, G4=DOGok)  R=0.80
             ex2: items(G0=CAT, G1=DOG, G2=DOG, G3=CAT, G4=CAT) -> lights(S0=ON, S1=ON, S2=ON, S3=ON, S4=ON) -> guesses(G0=CATok, G1=DOGok, G2=DOGok, G3=CATok, G4=CATok)  R=1.00
             ex3: items(G0=CAT, G1=CAT, G2=CAT, G3=DOG, G4=DOG) -> lights(S0=OFF, S1=ON, S2=OFF, S3=ON, S4=ON) -> guesses(G0=CATok, G1=CATok, G2=CATok, G3=DOGok, G4=DOGok)  R=1.00
             ex4: items(G0=DOG, G1=CAT, G2=DOG, G3=CAT, G4=DOG) -> lights(S0=OFF, S1=OFF, S2=OFF, S3=ON, S4=OFF) -> guesses(G0=DOGok, G1=CATok, G2=DOGok, G3=CATok, G4=DOGok)  R=1.00
             ex5: items(G0=DOG, G1=DOG, G2=CAT, G3=DOG, G4=DOG) -> lights(S0=ON, S1=ON, S2=OFF, S3=OFF, S4=ON) -> guesses(G0=DOGok, G1=DOGok, G2=CATok, G3=DOGok, G4=DOGok)  R=1.00

  seed 16  R=0.844  [exploiting joint channel (0.844)]  (222.3s)
           not perfect (0 tracking, 5 holistic, 0 pooling signallers)
             S0: general(G0,G1,G2,G3,G4) [nonlinear] (kind=general, depends on [0, 1, 2, 3, 4])
             S1: general(G0,G1,G2,G3,G4) [nonlinear] (kind=general, depends on [0, 1, 2, 3, 4])
             S2: general(G0,G1,G2,G3,G4) [nonlinear] (kind=general, depends on [0, 1, 2, 3, 4])
             S3: general(G0,G1,G2,G3,G4) [nonlinear] (kind=general, depends on [0, 1, 2, 3, 4])
             S4: general(G0,G1,G2,G3,G4) [nonlinear] (kind=general, depends on [0, 1, 2, 3, 4])
             entropy reduction per guesser (out of 1.0): G0=0.60, G1=0.84, G2=0.66, G3=0.79, G4=0.85
             ex1: items(G0=CAT, G1=DOG, G2=DOG, G3=CAT, G4=CAT) -> lights(S0=ON, S1=OFF, S2=ON, S3=ON, S4=OFF) -> guesses(G0=CATok, G1=DOGok, G2=DOGok, G3=CATok, G4=CATok)  R=1.00
             ex2: items(G0=CAT, G1=CAT, G2=CAT, G3=CAT, G4=DOG) -> lights(S0=OFF, S1=OFF, S2=OFF, S3=OFF, S4=OFF) -> guesses(G0=CATok, G1=DOGXX, G2=DOGXX, G3=CATok, G4=DOGok)  R=0.60
             ex3: items(G0=DOG, G1=DOG, G2=DOG, G3=CAT, G4=DOG) -> lights(S0=OFF, S1=OFF, S2=OFF, S3=OFF, S4=OFF) -> guesses(G0=CATXX, G1=DOGok, G2=DOGok, G3=CATok, G4=DOGok)  R=0.80
             ex4: items(G0=CAT, G1=CAT, G2=CAT, G3=DOG, G4=DOG) -> lights(S0=ON, S1=ON, S2=ON, S3=OFF, S4=ON) -> guesses(G0=DOGXX, G1=CATok, G2=CATok, G3=DOGok, G4=DOGok)  R=0.80
             ex5: items(G0=CAT, G1=CAT, G2=CAT, G3=CAT, G4=CAT) -> lights(S0=OFF, S1=OFF, S2=ON, S3=OFF, S4=ON) -> guesses(G0=DOGXX, G1=CATok, G2=CATok, G3=CATok, G4=CATok)  R=0.80

  seed 17  R=0.863  [exploiting joint channel (0.863)]  (221.7s)
           not perfect (0 tracking, 5 holistic, 0 pooling signallers)
             S0: general(G0,G1,G2,G3,G4) [nonlinear] (kind=general, depends on [0, 1, 2, 3, 4])
             S1: general(G0,G1,G2,G3,G4) [nonlinear] (kind=general, depends on [0, 1, 2, 3, 4])
             S2: general(G0,G1,G2,G3,G4) [nonlinear] (kind=general, depends on [0, 1, 2, 3, 4])
             S3: general(G0,G1,G2,G3,G4) [nonlinear] (kind=general, depends on [0, 1, 2, 3, 4])
             S4: general(G0,G1,G2,G3,G4) [nonlinear] (kind=general, depends on [0, 1, 2, 3, 4])
             entropy reduction per guesser (out of 1.0): G0=1.00, G1=1.00, G2=0.60, G3=0.64, G4=0.45
             ex1: items(G0=CAT, G1=DOG, G2=CAT, G3=DOG, G4=DOG) -> lights(S0=OFF, S1=OFF, S2=OFF, S3=OFF, S4=OFF) -> guesses(G0=CATok, G1=DOGok, G2=CATok, G3=DOGok, G4=CATXX)  R=0.80
             ex2: items(G0=CAT, G1=DOG, G2=CAT, G3=CAT, G4=DOG) -> lights(S0=OFF, S1=OFF, S2=ON, S3=OFF, S4=OFF) -> guesses(G0=CATok, G1=DOGok, G2=CATok, G3=DOGXX, G4=CATXX)  R=0.60
             ex3: items(G0=CAT, G1=DOG, G2=CAT, G3=DOG, G4=DOG) -> lights(S0=OFF, S1=OFF, S2=OFF, S3=OFF, S4=OFF) -> guesses(G0=CATok, G1=DOGok, G2=CATok, G3=DOGok, G4=CATXX)  R=0.80
             ex4: items(G0=CAT, G1=DOG, G2=DOG, G3=CAT, G4=DOG) -> lights(S0=ON, S1=OFF, S2=OFF, S3=OFF, S4=OFF) -> guesses(G0=CATok, G1=DOGok, G2=DOGok, G3=CATok, G4=DOGok)  R=1.00
             ex5: items(G0=DOG, G1=DOG, G2=CAT, G3=DOG, G4=DOG) -> lights(S0=ON, S1=ON, S2=ON, S3=OFF, S4=ON) -> guesses(G0=DOGok, G1=DOGok, G2=CATok, G3=DOGok, G4=DOGok)  R=1.00

  seed 18  R=0.856  [exploiting joint channel (0.856)]  (222.6s)
           not perfect (0 tracking, 5 holistic, 0 pooling signallers)
             S0: general(G0,G1,G2,G3,G4) [nonlinear] (kind=general, depends on [0, 1, 2, 3, 4])
             S1: general(G0,G1,G2,G3,G4) [nonlinear] (kind=general, depends on [0, 1, 2, 3, 4])
             S2: general(G0,G1,G2,G3,G4) [nonlinear] (kind=general, depends on [0, 1, 2, 3, 4])
             S3: general(G0,G1,G2,G3,G4) [nonlinear] (kind=general, depends on [0, 1, 2, 3, 4])
             S4: general(G0,G1,G2,G3,G4) [nonlinear] (kind=general, depends on [0, 1, 2, 3, 4])
             entropy reduction per guesser (out of 1.0): G0=0.70, G1=0.79, G2=0.70, G3=0.74, G4=0.94
             ex1: items(G0=CAT, G1=DOG, G2=DOG, G3=CAT, G4=DOG) -> lights(S0=ON, S1=OFF, S2=OFF, S3=OFF, S4=ON) -> guesses(G0=CATok, G1=DOGok, G2=DOGok, G3=CATok, G4=DOGok)  R=1.00
             ex2: items(G0=DOG, G1=CAT, G2=DOG, G3=DOG, G4=DOG) -> lights(S0=OFF, S1=OFF, S2=OFF, S3=ON, S4=OFF) -> guesses(G0=DOGok, G1=CATok, G2=CATXX, G3=DOGok, G4=DOGok)  R=0.80
             ex3: items(G0=DOG, G1=DOG, G2=DOG, G3=CAT, G4=CAT) -> lights(S0=ON, S1=ON, S2=ON, S3=ON, S4=OFF) -> guesses(G0=DOGok, G1=DOGok, G2=DOGok, G3=DOGXX, G4=CATok)  R=0.80
             ex4: items(G0=DOG, G1=CAT, G2=DOG, G3=DOG, G4=DOG) -> lights(S0=OFF, S1=OFF, S2=OFF, S3=ON, S4=OFF) -> guesses(G0=DOGok, G1=CATok, G2=CATXX, G3=DOGok, G4=DOGok)  R=0.80
             ex5: items(G0=CAT, G1=CAT, G2=DOG, G3=CAT, G4=DOG) -> lights(S0=ON, S1=OFF, S2=OFF, S3=OFF, S4=OFF) -> guesses(G0=CATok, G1=DOGXX, G2=DOGok, G3=CATok, G4=DOGok)  R=0.80

  seed 19  R=0.894  [exploiting joint channel (0.894)]  (221.5s)
           not perfect (0 tracking, 5 holistic, 0 pooling signallers)
             S0: general(G0,G1,G2,G3,G4) [nonlinear] (kind=general, depends on [0, 1, 2, 3, 4])
             S1: general(G0,G1,G2,G3,G4) [nonlinear] (kind=general, depends on [0, 1, 2, 3, 4])
             S2: general(G0,G1,G2,G3,G4) [nonlinear] (kind=general, depends on [0, 1, 2, 3, 4])
             S3: general(G0,G1,G2,G3,G4) [nonlinear] (kind=general, depends on [0, 1, 2, 3, 4])
             S4: general(G0,G1,G2,G3,G4) [nonlinear] (kind=general, depends on [0, 1, 2, 3, 4])
             entropy reduction per guesser (out of 1.0): G0=0.70, G1=0.55, G2=0.77, G3=0.85, G4=0.91
             ex1: items(G0=CAT, G1=CAT, G2=DOG, G3=DOG, G4=DOG) -> lights(S0=ON, S1=OFF, S2=OFF, S3=OFF, S4=ON) -> guesses(G0=CATok, G1=CATok, G2=DOGok, G3=DOGok, G4=DOGok)  R=1.00
             ex2: items(G0=DOG, G1=CAT, G2=DOG, G3=CAT, G4=CAT) -> lights(S0=OFF, S1=ON, S2=ON, S3=ON, S4=OFF) -> guesses(G0=DOGok, G1=DOGXX, G2=DOGok, G3=CATok, G4=CATok)  R=0.80
             ex3: items(G0=DOG, G1=DOG, G2=DOG, G3=CAT, G4=CAT) -> lights(S0=OFF, S1=ON, S2=ON, S3=ON, S4=OFF) -> guesses(G0=DOGok, G1=DOGok, G2=DOGok, G3=CATok, G4=CATok)  R=1.00
             ex4: items(G0=DOG, G1=CAT, G2=CAT, G3=CAT, G4=DOG) -> lights(S0=ON, S1=ON, S2=ON, S3=ON, S4=ON) -> guesses(G0=CATXX, G1=CATok, G2=CATok, G3=CATok, G4=DOGok)  R=0.80
             ex5: items(G0=CAT, G1=DOG, G2=CAT, G3=CAT, G4=DOG) -> lights(S0=ON, S1=ON, S2=OFF, S3=ON, S4=ON) -> guesses(G0=CATok, G1=DOGok, G2=CATok, G3=CATok, G4=DOGok)  R=1.00

  seed 20  R=0.875  [exploiting joint channel (0.875)]  (222.8s)
           not perfect (0 tracking, 5 holistic, 0 pooling signallers)
             S0: general(G0,G1,G2,G3,G4) [nonlinear] (kind=general, depends on [0, 1, 2, 3, 4])
             S1: general(G0,G1,G2,G3,G4) [nonlinear] (kind=general, depends on [0, 1, 2, 3, 4])
             S2: general(G0,G1,G2,G3,G4) [nonlinear] (kind=general, depends on [0, 1, 2, 3, 4])
             S3: general(G0,G1,G2,G3,G4) [nonlinear] (kind=general, depends on [0, 1, 2, 3, 4])
             S4: general(G0,G1,G2,G3,G4) [nonlinear] (kind=general, depends on [0, 1, 2, 3, 4])
             entropy reduction per guesser (out of 1.0): G0=0.68, G1=1.00, G2=0.94, G3=0.68, G4=0.66
             ex1: items(G0=DOG, G1=CAT, G2=DOG, G3=DOG, G4=CAT) -> lights(S0=OFF, S1=OFF, S2=ON, S3=OFF, S4=OFF) -> guesses(G0=DOGok, G1=CATok, G2=DOGok, G3=CATXX, G4=CATok)  R=0.80
             ex2: items(G0=DOG, G1=DOG, G2=DOG, G3=CAT, G4=CAT) -> lights(S0=ON, S1=ON, S2=ON, S3=OFF, S4=OFF) -> guesses(G0=DOGok, G1=DOGok, G2=DOGok, G3=CATok, G4=CATok)  R=1.00
             ex3: items(G0=DOG, G1=CAT, G2=DOG, G3=DOG, G4=DOG) -> lights(S0=OFF, S1=OFF, S2=ON, S3=OFF, S4=ON) -> guesses(G0=DOGok, G1=CATok, G2=DOGok, G3=CATXX, G4=DOGok)  R=0.80
             ex4: items(G0=CAT, G1=DOG, G2=DOG, G3=CAT, G4=DOG) -> lights(S0=ON, S1=OFF, S2=OFF, S3=OFF, S4=ON) -> guesses(G0=CATok, G1=DOGok, G2=DOGok, G3=CATok, G4=DOGok)  R=1.00
             ex5: items(G0=DOG, G1=DOG, G2=DOG, G3=DOG, G4=CAT) -> lights(S0=ON, S1=OFF, S2=OFF, S3=OFF, S4=OFF) -> guesses(G0=DOGok, G1=DOGok, G2=DOGok, G3=DOGok, G4=CATok)  R=1.00

  seed 21  R=0.900  [exploiting joint channel (0.900)]  (221.8s)
           not perfect (0 tracking, 5 holistic, 0 pooling signallers)
             S0: general(G0,G1,G2,G3,G4) [nonlinear] (kind=general, depends on [0, 1, 2, 3, 4])
             S1: general(G0,G1,G2,G3,G4) [nonlinear] (kind=general, depends on [0, 1, 2, 3, 4])
             S2: general(G0,G1,G2,G3,G4) [nonlinear] (kind=general, depends on [0, 1, 2, 3, 4])
             S3: general(G0,G1,G2,G3,G4) [nonlinear] (kind=general, depends on [0, 1, 2, 3, 4])
             S4: general(G0,G1,G2,G4) [nonlinear] (kind=general, depends on [0, 1, 2, 4])
             entropy reduction per guesser (out of 1.0): G0=0.75, G1=1.00, G2=0.94, G3=0.88, G4=0.81
             ex1: items(G0=DOG, G1=CAT, G2=CAT, G3=DOG, G4=CAT) -> lights(S0=ON, S1=OFF, S2=OFF, S3=ON, S4=OFF) -> guesses(G0=DOGok, G1=DOGXX, G2=CATok, G3=DOGok, G4=CATok)  R=0.80
             ex2: items(G0=DOG, G1=CAT, G2=CAT, G3=CAT, G4=CAT) -> lights(S0=ON, S1=ON, S2=ON, S3=OFF, S4=OFF) -> guesses(G0=DOGok, G1=CATok, G2=CATok, G3=CATok, G4=DOGXX)  R=0.80
             ex3: items(G0=DOG, G1=CAT, G2=CAT, G3=CAT, G4=DOG) -> lights(S0=ON, S1=ON, S2=ON, S3=OFF, S4=OFF) -> guesses(G0=DOGok, G1=CATok, G2=CATok, G3=CATok, G4=DOGok)  R=1.00
             ex4: items(G0=DOG, G1=CAT, G2=DOG, G3=CAT, G4=CAT) -> lights(S0=ON, S1=ON, S2=ON, S3=ON, S4=ON) -> guesses(G0=DOGok, G1=CATok, G2=DOGok, G3=CATok, G4=CATok)  R=1.00
             ex5: items(G0=CAT, G1=DOG, G2=DOG, G3=DOG, G4=DOG) -> lights(S0=OFF, S1=OFF, S2=OFF, S3=ON, S4=ON) -> guesses(G0=CATok, G1=CATXX, G2=DOGok, G3=DOGok, G4=DOGok)  R=0.80

  seed 22  R=0.888  [exploiting joint channel (0.888)]  (224.4s)
           not perfect (0 tracking, 5 holistic, 0 pooling signallers)
             S0: general(G0,G1,G2,G3,G4) [nonlinear] (kind=general, depends on [0, 1, 2, 3, 4])
             S1: general(G0,G1,G2,G3,G4) [nonlinear] (kind=general, depends on [0, 1, 2, 3, 4])
             S2: general(G0,G1,G2,G3,G4) [nonlinear] (kind=general, depends on [0, 1, 2, 3, 4])
             S3: general(G0,G1,G2,G3,G4) [nonlinear] (kind=general, depends on [0, 1, 2, 3, 4])
             S4: general(G0,G1,G2,G3,G4) [nonlinear] (kind=general, depends on [0, 1, 2, 3, 4])
             entropy reduction per guesser (out of 1.0): G0=0.88, G1=0.60, G2=0.88, G3=0.94, G4=0.79
             ex1: items(G0=CAT, G1=DOG, G2=DOG, G3=DOG, G4=DOG) -> lights(S0=ON, S1=ON, S2=ON, S3=OFF, S4=ON) -> guesses(G0=CATok, G1=DOGok, G2=DOGok, G3=DOGok, G4=DOGok)  R=1.00
             ex2: items(G0=DOG, G1=CAT, G2=CAT, G3=CAT, G4=DOG) -> lights(S0=OFF, S1=OFF, S2=ON, S3=ON, S4=OFF) -> guesses(G0=DOGok, G1=CATok, G2=CATok, G3=CATok, G4=DOGok)  R=1.00
             ex3: items(G0=CAT, G1=DOG, G2=CAT, G3=CAT, G4=DOG) -> lights(S0=ON, S1=OFF, S2=ON, S3=OFF, S4=ON) -> guesses(G0=CATok, G1=DOGok, G2=DOGXX, G3=CATok, G4=DOGok)  R=0.80
             ex4: items(G0=DOG, G1=DOG, G2=CAT, G3=CAT, G4=DOG) -> lights(S0=OFF, S1=OFF, S2=ON, S3=ON, S4=OFF) -> guesses(G0=DOGok, G1=CATXX, G2=CATok, G3=CATok, G4=DOGok)  R=0.80
             ex5: items(G0=DOG, G1=CAT, G2=DOG, G3=CAT, G4=CAT) -> lights(S0=OFF, S1=ON, S2=OFF, S3=OFF, S4=ON) -> guesses(G0=DOGok, G1=CATok, G2=DOGok, G3=DOGXX, G4=CATok)  R=0.80

  seed 23  R=0.844  [exploiting joint channel (0.844)]  (221.9s)
           not perfect (0 tracking, 5 holistic, 0 pooling signallers)
             S0: general(G0,G1,G2,G3,G4) [nonlinear] (kind=general, depends on [0, 1, 2, 3, 4])
             S1: general(G0,G1,G2,G3,G4) [nonlinear] (kind=general, depends on [0, 1, 2, 3, 4])
             S2: general(G0,G1,G2,G3,G4) [nonlinear] (kind=general, depends on [0, 1, 2, 3, 4])
             S3: general(G1,G2,G3,G4) [nonlinear] (kind=general, depends on [1, 2, 3, 4])
             S4: general(G0,G1,G2,G3,G4) [nonlinear] (kind=general, depends on [0, 1, 2, 3, 4])
             entropy reduction per guesser (out of 1.0): G0=0.89, G1=0.70, G2=0.56, G3=0.65, G4=0.73
             ex1: items(G0=DOG, G1=DOG, G2=CAT, G3=DOG, G4=CAT) -> lights(S0=OFF, S1=OFF, S2=OFF, S3=OFF, S4=ON) -> guesses(G0=DOGok, G1=DOGok, G2=CATok, G3=CATXX, G4=CATok)  R=0.80
             ex2: items(G0=DOG, G1=DOG, G2=DOG, G3=CAT, G4=DOG) -> lights(S0=OFF, S1=OFF, S2=OFF, S3=ON, S4=OFF) -> guesses(G0=DOGok, G1=CATXX, G2=DOGok, G3=CATok, G4=DOGok)  R=0.80
             ex3: items(G0=CAT, G1=CAT, G2=DOG, G3=DOG, G4=CAT) -> lights(S0=ON, S1=OFF, S2=OFF, S3=ON, S4=OFF) -> guesses(G0=CATok, G1=CATok, G2=DOGok, G3=DOGok, G4=DOGXX)  R=0.80
             ex4: items(G0=CAT, G1=DOG, G2=DOG, G3=CAT, G4=CAT) -> lights(S0=ON, S1=ON, S2=ON, S3=OFF, S4=ON) -> guesses(G0=CATok, G1=CATXX, G2=CATXX, G3=CATok, G4=CATok)  R=0.60
             ex5: items(G0=CAT, G1=DOG, G2=DOG, G3=CAT, G4=DOG) -> lights(S0=OFF, S1=OFF, S2=ON, S3=ON, S4=OFF) -> guesses(G0=DOGXX, G1=CATXX, G2=DOGok, G3=CATok, G4=DOGok)  R=0.60

  seed 24  R=0.881  [exploiting joint channel (0.881)]  (222.9s)
           not perfect (0 tracking, 5 holistic, 0 pooling signallers)
             S0: general(G0,G1,G2,G3,G4) [nonlinear] (kind=general, depends on [0, 1, 2, 3, 4])
             S1: general(G0,G1,G2,G3,G4) [nonlinear] (kind=general, depends on [0, 1, 2, 3, 4])
             S2: general(G0,G1,G2,G3,G4) [nonlinear] (kind=general, depends on [0, 1, 2, 3, 4])
             S3: general(G0,G1,G2,G3,G4) [nonlinear] (kind=general, depends on [0, 1, 2, 3, 4])
             S4: general(G0,G1,G2,G3,G4) [nonlinear] (kind=general, depends on [0, 1, 2, 3, 4])
             entropy reduction per guesser (out of 1.0): G0=0.73, G1=0.88, G2=0.77, G3=0.83, G4=0.79
             ex1: items(G0=DOG, G1=DOG, G2=CAT, G3=CAT, G4=CAT) -> lights(S0=OFF, S1=ON, S2=ON, S3=OFF, S4=OFF) -> guesses(G0=DOGok, G1=DOGok, G2=CATok, G3=CATok, G4=CATok)  R=1.00
             ex2: items(G0=CAT, G1=DOG, G2=DOG, G3=DOG, G4=DOG) -> lights(S0=OFF, S1=OFF, S2=OFF, S3=OFF, S4=ON) -> guesses(G0=DOGXX, G1=DOGok, G2=DOGok, G3=DOGok, G4=DOGok)  R=0.80
             ex3: items(G0=CAT, G1=DOG, G2=DOG, G3=DOG, G4=DOG) -> lights(S0=OFF, S1=OFF, S2=OFF, S3=OFF, S4=ON) -> guesses(G0=DOGXX, G1=DOGok, G2=DOGok, G3=DOGok, G4=DOGok)  R=0.80
             ex4: items(G0=CAT, G1=CAT, G2=DOG, G3=DOG, G4=DOG) -> lights(S0=ON, S1=OFF, S2=ON, S3=ON, S4=OFF) -> guesses(G0=CATok, G1=CATok, G2=DOGok, G3=DOGok, G4=CATXX)  R=0.80
             ex5: items(G0=DOG, G1=CAT, G2=DOG, G3=DOG, G4=CAT) -> lights(S0=ON, S1=ON, S2=OFF, S3=ON, S4=OFF) -> guesses(G0=DOGok, G1=CATok, G2=DOGok, G3=DOGok, G4=CATok)  R=1.00

  seed 25  R=0.869  [exploiting joint channel (0.869)]  (221.8s)
           not perfect (0 tracking, 5 holistic, 0 pooling signallers)
             S0: general(G0,G1,G2,G3,G4) [nonlinear] (kind=general, depends on [0, 1, 2, 3, 4])
             S1: general(G0,G1,G2,G3,G4) [nonlinear] (kind=general, depends on [0, 1, 2, 3, 4])
             S2: general(G0,G1,G2,G3,G4) [nonlinear] (kind=general, depends on [0, 1, 2, 3, 4])
             S3: general(G0,G1,G2,G3,G4) [nonlinear] (kind=general, depends on [0, 1, 2, 3, 4])
             S4: general(G0,G1,G2,G3,G4) [nonlinear] (kind=general, depends on [0, 1, 2, 3, 4])
             entropy reduction per guesser (out of 1.0): G0=0.79, G1=0.58, G2=0.91, G3=0.64, G4=0.94
             ex1: items(G0=DOG, G1=CAT, G2=CAT, G3=CAT, G4=CAT) -> lights(S0=OFF, S1=OFF, S2=ON, S3=ON, S4=ON) -> guesses(G0=DOGok, G1=DOGXX, G2=CATok, G3=DOGXX, G4=CATok)  R=0.60
             ex2: items(G0=DOG, G1=CAT, G2=DOG, G3=DOG, G4=DOG) -> lights(S0=OFF, S1=ON, S2=OFF, S3=ON, S4=OFF) -> guesses(G0=CATXX, G1=CATok, G2=DOGok, G3=DOGok, G4=DOGok)  R=0.80
             ex3: items(G0=CAT, G1=DOG, G2=DOG, G3=DOG, G4=DOG) -> lights(S0=OFF, S1=ON, S2=OFF, S3=OFF, S4=OFF) -> guesses(G0=CATok, G1=CATXX, G2=DOGok, G3=DOGok, G4=DOGok)  R=0.80
             ex4: items(G0=DOG, G1=DOG, G2=DOG, G3=DOG, G4=CAT) -> lights(S0=OFF, S1=OFF, S2=ON, S3=OFF, S4=OFF) -> guesses(G0=DOGok, G1=DOGok, G2=DOGok, G3=DOGok, G4=CATok)  R=1.00
             ex5: items(G0=CAT, G1=DOG, G2=CAT, G3=CAT, G4=DOG) -> lights(S0=ON, S1=ON, S2=OFF, S3=ON, S4=ON) -> guesses(G0=CATok, G1=CATXX, G2=CATok, G3=CATok, G4=DOGok)  R=0.80

  seed 26  R=0.888  [exploiting joint channel (0.888)]  (225.2s)
           not perfect (0 tracking, 5 holistic, 0 pooling signallers)
             S0: general(G0,G1,G2,G3,G4) [nonlinear] (kind=general, depends on [0, 1, 2, 3, 4])
             S1: general(G0,G1,G2,G3,G4) [nonlinear] (kind=general, depends on [0, 1, 2, 3, 4])
             S2: general(G0,G1,G2,G3,G4) [nonlinear] (kind=general, depends on [0, 1, 2, 3, 4])
             S3: general(G0,G1,G2,G3,G4) [nonlinear] (kind=general, depends on [0, 1, 2, 3, 4])
             S4: general(G0,G1,G2,G3,G4) [nonlinear] (kind=general, depends on [0, 1, 2, 3, 4])
             entropy reduction per guesser (out of 1.0): G0=0.77, G1=0.91, G2=0.75, G3=0.69, G4=0.75
             ex1: items(G0=CAT, G1=CAT, G2=DOG, G3=CAT, G4=DOG) -> lights(S0=OFF, S1=OFF, S2=ON, S3=OFF, S4=OFF) -> guesses(G0=CATok, G1=CATok, G2=DOGok, G3=CATok, G4=CATXX)  R=0.80
             ex2: items(G0=CAT, G1=CAT, G2=DOG, G3=CAT, G4=CAT) -> lights(S0=OFF, S1=OFF, S2=ON, S3=OFF, S4=OFF) -> guesses(G0=CATok, G1=CATok, G2=DOGok, G3=CATok, G4=CATok)  R=1.00
             ex3: items(G0=DOG, G1=DOG, G2=DOG, G3=DOG, G4=DOG) -> lights(S0=OFF, S1=OFF, S2=ON, S3=ON, S4=ON) -> guesses(G0=CATXX, G1=DOGok, G2=DOGok, G3=DOGok, G4=DOGok)  R=0.80
             ex4: items(G0=DOG, G1=DOG, G2=DOG, G3=DOG, G4=DOG) -> lights(S0=OFF, S1=OFF, S2=ON, S3=ON, S4=ON) -> guesses(G0=CATXX, G1=DOGok, G2=DOGok, G3=DOGok, G4=DOGok)  R=0.80
             ex5: items(G0=DOG, G1=DOG, G2=CAT, G3=DOG, G4=CAT) -> lights(S0=ON, S1=OFF, S2=OFF, S3=ON, S4=ON) -> guesses(G0=DOGok, G1=DOGok, G2=CATok, G3=DOGok, G4=CATok)  R=1.00

  seed 27  R=0.863  [exploiting joint channel (0.863)]  (222.1s)
           not perfect (0 tracking, 5 holistic, 0 pooling signallers)
             S0: general(G0,G1,G2,G3,G4) [nonlinear] (kind=general, depends on [0, 1, 2, 3, 4])
             S1: general(G0,G1,G2,G3,G4) [nonlinear] (kind=general, depends on [0, 1, 2, 3, 4])
             S2: general(G0,G1,G2,G3,G4) [nonlinear] (kind=general, depends on [0, 1, 2, 3, 4])
             S3: general(G0,G1,G2,G3,G4) [nonlinear] (kind=general, depends on [0, 1, 2, 3, 4])
             S4: general(G0,G1,G2,G3,G4) [nonlinear] (kind=general, depends on [0, 1, 2, 3, 4])
             entropy reduction per guesser (out of 1.0): G0=0.77, G1=0.90, G2=0.73, G3=0.81, G4=0.77
             ex1: items(G0=CAT, G1=CAT, G2=CAT, G3=CAT, G4=CAT) -> lights(S0=ON, S1=OFF, S2=ON, S3=OFF, S4=ON) -> guesses(G0=CATok, G1=CATok, G2=CATok, G3=DOGXX, G4=CATok)  R=0.80
             ex2: items(G0=DOG, G1=DOG, G2=DOG, G3=DOG, G4=DOG) -> lights(S0=OFF, S1=ON, S2=OFF, S3=ON, S4=OFF) -> guesses(G0=DOGok, G1=DOGok, G2=DOGok, G3=DOGok, G4=DOGok)  R=1.00
             ex3: items(G0=DOG, G1=CAT, G2=CAT, G3=CAT, G4=DOG) -> lights(S0=OFF, S1=OFF, S2=ON, S3=ON, S4=ON) -> guesses(G0=DOGok, G1=CATok, G2=CATok, G3=CATok, G4=DOGok)  R=1.00
             ex4: items(G0=DOG, G1=DOG, G2=CAT, G3=DOG, G4=DOG) -> lights(S0=OFF, S1=ON, S2=ON, S3=ON, S4=OFF) -> guesses(G0=DOGok, G1=DOGok, G2=CATok, G3=DOGok, G4=DOGok)  R=1.00
             ex5: items(G0=CAT, G1=DOG, G2=CAT, G3=CAT, G4=DOG) -> lights(S0=OFF, S1=OFF, S2=ON, S3=OFF, S4=ON) -> guesses(G0=CATok, G1=CATXX, G2=CATok, G3=CATok, G4=DOGok)  R=0.80

  seed 28  R=0.894  [exploiting joint channel (0.894)]  (222.6s)
           not perfect (0 tracking, 5 holistic, 0 pooling signallers)
             S0: general(G0,G1,G2,G3,G4) [nonlinear] (kind=general, depends on [0, 1, 2, 3, 4])
             S1: general(G0,G1,G2,G3,G4) [nonlinear] (kind=general, depends on [0, 1, 2, 3, 4])
             S2: general(G0,G1,G2,G3,G4) [nonlinear] (kind=general, depends on [0, 1, 2, 3, 4])
             S3: general(G0,G1,G2,G3,G4) [nonlinear] (kind=general, depends on [0, 1, 2, 3, 4])
             S4: general(G0,G1,G2,G3,G4) [nonlinear] (kind=general, depends on [0, 1, 2, 3, 4])
             entropy reduction per guesser (out of 1.0): G0=0.83, G1=0.79, G2=0.73, G3=0.47, G4=0.91
             ex1: items(G0=DOG, G1=CAT, G2=DOG, G3=CAT, G4=DOG) -> lights(S0=ON, S1=ON, S2=ON, S3=OFF, S4=ON) -> guesses(G0=DOGok, G1=CATok, G2=CATXX, G3=CATok, G4=DOGok)  R=0.80
             ex2: items(G0=DOG, G1=DOG, G2=DOG, G3=CAT, G4=DOG) -> lights(S0=ON, S1=ON, S2=ON, S3=ON, S4=ON) -> guesses(G0=DOGok, G1=DOGok, G2=DOGok, G3=CATok, G4=DOGok)  R=1.00
             ex3: items(G0=CAT, G1=CAT, G2=CAT, G3=CAT, G4=CAT) -> lights(S0=OFF, S1=OFF, S2=ON, S3=OFF, S4=ON) -> guesses(G0=DOGXX, G1=CATok, G2=DOGXX, G3=CATok, G4=CATok)  R=0.60
             ex4: items(G0=CAT, G1=CAT, G2=CAT, G3=DOG, G4=CAT) -> lights(S0=ON, S1=OFF, S2=ON, S3=OFF, S4=OFF) -> guesses(G0=CATok, G1=CATok, G2=CATok, G3=DOGok, G4=CATok)  R=1.00
             ex5: items(G0=DOG, G1=DOG, G2=CAT, G3=CAT, G4=DOG) -> lights(S0=ON, S1=ON, S2=ON, S3=ON, S4=ON) -> guesses(G0=DOGok, G1=DOGok, G2=DOGXX, G3=CATok, G4=DOGok)  R=0.80

  seed 29  R=0.919  [exploiting joint channel (0.919)]  (222.2s)
           not perfect (0 tracking, 5 holistic, 0 pooling signallers)
             S0: general(G0,G1,G2,G3,G4) [nonlinear] (kind=general, depends on [0, 1, 2, 3, 4])
             S1: general(G0,G1,G2,G3,G4) [nonlinear] (kind=general, depends on [0, 1, 2, 3, 4])
             S2: general(G0,G1,G2,G3,G4) [nonlinear] (kind=general, depends on [0, 1, 2, 3, 4])
             S3: general(G0,G1,G2,G3,G4) [nonlinear] (kind=general, depends on [0, 1, 2, 3, 4])
             S4: general(G0,G1,G2,G3,G4) [nonlinear] (kind=general, depends on [0, 1, 2, 3, 4])
             entropy reduction per guesser (out of 1.0): G0=0.85, G1=0.85, G2=0.94, G3=0.73, G4=0.91
             ex1: items(G0=CAT, G1=CAT, G2=CAT, G3=CAT, G4=DOG) -> lights(S0=ON, S1=OFF, S2=ON, S3=ON, S4=OFF) -> guesses(G0=CATok, G1=CATok, G2=CATok, G3=CATok, G4=DOGok)  R=1.00
             ex2: items(G0=DOG, G1=CAT, G2=DOG, G3=DOG, G4=DOG) -> lights(S0=ON, S1=ON, S2=OFF, S3=ON, S4=OFF) -> guesses(G0=DOGok, G1=CATok, G2=DOGok, G3=CATXX, G4=DOGok)  R=0.80
             ex3: items(G0=CAT, G1=CAT, G2=DOG, G3=DOG, G4=CAT) -> lights(S0=OFF, S1=ON, S2=ON, S3=OFF, S4=ON) -> guesses(G0=CATok, G1=CATok, G2=DOGok, G3=DOGok, G4=CATok)  R=1.00
             ex4: items(G0=DOG, G1=DOG, G2=DOG, G3=DOG, G4=DOG) -> lights(S0=ON, S1=ON, S2=OFF, S3=ON, S4=ON) -> guesses(G0=DOGok, G1=DOGok, G2=DOGok, G3=DOGok, G4=DOGok)  R=1.00
             ex5: items(G0=CAT, G1=CAT, G2=DOG, G3=CAT, G4=CAT) -> lights(S0=OFF, S1=ON, S2=ON, S3=OFF, S4=OFF) -> guesses(G0=CATok, G1=CATok, G2=DOGok, G3=CATok, G4=CATok)  R=1.00

  --- K5x5 / independent: summary over 30 seeds ---
      mean team reward           : 0.877
      complementarity rate       : 0.0% of seeds perfect
      convention types:
        partial / non-perfect: 30/30
      signaller-light census (all seeds pooled): general=149 (99%), dictator=1 (1%)
      mean channel utilisation H(M) : 0.983 bits (out of 1.0)
      mean entropy reduction / guesser: 0.788 bits (out of 1.0)

########################################################################
# K6x6  (6 signallers, 6 guessers, 36 edges)
#   schedule: 24000 episodes, epsilon decay over 16000
#   convention space: 126,886,932,185,884,164,103,433,389,335,161,480,802,865,516,174,545,192,198,801,894,375,214,704,230,400,000,000,000,000 perfect ((2^6)! bijections), of which 46080 are pure-tracking (m!*2^m)
########################################################################

============================================================
  K6x6 / shared
============================================================

  seed  0  R=0.839  [exploiting joint channel (0.839)]  (50.6s)
           not perfect (0 tracking, 6 holistic, 0 pooling signallers)
             S0: general(G0,G1,G2,G3,G4,G5) [nonlinear] (kind=general, depends on [0, 1, 2, 3, 4, 5])
             S1: general(G0,G1,G2,G3,G4,G5) [nonlinear] (kind=general, depends on [0, 1, 2, 3, 4, 5])
             S2: general(G0,G1,G2,G3,G4,G5) [nonlinear] (kind=general, depends on [0, 1, 2, 3, 4, 5])
             S3: general(G0,G1,G2,G3,G4,G5) [nonlinear] (kind=general, depends on [0, 1, 2, 3, 4, 5])
             S4: general(G0,G1,G2,G3,G4,G5) [nonlinear] (kind=general, depends on [0, 1, 2, 3, 4, 5])
             S5: general(G0,G1,G2,G3,G4,G5) [nonlinear] (kind=general, depends on [0, 1, 2, 3, 4, 5])
             entropy reduction per guesser (out of 1.0): G0=0.72, G1=0.66, G2=0.45, G3=0.68, G4=0.82, G5=0.68
             ex1: items(G0=CAT, G1=DOG, G2=DOG, G3=DOG, G4=CAT, G5=CAT) -> lights(S0=OFF, S1=OFF, S2=OFF, S3=OFF, S4=OFF, S5=OFF) -> guesses(G0=CATok, G1=CATXX, G2=DOGok, G3=DOGok, G4=CATok, G5=DOGXX)  R=0.67
             ex2: items(G0=CAT, G1=CAT, G2=DOG, G3=DOG, G4=CAT, G5=CAT) -> lights(S0=OFF, S1=ON, S2=ON, S3=ON, S4=ON, S5=OFF) -> guesses(G0=CATok, G1=CATok, G2=CATXX, G3=CATXX, G4=DOGXX, G5=CATok)  R=0.50
             ex3: items(G0=DOG, G1=DOG, G2=CAT, G3=DOG, G4=CAT, G5=DOG) -> lights(S0=ON, S1=OFF, S2=OFF, S3=OFF, S4=OFF, S5=ON) -> guesses(G0=DOGok, G1=DOGok, G2=DOGXX, G3=DOGok, G4=CATok, G5=DOGok)  R=0.83
             ex4: items(G0=DOG, G1=CAT, G2=CAT, G3=DOG, G4=CAT, G5=CAT) -> lights(S0=OFF, S1=OFF, S2=OFF, S3=OFF, S4=ON, S5=ON) -> guesses(G0=DOGok, G1=CATok, G2=DOGXX, G3=DOGok, G4=CATok, G5=CATok)  R=0.83
             ex5: items(G0=CAT, G1=CAT, G2=DOG, G3=DOG, G4=CAT, G5=CAT) -> lights(S0=OFF, S1=ON, S2=ON, S3=ON, S4=ON, S5=OFF) -> guesses(G0=CATok, G1=CATok, G2=CATXX, G3=CATXX, G4=DOGXX, G5=CATok)  R=0.50

  seed  1  R=0.859  [exploiting joint channel (0.859)]  (50.2s)
           not perfect (1 tracking, 5 holistic, 0 pooling signallers)
             S0: track G2                         (kind=dictator, depends on [2])
             S1: general(G0,G1,G2,G3,G4,G5) [nonlinear] (kind=general, depends on [0, 1, 2, 3, 4, 5])
             S2: general(G0,G1,G2,G3,G4,G5) [nonlinear] (kind=general, depends on [0, 1, 2, 3, 4, 5])
             S3: general(G0,G1,G2,G3,G4,G5) [nonlinear] (kind=general, depends on [0, 1, 2, 3, 4, 5])
             S4: general(G0,G1,G2,G3,G4,G5) [nonlinear] (kind=general, depends on [0, 1, 2, 3, 4, 5])
             S5: general(G0,G1,G2,G3,G4,G5) [nonlinear] (kind=general, depends on [0, 1, 2, 3, 4, 5])
             entropy reduction per guesser (out of 1.0): G0=0.45, G1=0.50, G2=1.00, G3=0.72, G4=0.66, G5=0.83
             ex1: items(G0=DOG, G1=DOG, G2=DOG, G3=CAT, G4=DOG, G5=CAT) -> lights(S0=ON, S1=ON, S2=OFF, S3=OFF, S4=ON, S5=OFF) -> guesses(G0=DOGok, G1=DOGok, G2=DOGok, G3=CATok, G4=DOGok, G5=CATok)  R=1.00
             ex2: items(G0=DOG, G1=CAT, G2=DOG, G3=DOG, G4=CAT, G5=CAT) -> lights(S0=ON, S1=OFF, S2=OFF, S3=ON, S4=ON, S5=ON) -> guesses(G0=CATXX, G1=CATok, G2=DOGok, G3=DOGok, G4=CATok, G5=CATok)  R=0.83
             ex3: items(G0=DOG, G1=DOG, G2=DOG, G3=DOG, G4=CAT, G5=DOG) -> lights(S0=ON, S1=OFF, S2=OFF, S3=OFF, S4=OFF, S5=ON) -> guesses(G0=DOGok, G1=DOGok, G2=DOGok, G3=DOGok, G4=CATok, G5=DOGok)  R=1.00
             ex4: items(G0=CAT, G1=CAT, G2=DOG, G3=CAT, G4=CAT, G5=CAT) -> lights(S0=ON, S1=ON, S2=OFF, S3=ON, S4=ON, S5=ON) -> guesses(G0=CATok, G1=CATok, G2=DOGok, G3=CATok, G4=CATok, G5=CATok)  R=1.00
             ex5: items(G0=CAT, G1=DOG, G2=CAT, G3=DOG, G4=DOG, G5=DOG) -> lights(S0=OFF, S1=OFF, S2=OFF, S3=OFF, S4=OFF, S5=OFF) -> guesses(G0=DOGXX, G1=DOGok, G2=CATok, G3=DOGok, G4=DOGok, G5=DOGok)  R=0.83

  seed  2  R=0.766  [exploiting joint channel (0.766)]  (50.1s)
           not perfect (0 tracking, 6 holistic, 0 pooling signallers)
             S0: general(G0,G1,G2,G3,G4,G5) [nonlinear] (kind=general, depends on [0, 1, 2, 3, 4, 5])
             S1: general(G0,G1,G2,G3,G4,G5) [nonlinear] (kind=general, depends on [0, 1, 2, 3, 4, 5])
             S2: general(G0,G1,G2,G3,G4,G5) [nonlinear] (kind=general, depends on [0, 1, 2, 3, 4, 5])
             S3: general(G0,G1,G2,G3,G4,G5) [nonlinear] (kind=general, depends on [0, 1, 2, 3, 4, 5])
             S4: general(G0,G1,G2,G3,G4,G5) [nonlinear] (kind=general, depends on [0, 1, 2, 3, 4, 5])
             S5: general(G0,G1,G2,G3,G4,G5) [nonlinear] (kind=general, depends on [0, 1, 2, 3, 4, 5])
             entropy reduction per guesser (out of 1.0): G0=0.51, G1=0.38, G2=0.40, G3=0.68, G4=0.40, G5=0.40
             ex1: items(G0=DOG, G1=DOG, G2=DOG, G3=CAT, G4=DOG, G5=DOG) -> lights(S0=ON, S1=ON, S2=ON, S3=ON, S4=ON, S5=ON) -> guesses(G0=DOGok, G1=DOGok, G2=DOGok, G3=DOGXX, G4=DOGok, G5=DOGok)  R=0.83
             ex2: items(G0=CAT, G1=DOG, G2=CAT, G3=DOG, G4=CAT, G5=DOG) -> lights(S0=ON, S1=ON, S2=OFF, S3=ON, S4=OFF, S5=ON) -> guesses(G0=CATok, G1=DOGok, G2=DOGXX, G3=DOGok, G4=CATok, G5=DOGok)  R=0.83
             ex3: items(G0=CAT, G1=DOG, G2=DOG, G3=CAT, G4=DOG, G5=CAT) -> lights(S0=ON, S1=ON, S2=OFF, S3=ON, S4=OFF, S5=ON) -> guesses(G0=CATok, G1=DOGok, G2=DOGok, G3=DOGXX, G4=CATXX, G5=DOGXX)  R=0.50
             ex4: items(G0=CAT, G1=DOG, G2=DOG, G3=DOG, G4=DOG, G5=CAT) -> lights(S0=ON, S1=ON, S2=OFF, S3=ON, S4=OFF, S5=OFF) -> guesses(G0=CATok, G1=DOGok, G2=DOGok, G3=DOGok, G4=CATXX, G5=CATok)  R=0.83
             ex5: items(G0=CAT, G1=CAT, G2=DOG, G3=DOG, G4=DOG, G5=DOG) -> lights(S0=ON, S1=ON, S2=OFF, S3=ON, S4=ON, S5=OFF) -> guesses(G0=CATok, G1=DOGXX, G2=DOGok, G3=DOGok, G4=DOGok, G5=DOGok)  R=0.83

  seed  3  R=0.784  [exploiting joint channel (0.784)]  (49.8s)
           not perfect (1 tracking, 5 holistic, 0 pooling signallers)
             S0: general(G0,G1,G2,G3,G4,G5) [nonlinear] (kind=general, depends on [0, 1, 2, 3, 4, 5])
             S1: general(G0,G1,G2,G3,G4,G5) [nonlinear] (kind=general, depends on [0, 1, 2, 3, 4, 5])
             S2: general(G0,G1,G2,G3,G4,G5) [nonlinear] (kind=general, depends on [0, 1, 2, 3, 4, 5])
             S3: general(G0,G1,G2,G3,G4,G5) [nonlinear] (kind=general, depends on [0, 1, 2, 3, 4, 5])
             S4: track G1                         (kind=dictator, depends on [1])
             S5: general(G0,G1,G2,G3,G4,G5) [nonlinear] (kind=general, depends on [0, 1, 2, 3, 4, 5])
             entropy reduction per guesser (out of 1.0): G0=0.31, G1=1.00, G2=0.70, G3=0.39, G4=0.39, G5=0.44
             ex1: items(G0=CAT, G1=DOG, G2=DOG, G3=CAT, G4=DOG, G5=CAT) -> lights(S0=OFF, S1=ON, S2=OFF, S3=OFF, S4=ON, S5=ON) -> guesses(G0=CATok, G1=DOGok, G2=CATXX, G3=CATok, G4=CATXX, G5=CATok)  R=0.67
             ex2: items(G0=CAT, G1=CAT, G2=CAT, G3=CAT, G4=CAT, G5=DOG) -> lights(S0=OFF, S1=ON, S2=OFF, S3=OFF, S4=OFF, S5=OFF) -> guesses(G0=CATok, G1=CATok, G2=DOGXX, G3=CATok, G4=CATok, G5=CATXX)  R=0.67
             ex3: items(G0=CAT, G1=CAT, G2=CAT, G3=DOG, G4=CAT, G5=CAT) -> lights(S0=OFF, S1=OFF, S2=OFF, S3=OFF, S4=OFF, S5=ON) -> guesses(G0=CATok, G1=CATok, G2=CATok, G3=CATXX, G4=DOGXX, G5=CATok)  R=0.67
             ex4: items(G0=DOG, G1=CAT, G2=DOG, G3=CAT, G4=CAT, G5=CAT) -> lights(S0=OFF, S1=OFF, S2=OFF, S3=OFF, S4=OFF, S5=OFF) -> guesses(G0=CATXX, G1=CATok, G2=CATXX, G3=CATok, G4=CATok, G5=CATok)  R=0.67
             ex5: items(G0=DOG, G1=DOG, G2=CAT, G3=CAT, G4=DOG, G5=DOG) -> lights(S0=ON, S1=OFF, S2=ON, S3=OFF, S4=ON, S5=ON) -> guesses(G0=DOGok, G1=DOGok, G2=CATok, G3=DOGXX, G4=DOGok, G5=DOGok)  R=0.83

  seed  4  R=0.807  [exploiting joint channel (0.807)]  (50.1s)
           not perfect (0 tracking, 6 holistic, 0 pooling signallers)
             S0: general(G0,G1,G2,G3,G4,G5) [nonlinear] (kind=general, depends on [0, 1, 2, 3, 4, 5])
             S1: general(G0,G1,G2,G3,G4,G5) [nonlinear] (kind=general, depends on [0, 1, 2, 3, 4, 5])
             S2: general(G0,G1,G2,G3,G4,G5) [nonlinear] (kind=general, depends on [0, 1, 2, 3, 4, 5])
             S3: general(G0,G1,G2,G3,G4,G5) [nonlinear] (kind=general, depends on [0, 1, 2, 3, 4, 5])
             S4: general(G0,G1,G2,G3,G4,G5) [nonlinear] (kind=general, depends on [0, 1, 2, 3, 4, 5])
             S5: general(G0,G1,G2,G3,G4,G5) [nonlinear] (kind=general, depends on [0, 1, 2, 3, 4, 5])
             entropy reduction per guesser (out of 1.0): G0=0.60, G1=0.63, G2=0.89, G3=0.41, G4=0.57, G5=0.62
             ex1: items(G0=CAT, G1=CAT, G2=CAT, G3=DOG, G4=DOG, G5=DOG) -> lights(S0=OFF, S1=ON, S2=OFF, S3=ON, S4=OFF, S5=OFF) -> guesses(G0=CATok, G1=CATok, G2=CATok, G3=DOGok, G4=DOGok, G5=DOGok)  R=1.00
             ex2: items(G0=DOG, G1=CAT, G2=CAT, G3=DOG, G4=CAT, G5=CAT) -> lights(S0=ON, S1=ON, S2=OFF, S3=ON, S4=OFF, S5=ON) -> guesses(G0=CATXX, G1=CATok, G2=CATok, G3=CATXX, G4=CATok, G5=CATok)  R=0.67
             ex3: items(G0=DOG, G1=DOG, G2=DOG, G3=CAT, G4=CAT, G5=CAT) -> lights(S0=ON, S1=OFF, S2=ON, S3=OFF, S4=ON, S5=ON) -> guesses(G0=DOGok, G1=DOGok, G2=DOGok, G3=CATok, G4=DOGXX, G5=CATok)  R=0.83
             ex4: items(G0=CAT, G1=DOG, G2=DOG, G3=CAT, G4=CAT, G5=CAT) -> lights(S0=ON, S1=ON, S2=OFF, S3=ON, S4=ON, S5=ON) -> guesses(G0=CATok, G1=CATXX, G2=DOGok, G3=DOGXX, G4=CATok, G5=CATok)  R=0.67
             ex5: items(G0=CAT, G1=CAT, G2=CAT, G3=DOG, G4=CAT, G5=DOG) -> lights(S0=OFF, S1=ON, S2=ON, S3=ON, S4=ON, S5=OFF) -> guesses(G0=CATok, G1=CATok, G2=DOGXX, G3=DOGok, G4=DOGXX, G5=DOGok)  R=0.67

  seed  5  R=0.938  [exploiting joint channel (0.938)]  (49.2s)
           not perfect (2 tracking, 4 holistic, 0 pooling signallers)
             S0: general(G0,G1,G2,G3,G4,G5) [nonlinear] (kind=general, depends on [0, 1, 2, 3, 4, 5])
             S1: track NOT G2                     (kind=dictator, depends on [2])
             S2: general(G0,G1,G2,G3,G4,G5) [nonlinear] (kind=general, depends on [0, 1, 2, 3, 4, 5])
             S3: general(G0,G1,G2,G3,G4,G5) [nonlinear] (kind=general, depends on [0, 1, 2, 3, 4, 5])
             S4: track NOT G0                     (kind=dictator, depends on [0])
             S5: general(G0,G1,G2,G3,G4,G5) [nonlinear] (kind=general, depends on [0, 1, 2, 3, 4, 5])
             entropy reduction per guesser (out of 1.0): G0=1.00, G1=0.84, G2=1.00, G3=0.70, G4=0.58, G5=0.97
             ex1: items(G0=DOG, G1=CAT, G2=CAT, G3=DOG, G4=DOG, G5=CAT) -> lights(S0=ON, S1=ON, S2=OFF, S3=OFF, S4=OFF, S5=OFF) -> guesses(G0=DOGok, G1=DOGXX, G2=CATok, G3=DOGok, G4=DOGok, G5=CATok)  R=0.83
             ex2: items(G0=CAT, G1=DOG, G2=DOG, G3=CAT, G4=DOG, G5=DOG) -> lights(S0=OFF, S1=OFF, S2=OFF, S3=OFF, S4=ON, S5=OFF) -> guesses(G0=CATok, G1=DOGok, G2=DOGok, G3=DOGXX, G4=DOGok, G5=DOGok)  R=0.83
             ex3: items(G0=CAT, G1=CAT, G2=DOG, G3=DOG, G4=DOG, G5=DOG) -> lights(S0=OFF, S1=OFF, S2=OFF, S3=ON, S4=ON, S5=OFF) -> guesses(G0=CATok, G1=CATok, G2=DOGok, G3=DOGok, G4=DOGok, G5=DOGok)  R=1.00
             ex4: items(G0=CAT, G1=CAT, G2=CAT, G3=CAT, G4=CAT, G5=CAT) -> lights(S0=ON, S1=ON, S2=ON, S3=ON, S4=ON, S5=ON) -> guesses(G0=CATok, G1=CATok, G2=CATok, G3=CATok, G4=CATok, G5=CATok)  R=1.00
             ex5: items(G0=DOG, G1=CAT, G2=DOG, G3=DOG, G4=CAT, G5=CAT) -> lights(S0=ON, S1=OFF, S2=OFF, S3=ON, S4=OFF, S5=ON) -> guesses(G0=DOGok, G1=CATok, G2=DOGok, G3=DOGok, G4=CATok, G5=CATok)  R=1.00

  seed  6  R=0.846  [exploiting joint channel (0.846)]  (48.8s)
           not perfect (0 tracking, 6 holistic, 0 pooling signallers)
             S0: general(G0,G1,G2,G3,G4,G5) [nonlinear] (kind=general, depends on [0, 1, 2, 3, 4, 5])
             S1: general(G0,G1,G2,G3,G4,G5) [nonlinear] (kind=general, depends on [0, 1, 2, 3, 4, 5])
             S2: general(G0,G1,G2,G3,G4,G5) [nonlinear] (kind=general, depends on [0, 1, 2, 3, 4, 5])
             S3: general(G0,G1,G2,G3,G4,G5) [nonlinear] (kind=general, depends on [0, 1, 2, 3, 4, 5])
             S4: general(G0,G1,G2,G3,G4,G5) [nonlinear] (kind=general, depends on [0, 1, 2, 3, 4, 5])
             S5: general(G0,G1,G2,G3,G4,G5) [nonlinear] (kind=general, depends on [0, 1, 2, 3, 4, 5])
             entropy reduction per guesser (out of 1.0): G0=0.68, G1=0.88, G2=0.55, G3=0.75, G4=0.51, G5=0.45
             ex1: items(G0=CAT, G1=CAT, G2=CAT, G3=CAT, G4=CAT, G5=CAT) -> lights(S0=OFF, S1=OFF, S2=OFF, S3=OFF, S4=ON, S5=OFF) -> guesses(G0=CATok, G1=CATok, G2=CATok, G3=CATok, G4=CATok, G5=CATok)  R=1.00
             ex2: items(G0=CAT, G1=DOG, G2=DOG, G3=DOG, G4=CAT, G5=CAT) -> lights(S0=ON, S1=ON, S2=OFF, S3=OFF, S4=ON, S5=ON) -> guesses(G0=CATok, G1=DOGok, G2=DOGok, G3=DOGok, G4=CATok, G5=CATok)  R=1.00
             ex3: items(G0=CAT, G1=DOG, G2=CAT, G3=CAT, G4=CAT, G5=DOG) -> lights(S0=OFF, S1=OFF, S2=ON, S3=OFF, S4=ON, S5=OFF) -> guesses(G0=CATok, G1=DOGok, G2=CATok, G3=CATok, G4=CATok, G5=CATXX)  R=0.83
             ex4: items(G0=DOG, G1=CAT, G2=DOG, G3=CAT, G4=CAT, G5=DOG) -> lights(S0=OFF, S1=OFF, S2=OFF, S3=ON, S4=OFF, S5=ON) -> guesses(G0=DOGok, G1=CATok, G2=DOGok, G3=CATok, G4=DOGXX, G5=DOGok)  R=0.83
             ex5: items(G0=CAT, G1=DOG, G2=DOG, G3=DOG, G4=DOG, G5=CAT) -> lights(S0=ON, S1=ON, S2=OFF, S3=OFF, S4=ON, S5=ON) -> guesses(G0=CATok, G1=DOGok, G2=DOGok, G3=DOGok, G4=CATXX, G5=CATok)  R=0.83

  seed  7  R=0.878  [exploiting joint channel (0.878)]  (49.1s)
           not perfect (0 tracking, 6 holistic, 0 pooling signallers)
             S0: general(G0,G1,G2,G3,G4,G5) [nonlinear] (kind=general, depends on [0, 1, 2, 3, 4, 5])
             S1: general(G0,G1,G2,G3,G4,G5) [nonlinear] (kind=general, depends on [0, 1, 2, 3, 4, 5])
             S2: general(G0,G1,G2,G3,G4,G5) [nonlinear] (kind=general, depends on [0, 1, 2, 3, 4, 5])
             S3: general(G0,G1,G2,G3,G4,G5) [nonlinear] (kind=general, depends on [0, 1, 2, 3, 4, 5])
             S4: general(G0,G1,G2,G3,G4,G5) [nonlinear] (kind=general, depends on [0, 1, 2, 3, 4, 5])
             S5: general(G0,G1,G2,G3,G4,G5) [nonlinear] (kind=general, depends on [0, 1, 2, 3, 4, 5])
             entropy reduction per guesser (out of 1.0): G0=0.95, G1=0.50, G2=0.68, G3=0.97, G4=0.71, G5=0.61
             ex1: items(G0=DOG, G1=DOG, G2=DOG, G3=CAT, G4=DOG, G5=CAT) -> lights(S0=ON, S1=ON, S2=OFF, S3=OFF, S4=OFF, S5=ON) -> guesses(G0=DOGok, G1=DOGok, G2=DOGok, G3=CATok, G4=DOGok, G5=DOGXX)  R=0.83
             ex2: items(G0=CAT, G1=DOG, G2=DOG, G3=DOG, G4=CAT, G5=CAT) -> lights(S0=OFF, S1=OFF, S2=ON, S3=ON, S4=ON, S5=OFF) -> guesses(G0=CATok, G1=CATXX, G2=DOGok, G3=DOGok, G4=CATok, G5=CATok)  R=0.83
             ex3: items(G0=DOG, G1=DOG, G2=CAT, G3=CAT, G4=DOG, G5=CAT) -> lights(S0=OFF, S1=ON, S2=OFF, S3=OFF, S4=OFF, S5=ON) -> guesses(G0=DOGok, G1=CATXX, G2=CATok, G3=CATok, G4=DOGok, G5=CATok)  R=0.83
             ex4: items(G0=DOG, G1=CAT, G2=DOG, G3=CAT, G4=DOG, G5=DOG) -> lights(S0=OFF, S1=ON, S2=OFF, S3=OFF, S4=OFF, S5=OFF) -> guesses(G0=DOGok, G1=CATok, G2=DOGok, G3=CATok, G4=DOGok, G5=DOGok)  R=1.00
             ex5: items(G0=CAT, G1=DOG, G2=CAT, G3=DOG, G4=CAT, G5=CAT) -> lights(S0=OFF, S1=OFF, S2=ON, S3=ON, S4=ON, S5=ON) -> guesses(G0=CATok, G1=CATXX, G2=CATok, G3=DOGok, G4=CATok, G5=CATok)  R=0.83

  seed  8  R=0.844  [exploiting joint channel (0.844)]  (48.7s)
           not perfect (0 tracking, 6 holistic, 0 pooling signallers)
             S0: general(G0,G1,G2,G3,G4,G5) [nonlinear] (kind=general, depends on [0, 1, 2, 3, 4, 5])
             S1: general(G0,G1,G2,G3,G4,G5) [nonlinear] (kind=general, depends on [0, 1, 2, 3, 4, 5])
             S2: general(G0,G1,G2,G3,G4,G5) [nonlinear] (kind=general, depends on [0, 1, 2, 3, 4, 5])
             S3: general(G0,G1,G2,G3,G4,G5) [nonlinear] (kind=general, depends on [0, 1, 2, 3, 4, 5])
             S4: general(G0,G1,G2,G3,G4,G5) [nonlinear] (kind=general, depends on [0, 1, 2, 3, 4, 5])
             S5: general(G0,G1,G2,G3,G4,G5) [nonlinear] (kind=general, depends on [0, 1, 2, 3, 4, 5])
             entropy reduction per guesser (out of 1.0): G0=0.54, G1=0.58, G2=0.69, G3=0.54, G4=0.94, G5=0.54
             ex1: items(G0=DOG, G1=DOG, G2=DOG, G3=CAT, G4=DOG, G5=DOG) -> lights(S0=ON, S1=OFF, S2=ON, S3=ON, S4=OFF, S5=ON) -> guesses(G0=DOGok, G1=DOGok, G2=DOGok, G3=DOGXX, G4=DOGok, G5=DOGok)  R=0.83
             ex2: items(G0=DOG, G1=DOG, G2=CAT, G3=DOG, G4=DOG, G5=DOG) -> lights(S0=ON, S1=OFF, S2=ON, S3=OFF, S4=OFF, S5=ON) -> guesses(G0=DOGok, G1=DOGok, G2=CATok, G3=DOGok, G4=DOGok, G5=DOGok)  R=1.00
             ex3: items(G0=DOG, G1=DOG, G2=DOG, G3=DOG, G4=CAT, G5=DOG) -> lights(S0=ON, S1=ON, S2=ON, S3=ON, S4=OFF, S5=ON) -> guesses(G0=DOGok, G1=DOGok, G2=DOGok, G3=DOGok, G4=CATok, G5=DOGok)  R=1.00
             ex4: items(G0=CAT, G1=DOG, G2=CAT, G3=DOG, G4=DOG, G5=DOG) -> lights(S0=ON, S1=OFF, S2=ON, S3=OFF, S4=OFF, S5=ON) -> guesses(G0=DOGXX, G1=DOGok, G2=CATok, G3=DOGok, G4=DOGok, G5=DOGok)  R=0.83
             ex5: items(G0=DOG, G1=CAT, G2=DOG, G3=CAT, G4=CAT, G5=CAT) -> lights(S0=OFF, S1=ON, S2=OFF, S3=ON, S4=ON, S5=OFF) -> guesses(G0=CATXX, G1=CATok, G2=DOGok, G3=CATok, G4=CATok, G5=CATok)  R=0.83

  seed  9  R=0.807  [exploiting joint channel (0.807)]  (49.1s)
           not perfect (1 tracking, 5 holistic, 0 pooling signallers)
             S0: track NOT G1                     (kind=dictator, depends on [1])
             S1: general(G0,G1,G2,G3,G4,G5) [nonlinear] (kind=general, depends on [0, 1, 2, 3, 4, 5])
             S2: general(G0,G1,G2,G3,G4,G5) [nonlinear] (kind=general, depends on [0, 1, 2, 3, 4, 5])
             S3: general(G0,G1,G2,G3,G4,G5) [nonlinear] (kind=general, depends on [0, 1, 2, 3, 4, 5])
             S4: general(G0,G1,G2,G3,G4,G5) [nonlinear] (kind=general, depends on [0, 1, 2, 3, 4, 5])
             S5: general(G0,G1,G2,G3,G4,G5) [nonlinear] (kind=general, depends on [0, 1, 2, 3, 4, 5])
             entropy reduction per guesser (out of 1.0): G0=0.52, G1=1.00, G2=0.47, G3=0.40, G4=0.40, G5=0.35
             ex1: items(G0=CAT, G1=CAT, G2=DOG, G3=CAT, G4=CAT, G5=CAT) -> lights(S0=ON, S1=OFF, S2=ON, S3=OFF, S4=OFF, S5=OFF) -> guesses(G0=CATok, G1=CATok, G2=CATXX, G3=CATok, G4=CATok, G5=CATok)  R=0.83
             ex2: items(G0=CAT, G1=CAT, G2=CAT, G3=CAT, G4=DOG, G5=DOG) -> lights(S0=ON, S1=OFF, S2=ON, S3=OFF, S4=OFF, S5=OFF) -> guesses(G0=CATok, G1=CATok, G2=CATok, G3=CATok, G4=CATXX, G5=CATXX)  R=0.67
             ex3: items(G0=CAT, G1=CAT, G2=CAT, G3=DOG, G4=DOG, G5=DOG) -> lights(S0=ON, S1=ON, S2=ON, S3=ON, S4=ON, S5=ON) -> guesses(G0=DOGXX, G1=CATok, G2=DOGXX, G3=DOGok, G4=DOGok, G5=DOGok)  R=0.67
             ex4: items(G0=CAT, G1=CAT, G2=DOG, G3=CAT, G4=CAT, G5=CAT) -> lights(S0=ON, S1=OFF, S2=ON, S3=OFF, S4=OFF, S5=OFF) -> guesses(G0=CATok, G1=CATok, G2=CATXX, G3=CATok, G4=CATok, G5=CATok)  R=0.83
             ex5: items(G0=DOG, G1=DOG, G2=DOG, G3=CAT, G4=DOG, G5=DOG) -> lights(S0=OFF, S1=ON, S2=OFF, S3=ON, S4=ON, S5=ON) -> guesses(G0=DOGok, G1=DOGok, G2=DOGok, G3=DOGXX, G4=DOGok, G5=DOGok)  R=0.83

  seed 10  R=0.740  [partial (0.740)]  (48.9s)
           not perfect (1 tracking, 5 holistic, 0 pooling signallers)
             S0: general(G0,G1,G2,G3,G4,G5) [nonlinear] (kind=general, depends on [0, 1, 2, 3, 4, 5])
             S1: track NOT G3                     (kind=dictator, depends on [3])
             S2: general(G0,G1,G2,G3,G4,G5) [nonlinear] (kind=general, depends on [0, 1, 2, 3, 4, 5])
             S3: general(G0,G1,G2,G3,G4,G5) [nonlinear] (kind=general, depends on [0, 1, 2, 3, 4, 5])
             S4: general(G0,G1,G2,G3,G4,G5) [nonlinear] (kind=general, depends on [0, 1, 2, 3, 4, 5])
             S5: general(G0,G1,G2,G3,G4,G5) [nonlinear] (kind=general, depends on [0, 1, 2, 3, 4, 5])
             entropy reduction per guesser (out of 1.0): G0=0.18, G1=0.40, G2=0.25, G3=1.00, G4=0.30, G5=0.19
             ex1: items(G0=DOG, G1=CAT, G2=DOG, G3=DOG, G4=CAT, G5=DOG) -> lights(S0=ON, S1=OFF, S2=OFF, S3=OFF, S4=OFF, S5=OFF) -> guesses(G0=DOGok, G1=DOGXX, G2=DOGok, G3=DOGok, G4=DOGXX, G5=DOGok)  R=0.67
             ex2: items(G0=DOG, G1=CAT, G2=CAT, G3=CAT, G4=DOG, G5=CAT) -> lights(S0=ON, S1=ON, S2=ON, S3=ON, S4=ON, S5=ON) -> guesses(G0=CATXX, G1=CATok, G2=CATok, G3=CATok, G4=CATXX, G5=CATok)  R=0.67
             ex3: items(G0=DOG, G1=CAT, G2=DOG, G3=DOG, G4=DOG, G5=DOG) -> lights(S0=OFF, S1=OFF, S2=OFF, S3=OFF, S4=OFF, S5=OFF) -> guesses(G0=DOGok, G1=DOGXX, G2=DOGok, G3=DOGok, G4=DOGok, G5=DOGok)  R=0.83
             ex4: items(G0=CAT, G1=CAT, G2=CAT, G3=DOG, G4=DOG, G5=CAT) -> lights(S0=ON, S1=OFF, S2=ON, S3=OFF, S4=OFF, S5=ON) -> guesses(G0=CATok, G1=CATok, G2=CATok, G3=DOGok, G4=CATXX, G5=CATok)  R=0.83
             ex5: items(G0=CAT, G1=DOG, G2=DOG, G3=CAT, G4=DOG, G5=CAT) -> lights(S0=OFF, S1=ON, S2=OFF, S3=ON, S4=OFF, S5=ON) -> guesses(G0=DOGXX, G1=DOGok, G2=DOGok, G3=CATok, G4=DOGok, G5=DOGXX)  R=0.67

  seed 11  R=0.875  [exploiting joint channel (0.875)]  (48.8s)
           not perfect (1 tracking, 5 holistic, 0 pooling signallers)
             S0: general(G0,G1,G2,G3,G4,G5) [nonlinear] (kind=general, depends on [0, 1, 2, 3, 4, 5])
             S1: general(G0,G1,G2,G3,G4,G5) [nonlinear] (kind=general, depends on [0, 1, 2, 3, 4, 5])
             S2: general(G0,G1,G2,G3,G4,G5) [nonlinear] (kind=general, depends on [0, 1, 2, 3, 4, 5])
             S3: track G1                         (kind=dictator, depends on [1])
             S4: general(G0,G1,G2,G3,G4,G5) [nonlinear] (kind=general, depends on [0, 1, 2, 3, 4, 5])
             S5: general(G0,G1,G2,G3,G4,G5) [nonlinear] (kind=general, depends on [0, 1, 2, 3, 4, 5])
             entropy reduction per guesser (out of 1.0): G0=1.00, G1=1.00, G2=0.35, G3=0.67, G4=0.93, G5=0.68
             ex1: items(G0=CAT, G1=DOG, G2=DOG, G3=CAT, G4=CAT, G5=DOG) -> lights(S0=ON, S1=OFF, S2=OFF, S3=ON, S4=OFF, S5=ON) -> guesses(G0=CATok, G1=DOGok, G2=DOGok, G3=CATok, G4=CATok, G5=DOGok)  R=1.00
             ex2: items(G0=DOG, G1=DOG, G2=CAT, G3=CAT, G4=DOG, G5=CAT) -> lights(S0=OFF, S1=ON, S2=ON, S3=ON, S4=ON, S5=ON) -> guesses(G0=DOGok, G1=DOGok, G2=CATok, G3=CATok, G4=DOGok, G5=CATok)  R=1.00
             ex3: items(G0=CAT, G1=CAT, G2=DOG, G3=CAT, G4=CAT, G5=CAT) -> lights(S0=ON, S1=OFF, S2=OFF, S3=OFF, S4=ON, S5=ON) -> guesses(G0=CATok, G1=CATok, G2=CATXX, G3=CATok, G4=CATok, G5=CATok)  R=0.83
             ex4: items(G0=CAT, G1=DOG, G2=DOG, G3=CAT, G4=CAT, G5=DOG) -> lights(S0=ON, S1=OFF, S2=OFF, S3=ON, S4=OFF, S5=ON) -> guesses(G0=CATok, G1=DOGok, G2=DOGok, G3=CATok, G4=CATok, G5=DOGok)  R=1.00
             ex5: items(G0=CAT, G1=CAT, G2=DOG, G3=CAT, G4=DOG, G5=CAT) -> lights(S0=OFF, S1=ON, S2=OFF, S3=OFF, S4=ON, S5=OFF) -> guesses(G0=CATok, G1=CATok, G2=CATXX, G3=CATok, G4=DOGok, G5=CATok)  R=0.83

  seed 12  R=0.904  [exploiting joint channel (0.904)]  (49.0s)
           not perfect (2 tracking, 4 holistic, 0 pooling signallers)
             S0: track G4                         (kind=dictator, depends on [4])
             S1: track G2                         (kind=dictator, depends on [2])
             S2: general(G0,G1,G2,G3,G5) [nonlinear] (kind=general, depends on [0, 1, 2, 3, 5])
             S3: general(G0,G1,G2,G3,G4,G5) [nonlinear] (kind=general, depends on [0, 1, 2, 3, 4, 5])
             S4: general(G0,G1,G2,G3,G4,G5) [nonlinear] (kind=general, depends on [0, 1, 2, 3, 4, 5])
             S5: general(G0,G1,G2,G3,G4,G5) [nonlinear] (kind=general, depends on [0, 1, 2, 3, 4, 5])
             entropy reduction per guesser (out of 1.0): G0=0.94, G1=0.41, G2=1.00, G3=0.97, G4=1.00, G5=0.59
             ex1: items(G0=CAT, G1=DOG, G2=DOG, G3=DOG, G4=CAT, G5=CAT) -> lights(S0=OFF, S1=ON, S2=OFF, S3=OFF, S4=OFF, S5=OFF) -> guesses(G0=CATok, G1=DOGok, G2=DOGok, G3=DOGok, G4=CATok, G5=CATok)  R=1.00
             ex2: items(G0=DOG, G1=DOG, G2=DOG, G3=DOG, G4=CAT, G5=DOG) -> lights(S0=OFF, S1=ON, S2=OFF, S3=ON, S4=OFF, S5=OFF) -> guesses(G0=DOGok, G1=DOGok, G2=DOGok, G3=DOGok, G4=CATok, G5=DOGok)  R=1.00
             ex3: items(G0=CAT, G1=DOG, G2=CAT, G3=CAT, G4=CAT, G5=DOG) -> lights(S0=OFF, S1=OFF, S2=ON, S3=ON, S4=ON, S5=OFF) -> guesses(G0=CATok, G1=DOGok, G2=CATok, G3=CATok, G4=CATok, G5=DOGok)  R=1.00
             ex4: items(G0=DOG, G1=DOG, G2=DOG, G3=CAT, G4=DOG, G5=DOG) -> lights(S0=ON, S1=ON, S2=ON, S3=ON, S4=ON, S5=ON) -> guesses(G0=DOGok, G1=DOGok, G2=DOGok, G3=CATok, G4=DOGok, G5=DOGok)  R=1.00
             ex5: items(G0=DOG, G1=DOG, G2=CAT, G3=CAT, G4=CAT, G5=DOG) -> lights(S0=OFF, S1=OFF, S2=ON, S3=ON, S4=ON, S5=ON) -> guesses(G0=DOGok, G1=DOGok, G2=CATok, G3=CATok, G4=CATok, G5=DOGok)  R=1.00

  seed 13  R=0.867  [exploiting joint channel (0.867)]  (48.7s)
           not perfect (0 tracking, 6 holistic, 0 pooling signallers)
             S0: general(G0,G1,G2,G3,G4,G5) [nonlinear] (kind=general, depends on [0, 1, 2, 3, 4, 5])
             S1: general(G0,G1,G2,G3,G4,G5) [nonlinear] (kind=general, depends on [0, 1, 2, 3, 4, 5])
             S2: general(G0,G1,G2,G3,G4,G5) [nonlinear] (kind=general, depends on [0, 1, 2, 3, 4, 5])
             S3: general(G0,G1,G2,G3,G4,G5) [nonlinear] (kind=general, depends on [0, 1, 2, 3, 4, 5])
             S4: general(G0,G2,G3,G4,G5) [nonlinear] (kind=general, depends on [0, 2, 3, 4, 5])
             S5: general(G0,G1,G2,G3,G4,G5) [nonlinear] (kind=general, depends on [0, 1, 2, 3, 4, 5])
             entropy reduction per guesser (out of 1.0): G0=0.91, G1=0.39, G2=0.86, G3=0.69, G4=0.73, G5=0.79
             ex1: items(G0=CAT, G1=CAT, G2=DOG, G3=CAT, G4=DOG, G5=CAT) -> lights(S0=ON, S1=OFF, S2=OFF, S3=OFF, S4=OFF, S5=OFF) -> guesses(G0=CATok, G1=CATok, G2=DOGok, G3=CATok, G4=DOGok, G5=CATok)  R=1.00
             ex2: items(G0=CAT, G1=DOG, G2=CAT, G3=DOG, G4=CAT, G5=CAT) -> lights(S0=OFF, S1=OFF, S2=OFF, S3=OFF, S4=OFF, S5=ON) -> guesses(G0=CATok, G1=CATXX, G2=CATok, G3=DOGok, G4=CATok, G5=CATok)  R=0.83
             ex3: items(G0=CAT, G1=CAT, G2=DOG, G3=CAT, G4=DOG, G5=DOG) -> lights(S0=ON, S1=OFF, S2=OFF, S3=OFF, S4=OFF, S5=OFF) -> guesses(G0=CATok, G1=CATok, G2=DOGok, G3=CATok, G4=DOGok, G5=CATXX)  R=0.83
             ex4: items(G0=DOG, G1=DOG, G2=DOG, G3=CAT, G4=CAT, G5=DOG) -> lights(S0=ON, S1=OFF, S2=ON, S3=OFF, S4=ON, S5=ON) -> guesses(G0=DOGok, G1=DOGok, G2=DOGok, G3=CATok, G4=CATok, G5=DOGok)  R=1.00
             ex5: items(G0=DOG, G1=DOG, G2=DOG, G3=CAT, G4=DOG, G5=DOG) -> lights(S0=ON, S1=OFF, S2=ON, S3=ON, S4=ON, S5=ON) -> guesses(G0=DOGok, G1=DOGok, G2=DOGok, G3=DOGXX, G4=DOGok, G5=DOGok)  R=0.83

  seed 14  R=0.849  [exploiting joint channel (0.849)]  (48.2s)
           not perfect (1 tracking, 5 holistic, 0 pooling signallers)
             S0: general(G1,G2,G3,G4,G5) [nonlinear] (kind=general, depends on [1, 2, 3, 4, 5])
             S1: general(G0,G1,G2,G3,G4,G5) [nonlinear] (kind=general, depends on [0, 1, 2, 3, 4, 5])
             S2: track G5                         (kind=dictator, depends on [5])
             S3: general(G0,G1,G2,G3,G4,G5) [nonlinear] (kind=general, depends on [0, 1, 2, 3, 4, 5])
             S4: general(G0,G1,G2,G3,G4,G5) [nonlinear] (kind=general, depends on [0, 1, 2, 3, 4, 5])
             S5: general(G0,G1,G2,G3,G4,G5) [nonlinear] (kind=general, depends on [0, 1, 2, 3, 4, 5])
             entropy reduction per guesser (out of 1.0): G0=0.63, G1=0.91, G2=0.50, G3=0.31, G4=0.84, G5=1.00
             ex1: items(G0=DOG, G1=DOG, G2=CAT, G3=CAT, G4=DOG, G5=CAT) -> lights(S0=OFF, S1=OFF, S2=OFF, S3=OFF, S4=OFF, S5=OFF) -> guesses(G0=DOGok, G1=DOGok, G2=DOGXX, G3=DOGXX, G4=DOGok, G5=CATok)  R=0.67
             ex2: items(G0=CAT, G1=DOG, G2=CAT, G3=DOG, G4=CAT, G5=CAT) -> lights(S0=OFF, S1=ON, S2=OFF, S3=ON, S4=OFF, S5=ON) -> guesses(G0=CATok, G1=DOGok, G2=CATok, G3=CATXX, G4=CATok, G5=CATok)  R=0.83
             ex3: items(G0=CAT, G1=CAT, G2=DOG, G3=DOG, G4=CAT, G5=DOG) -> lights(S0=ON, S1=ON, S2=ON, S3=ON, S4=OFF, S5=ON) -> guesses(G0=CATok, G1=CATok, G2=CATXX, G3=CATXX, G4=CATok, G5=DOGok)  R=0.67
             ex4: items(G0=DOG, G1=CAT, G2=CAT, G3=DOG, G4=CAT, G5=CAT) -> lights(S0=ON, S1=ON, S2=OFF, S3=OFF, S4=OFF, S5=OFF) -> guesses(G0=DOGok, G1=CATok, G2=DOGXX, G3=CATXX, G4=CATok, G5=CATok)  R=0.67
             ex5: items(G0=DOG, G1=CAT, G2=CAT, G3=DOG, G4=CAT, G5=DOG) -> lights(S0=ON, S1=OFF, S2=ON, S3=OFF, S4=OFF, S5=ON) -> guesses(G0=DOGok, G1=CATok, G2=DOGXX, G3=CATXX, G4=CATok, G5=DOGok)  R=0.67

  seed 15  R=0.823  [exploiting joint channel (0.823)]  (49.5s)
           not perfect (1 tracking, 5 holistic, 0 pooling signallers)
             S0: general(G0,G1,G2,G3,G4,G5) [nonlinear] (kind=general, depends on [0, 1, 2, 3, 4, 5])
             S1: general(G0,G1,G2,G3,G4,G5) [nonlinear] (kind=general, depends on [0, 1, 2, 3, 4, 5])
             S2: general(G0,G1,G2,G3,G4,G5) [nonlinear] (kind=general, depends on [0, 1, 2, 3, 4, 5])
             S3: general(G0,G1,G2,G3,G4,G5) [nonlinear] (kind=general, depends on [0, 1, 2, 3, 4, 5])
             S4: track NOT G0                     (kind=dictator, depends on [0])
             S5: general(G0,G1,G2,G4,G5) [nonlinear] (kind=general, depends on [0, 1, 2, 4, 5])
             entropy reduction per guesser (out of 1.0): G0=1.00, G1=0.60, G2=0.90, G3=0.37, G4=0.36, G5=0.59
             ex1: items(G0=CAT, G1=CAT, G2=DOG, G3=DOG, G4=DOG, G5=DOG) -> lights(S0=OFF, S1=ON, S2=OFF, S3=OFF, S4=ON, S5=OFF) -> guesses(G0=CATok, G1=DOGXX, G2=DOGok, G3=DOGok, G4=DOGok, G5=DOGok)  R=0.83
             ex2: items(G0=CAT, G1=CAT, G2=CAT, G3=DOG, G4=DOG, G5=DOG) -> lights(S0=OFF, S1=OFF, S2=OFF, S3=OFF, S4=ON, S5=ON) -> guesses(G0=CATok, G1=DOGXX, G2=CATok, G3=DOGok, G4=DOGok, G5=DOGok)  R=0.83
             ex3: items(G0=DOG, G1=DOG, G2=CAT, G3=DOG, G4=CAT, G5=CAT) -> lights(S0=OFF, S1=ON, S2=OFF, S3=ON, S4=OFF, S5=ON) -> guesses(G0=DOGok, G1=CATXX, G2=CATok, G3=CATXX, G4=CATok, G5=DOGXX)  R=0.50
             ex4: items(G0=CAT, G1=DOG, G2=CAT, G3=DOG, G4=DOG, G5=DOG) -> lights(S0=OFF, S1=OFF, S2=OFF, S3=OFF, S4=ON, S5=ON) -> guesses(G0=CATok, G1=DOGok, G2=CATok, G3=DOGok, G4=DOGok, G5=DOGok)  R=1.00
             ex5: items(G0=DOG, G1=DOG, G2=DOG, G3=CAT, G4=DOG, G5=DOG) -> lights(S0=OFF, S1=OFF, S2=OFF, S3=OFF, S4=OFF, S5=OFF) -> guesses(G0=DOGok, G1=DOGok, G2=DOGok, G3=DOGXX, G4=DOGok, G5=DOGok)  R=0.83

  seed 16  R=0.898  [exploiting joint channel (0.898)]  (48.7s)
           not perfect (0 tracking, 6 holistic, 0 pooling signallers)
             S0: general(G0,G1,G2,G3,G4,G5) [nonlinear] (kind=general, depends on [0, 1, 2, 3, 4, 5])
             S1: general(G0,G1,G3,G4,G5) [nonlinear] (kind=general, depends on [0, 1, 3, 4, 5])
             S2: general(G0,G1,G2,G3,G4,G5) [nonlinear] (kind=general, depends on [0, 1, 2, 3, 4, 5])
             S3: general(G0,G1,G2,G3,G4,G5) [nonlinear] (kind=general, depends on [0, 1, 2, 3, 4, 5])
             S4: general(G0,G1,G2,G3,G4,G5) [nonlinear] (kind=general, depends on [0, 1, 2, 3, 4, 5])
             S5: general(G0,G1,G2,G3,G4,G5) [nonlinear] (kind=general, depends on [0, 1, 2, 3, 4, 5])
             entropy reduction per guesser (out of 1.0): G0=0.81, G1=0.96, G2=0.79, G3=0.68, G4=0.61, G5=0.95
             ex1: items(G0=CAT, G1=DOG, G2=DOG, G3=DOG, G4=CAT, G5=CAT) -> lights(S0=OFF, S1=OFF, S2=OFF, S3=ON, S4=OFF, S5=ON) -> guesses(G0=CATok, G1=DOGok, G2=DOGok, G3=CATXX, G4=CATok, G5=CATok)  R=0.83
             ex2: items(G0=CAT, G1=DOG, G2=DOG, G3=CAT, G4=CAT, G5=DOG) -> lights(S0=OFF, S1=OFF, S2=OFF, S3=ON, S4=ON, S5=ON) -> guesses(G0=CATok, G1=DOGok, G2=DOGok, G3=CATok, G4=CATok, G5=DOGok)  R=1.00
             ex3: items(G0=DOG, G1=CAT, G2=DOG, G3=CAT, G4=CAT, G5=CAT) -> lights(S0=OFF, S1=OFF, S2=OFF, S3=OFF, S4=OFF, S5=OFF) -> guesses(G0=DOGok, G1=DOGXX, G2=DOGok, G3=CATok, G4=CATok, G5=CATok)  R=0.83
             ex4: items(G0=DOG, G1=DOG, G2=CAT, G3=DOG, G4=CAT, G5=DOG) -> lights(S0=ON, S1=ON, S2=ON, S3=ON, S4=ON, S5=ON) -> guesses(G0=DOGok, G1=DOGok, G2=CATok, G3=DOGok, G4=DOGXX, G5=DOGok)  R=0.83
             ex5: items(G0=CAT, G1=CAT, G2=DOG, G3=CAT, G4=DOG, G5=CAT) -> lights(S0=ON, S1=OFF, S2=ON, S3=OFF, S4=OFF, S5=ON) -> guesses(G0=CATok, G1=CATok, G2=CATXX, G3=CATok, G4=DOGok, G5=CATok)  R=0.83

  seed 17  R=0.823  [exploiting joint channel (0.823)]  (49.4s)
           not perfect (0 tracking, 6 holistic, 0 pooling signallers)
             S0: general(G0,G1,G2,G3,G4,G5) [nonlinear] (kind=general, depends on [0, 1, 2, 3, 4, 5])
             S1: general(G0,G1,G2,G3,G4,G5) [nonlinear] (kind=general, depends on [0, 1, 2, 3, 4, 5])
             S2: general(G0,G1,G2,G3,G4,G5) [nonlinear] (kind=general, depends on [0, 1, 2, 3, 4, 5])
             S3: general(G0,G1,G2,G3,G4,G5) [nonlinear] (kind=general, depends on [0, 1, 2, 3, 4, 5])
             S4: general(G0,G1,G2,G3,G4,G5) [nonlinear] (kind=general, depends on [0, 1, 2, 3, 4, 5])
             S5: general(G0,G1,G2,G3,G4,G5) [nonlinear] (kind=general, depends on [0, 1, 2, 3, 4, 5])
             entropy reduction per guesser (out of 1.0): G0=0.64, G1=0.66, G2=0.57, G3=0.72, G4=0.41, G5=0.71
             ex1: items(G0=DOG, G1=CAT, G2=CAT, G3=CAT, G4=CAT, G5=DOG) -> lights(S0=ON, S1=OFF, S2=ON, S3=OFF, S4=OFF, S5=ON) -> guesses(G0=CATXX, G1=CATok, G2=CATok, G3=CATok, G4=CATok, G5=DOGok)  R=0.83
             ex2: items(G0=CAT, G1=DOG, G2=CAT, G3=DOG, G4=DOG, G5=CAT) -> lights(S0=OFF, S1=ON, S2=ON, S3=ON, S4=ON, S5=ON) -> guesses(G0=DOGXX, G1=DOGok, G2=CATok, G3=DOGok, G4=DOGok, G5=CATok)  R=0.83
             ex3: items(G0=DOG, G1=CAT, G2=DOG, G3=CAT, G4=CAT, G5=CAT) -> lights(S0=ON, S1=ON, S2=ON, S3=ON, S4=ON, S5=ON) -> guesses(G0=DOGok, G1=DOGXX, G2=CATXX, G3=CATok, G4=CATok, G5=CATok)  R=0.67
             ex4: items(G0=DOG, G1=CAT, G2=CAT, G3=DOG, G4=DOG, G5=DOG) -> lights(S0=OFF, S1=OFF, S2=ON, S3=OFF, S4=OFF, S5=OFF) -> guesses(G0=CATXX, G1=CATok, G2=CATok, G3=DOGok, G4=DOGok, G5=DOGok)  R=0.83
             ex5: items(G0=DOG, G1=DOG, G2=CAT, G3=DOG, G4=CAT, G5=CAT) -> lights(S0=ON, S1=ON, S2=ON, S3=ON, S4=ON, S5=ON) -> guesses(G0=DOGok, G1=DOGok, G2=CATok, G3=CATXX, G4=CATok, G5=CATok)  R=0.83

  seed 18  R=0.841  [exploiting joint channel (0.841)]  (48.8s)
           not perfect (0 tracking, 6 holistic, 0 pooling signallers)
             S0: general(G0,G1,G2,G3,G4,G5) [nonlinear] (kind=general, depends on [0, 1, 2, 3, 4, 5])
             S1: general(G0,G1,G2,G4,G5) [nonlinear] (kind=general, depends on [0, 1, 2, 4, 5])
             S2: general(G0,G1,G2,G3,G4,G5) [nonlinear] (kind=general, depends on [0, 1, 2, 3, 4, 5])
             S3: general(G0,G1,G2,G3,G4,G5) [nonlinear] (kind=general, depends on [0, 1, 2, 3, 4, 5])
             S4: general(G0,G1,G2,G3,G4,G5) [nonlinear] (kind=general, depends on [0, 1, 2, 3, 4, 5])
             S5: general(G0,G1,G2,G3,G4,G5) [nonlinear] (kind=general, depends on [0, 1, 2, 3, 4, 5])
             entropy reduction per guesser (out of 1.0): G0=0.91, G1=0.56, G2=0.77, G3=0.56, G4=0.90, G5=0.37
             ex1: items(G0=CAT, G1=CAT, G2=DOG, G3=CAT, G4=DOG, G5=CAT) -> lights(S0=OFF, S1=OFF, S2=ON, S3=ON, S4=ON, S5=OFF) -> guesses(G0=CATok, G1=CATok, G2=CATXX, G3=CATok, G4=DOGok, G5=CATok)  R=0.83
             ex2: items(G0=CAT, G1=CAT, G2=CAT, G3=CAT, G4=DOG, G5=CAT) -> lights(S0=OFF, S1=OFF, S2=ON, S3=ON, S4=ON, S5=OFF) -> guesses(G0=CATok, G1=CATok, G2=CATok, G3=CATok, G4=DOGok, G5=CATok)  R=1.00
             ex3: items(G0=DOG, G1=CAT, G2=CAT, G3=DOG, G4=DOG, G5=DOG) -> lights(S0=OFF, S1=ON, S2=ON, S3=ON, S4=OFF, S5=OFF) -> guesses(G0=DOGok, G1=CATok, G2=CATok, G3=DOGok, G4=DOGok, G5=CATXX)  R=0.83
             ex4: items(G0=CAT, G1=CAT, G2=CAT, G3=DOG, G4=CAT, G5=DOG) -> lights(S0=OFF, S1=OFF, S2=OFF, S3=OFF, S4=OFF, S5=ON) -> guesses(G0=CATok, G1=DOGXX, G2=CATok, G3=DOGok, G4=CATok, G5=DOGok)  R=0.83
             ex5: items(G0=DOG, G1=DOG, G2=CAT, G3=DOG, G4=DOG, G5=CAT) -> lights(S0=OFF, S1=ON, S2=ON, S3=ON, S4=ON, S5=ON) -> guesses(G0=DOGok, G1=DOGok, G2=CATok, G3=DOGok, G4=DOGok, G5=CATok)  R=1.00

  seed 19  R=0.846  [exploiting joint channel (0.846)]  (49.0s)
           not perfect (0 tracking, 6 holistic, 0 pooling signallers)
             S0: general(G0,G1,G2,G3,G4,G5) [nonlinear] (kind=general, depends on [0, 1, 2, 3, 4, 5])
             S1: general(G0,G1,G2,G3,G4,G5) [nonlinear] (kind=general, depends on [0, 1, 2, 3, 4, 5])
             S2: general(G0,G1,G2,G3,G4,G5) [nonlinear] (kind=general, depends on [0, 1, 2, 3, 4, 5])
             S3: general(G0,G1,G2,G3,G4,G5) [nonlinear] (kind=general, depends on [0, 1, 2, 3, 4, 5])
             S4: general(G1,G3,G4,G5) [nonlinear] (kind=general, depends on [1, 3, 4, 5])
             S5: general(G0,G1,G2,G3,G4,G5) [nonlinear] (kind=general, depends on [0, 1, 2, 3, 4, 5])
             entropy reduction per guesser (out of 1.0): G0=0.51, G1=0.81, G2=0.51, G3=0.74, G4=0.89, G5=0.76
             ex1: items(G0=CAT, G1=CAT, G2=CAT, G3=CAT, G4=DOG, G5=DOG) -> lights(S0=ON, S1=ON, S2=ON, S3=ON, S4=ON, S5=ON) -> guesses(G0=CATok, G1=DOGXX, G2=CATok, G3=CATok, G4=DOGok, G5=DOGok)  R=0.83
             ex2: items(G0=CAT, G1=CAT, G2=DOG, G3=DOG, G4=CAT, G5=DOG) -> lights(S0=ON, S1=OFF, S2=OFF, S3=OFF, S4=ON, S5=ON) -> guesses(G0=CATok, G1=CATok, G2=CATXX, G3=DOGok, G4=CATok, G5=DOGok)  R=0.83
             ex3: items(G0=DOG, G1=DOG, G2=DOG, G3=CAT, G4=CAT, G5=CAT) -> lights(S0=ON, S1=OFF, S2=OFF, S3=ON, S4=OFF, S5=OFF) -> guesses(G0=DOGok, G1=DOGok, G2=DOGok, G3=CATok, G4=DOGXX, G5=CATok)  R=0.83
             ex4: items(G0=CAT, G1=DOG, G2=CAT, G3=CAT, G4=CAT, G5=DOG) -> lights(S0=ON, S1=OFF, S2=ON, S3=ON, S4=ON, S5=ON) -> guesses(G0=CATok, G1=DOGok, G2=CATok, G3=CATok, G4=DOGXX, G5=DOGok)  R=0.83
             ex5: items(G0=CAT, G1=DOG, G2=DOG, G3=CAT, G4=CAT, G5=CAT) -> lights(S0=OFF, S1=OFF, S2=ON, S3=ON, S4=OFF, S5=OFF) -> guesses(G0=CATok, G1=DOGok, G2=DOGok, G3=CATok, G4=DOGXX, G5=CATok)  R=0.83

  seed 20  R=0.807  [exploiting joint channel (0.807)]  (49.3s)
           not perfect (0 tracking, 6 holistic, 0 pooling signallers)
             S0: general(G0,G1,G2,G3,G4,G5) [nonlinear] (kind=general, depends on [0, 1, 2, 3, 4, 5])
             S1: general(G0,G1,G2,G3,G4,G5) [nonlinear] (kind=general, depends on [0, 1, 2, 3, 4, 5])
             S2: general(G0,G1,G2,G3,G4,G5) [nonlinear] (kind=general, depends on [0, 1, 2, 3, 4, 5])
             S3: general(G0,G1,G2,G3,G4,G5) [nonlinear] (kind=general, depends on [0, 1, 2, 3, 4, 5])
             S4: general(G0,G1,G2,G3,G4,G5) [nonlinear] (kind=general, depends on [0, 1, 2, 3, 4, 5])
             S5: general(G0,G1,G2,G3,G4,G5) [nonlinear] (kind=general, depends on [0, 1, 2, 3, 4, 5])
             entropy reduction per guesser (out of 1.0): G0=0.45, G1=0.67, G2=0.83, G3=0.28, G4=0.49, G5=0.47
             ex1: items(G0=CAT, G1=DOG, G2=DOG, G3=CAT, G4=CAT, G5=CAT) -> lights(S0=OFF, S1=OFF, S2=OFF, S3=OFF, S4=OFF, S5=OFF) -> guesses(G0=CATok, G1=DOGok, G2=DOGok, G3=DOGXX, G4=DOGXX, G5=DOGXX)  R=0.50
             ex2: items(G0=CAT, G1=CAT, G2=CAT, G3=CAT, G4=DOG, G5=DOG) -> lights(S0=OFF, S1=ON, S2=ON, S3=ON, S4=ON, S5=ON) -> guesses(G0=CATok, G1=CATok, G2=CATok, G3=CATok, G4=DOGok, G5=CATXX)  R=0.83
             ex3: items(G0=DOG, G1=DOG, G2=DOG, G3=DOG, G4=CAT, G5=DOG) -> lights(S0=ON, S1=OFF, S2=OFF, S3=ON, S4=OFF, S5=OFF) -> guesses(G0=DOGok, G1=DOGok, G2=DOGok, G3=DOGok, G4=DOGXX, G5=DOGok)  R=0.83
             ex4: items(G0=DOG, G1=DOG, G2=DOG, G3=DOG, G4=DOG, G5=CAT) -> lights(S0=ON, S1=OFF, S2=OFF, S3=ON, S4=OFF, S5=OFF) -> guesses(G0=DOGok, G1=DOGok, G2=DOGok, G3=DOGok, G4=DOGok, G5=DOGXX)  R=0.83
             ex5: items(G0=DOG, G1=CAT, G2=DOG, G3=CAT, G4=DOG, G5=CAT) -> lights(S0=OFF, S1=ON, S2=ON, S3=ON, S4=ON, S5=ON) -> guesses(G0=CATXX, G1=CATok, G2=CATXX, G3=CATok, G4=DOGok, G5=CATok)  R=0.67

  seed 21  R=0.885  [exploiting joint channel (0.885)]  (48.8s)
           not perfect (1 tracking, 5 holistic, 0 pooling signallers)
             S0: general(G0,G1,G2,G3,G4,G5) [nonlinear] (kind=general, depends on [0, 1, 2, 3, 4, 5])
             S1: general(G0,G1,G2,G3,G4,G5) [nonlinear] (kind=general, depends on [0, 1, 2, 3, 4, 5])
             S2: track G4                         (kind=dictator, depends on [4])
             S3: general(G1,G2,G3,G4,G5) [nonlinear] (kind=general, depends on [1, 2, 3, 4, 5])
             S4: general(G0,G1,G2,G3,G4,G5) [nonlinear] (kind=general, depends on [0, 1, 2, 3, 4, 5])
             S5: general(G0,G1,G2,G3,G4,G5) [nonlinear] (kind=general, depends on [0, 1, 2, 3, 4, 5])
             entropy reduction per guesser (out of 1.0): G0=0.76, G1=0.58, G2=0.53, G3=0.91, G4=1.00, G5=0.81
             ex1: items(G0=CAT, G1=CAT, G2=CAT, G3=DOG, G4=DOG, G5=DOG) -> lights(S0=OFF, S1=OFF, S2=ON, S3=ON, S4=OFF, S5=OFF) -> guesses(G0=DOGXX, G1=CATok, G2=CATok, G3=DOGok, G4=DOGok, G5=DOGok)  R=0.83
             ex2: items(G0=DOG, G1=CAT, G2=DOG, G3=DOG, G4=DOG, G5=DOG) -> lights(S0=OFF, S1=OFF, S2=ON, S3=ON, S4=OFF, S5=ON) -> guesses(G0=DOGok, G1=CATok, G2=CATXX, G3=DOGok, G4=DOGok, G5=DOGok)  R=0.83
             ex3: items(G0=CAT, G1=DOG, G2=DOG, G3=CAT, G4=DOG, G5=CAT) -> lights(S0=ON, S1=ON, S2=ON, S3=OFF, S4=ON, S5=ON) -> guesses(G0=CATok, G1=DOGok, G2=DOGok, G3=CATok, G4=DOGok, G5=CATok)  R=1.00
             ex4: items(G0=DOG, G1=DOG, G2=DOG, G3=DOG, G4=CAT, G5=DOG) -> lights(S0=ON, S1=OFF, S2=OFF, S3=ON, S4=ON, S5=ON) -> guesses(G0=CATXX, G1=DOGok, G2=DOGok, G3=DOGok, G4=CATok, G5=DOGok)  R=0.83
             ex5: items(G0=CAT, G1=CAT, G2=CAT, G3=DOG, G4=CAT, G5=DOG) -> lights(S0=OFF, S1=OFF, S2=OFF, S3=ON, S4=OFF, S5=OFF) -> guesses(G0=DOGXX, G1=CATok, G2=CATok, G3=DOGok, G4=CATok, G5=DOGok)  R=0.83

  seed 22  R=0.826  [exploiting joint channel (0.826)]  (48.9s)
           not perfect (0 tracking, 6 holistic, 0 pooling signallers)
             S0: general(G0,G1,G2,G3,G4,G5) [nonlinear] (kind=general, depends on [0, 1, 2, 3, 4, 5])
             S1: general(G0,G1,G2,G3,G4,G5) [nonlinear] (kind=general, depends on [0, 1, 2, 3, 4, 5])
             S2: general(G0,G1,G2,G3,G4,G5) [nonlinear] (kind=general, depends on [0, 1, 2, 3, 4, 5])
             S3: general(G0,G1,G2,G3,G4,G5) [nonlinear] (kind=general, depends on [0, 1, 2, 3, 4, 5])
             S4: general(G0,G1,G2,G3,G4,G5) [nonlinear] (kind=general, depends on [0, 1, 2, 3, 4, 5])
             S5: general(G0,G1,G2,G3,G4,G5) [nonlinear] (kind=general, depends on [0, 1, 2, 3, 4, 5])
             entropy reduction per guesser (out of 1.0): G0=0.78, G1=0.61, G2=0.66, G3=0.48, G4=0.80, G5=0.61
             ex1: items(G0=CAT, G1=CAT, G2=CAT, G3=DOG, G4=CAT, G5=DOG) -> lights(S0=ON, S1=OFF, S2=OFF, S3=ON, S4=OFF, S5=OFF) -> guesses(G0=DOGXX, G1=CATok, G2=CATok, G3=DOGok, G4=CATok, G5=DOGok)  R=0.83
             ex2: items(G0=CAT, G1=DOG, G2=CAT, G3=DOG, G4=DOG, G5=CAT) -> lights(S0=ON, S1=ON, S2=ON, S3=ON, S4=ON, S5=OFF) -> guesses(G0=CATok, G1=DOGok, G2=CATok, G3=DOGok, G4=DOGok, G5=CATok)  R=1.00
             ex3: items(G0=DOG, G1=DOG, G2=CAT, G3=CAT, G4=CAT, G5=DOG) -> lights(S0=OFF, S1=OFF, S2=OFF, S3=ON, S4=OFF, S5=OFF) -> guesses(G0=DOGok, G1=DOGok, G2=CATok, G3=DOGXX, G4=CATok, G5=DOGok)  R=0.83
             ex4: items(G0=CAT, G1=CAT, G2=DOG, G3=DOG, G4=DOG, G5=DOG) -> lights(S0=ON, S1=ON, S2=ON, S3=OFF, S4=ON, S5=OFF) -> guesses(G0=CATok, G1=CATok, G2=CATXX, G3=DOGok, G4=DOGok, G5=CATXX)  R=0.67
             ex5: items(G0=CAT, G1=CAT, G2=DOG, G3=DOG, G4=CAT, G5=DOG) -> lights(S0=OFF, S1=OFF, S2=OFF, S3=OFF, S4=OFF, S5=ON) -> guesses(G0=DOGXX, G1=CATok, G2=DOGok, G3=DOGok, G4=CATok, G5=DOGok)  R=0.83

  seed 23  R=0.826  [exploiting joint channel (0.826)]  (49.5s)
           not perfect (1 tracking, 5 holistic, 0 pooling signallers)
             S0: general(G0,G1,G2,G3,G4,G5) [nonlinear] (kind=general, depends on [0, 1, 2, 3, 4, 5])
             S1: general(G0,G1,G2,G3,G4,G5) [nonlinear] (kind=general, depends on [0, 1, 2, 3, 4, 5])
             S2: track G4                         (kind=dictator, depends on [4])
             S3: general(G0,G1,G2,G3,G4,G5) [nonlinear] (kind=general, depends on [0, 1, 2, 3, 4, 5])
             S4: general(G0,G1,G2,G3,G4,G5) [nonlinear] (kind=general, depends on [0, 1, 2, 3, 4, 5])
             S5: general(G0,G1,G2,G3,G4,G5) [nonlinear] (kind=general, depends on [0, 1, 2, 3, 4, 5])
             entropy reduction per guesser (out of 1.0): G0=0.38, G1=0.34, G2=0.78, G3=0.44, G4=1.00, G5=0.40
             ex1: items(G0=DOG, G1=CAT, G2=CAT, G3=DOG, G4=DOG, G5=CAT) -> lights(S0=ON, S1=OFF, S2=ON, S3=ON, S4=OFF, S5=OFF) -> guesses(G0=DOGok, G1=CATok, G2=CATok, G3=DOGok, G4=DOGok, G5=DOGXX)  R=0.83
             ex2: items(G0=CAT, G1=DOG, G2=CAT, G3=DOG, G4=CAT, G5=DOG) -> lights(S0=ON, S1=OFF, S2=OFF, S3=ON, S4=ON, S5=OFF) -> guesses(G0=DOGXX, G1=CATXX, G2=CATok, G3=DOGok, G4=CATok, G5=DOGok)  R=0.67
             ex3: items(G0=DOG, G1=CAT, G2=DOG, G3=DOG, G4=DOG, G5=DOG) -> lights(S0=ON, S1=ON, S2=ON, S3=ON, S4=ON, S5=ON) -> guesses(G0=DOGok, G1=DOGXX, G2=DOGok, G3=DOGok, G4=DOGok, G5=DOGok)  R=0.83
             ex4: items(G0=DOG, G1=CAT, G2=CAT, G3=DOG, G4=CAT, G5=DOG) -> lights(S0=ON, S1=OFF, S2=OFF, S3=ON, S4=OFF, S5=OFF) -> guesses(G0=DOGok, G1=CATok, G2=CATok, G3=DOGok, G4=CATok, G5=DOGok)  R=1.00
             ex5: items(G0=DOG, G1=CAT, G2=CAT, G3=DOG, G4=CAT, G5=CAT) -> lights(S0=ON, S1=OFF, S2=OFF, S3=OFF, S4=OFF, S5=OFF) -> guesses(G0=CATXX, G1=CATok, G2=CATok, G3=DOGok, G4=CATok, G5=CATok)  R=0.83

  seed 24  R=0.831  [exploiting joint channel (0.831)]  (48.9s)
           not perfect (0 tracking, 6 holistic, 0 pooling signallers)
             S0: general(G0,G1,G2,G3,G4) [nonlinear] (kind=general, depends on [0, 1, 2, 3, 4])
             S1: general(G0,G1,G2,G3,G4,G5) [nonlinear] (kind=general, depends on [0, 1, 2, 3, 4, 5])
             S2: general(G0,G1,G2,G3,G4,G5) [nonlinear] (kind=general, depends on [0, 1, 2, 3, 4, 5])
             S3: general(G0,G1,G2,G3,G4,G5) [nonlinear] (kind=general, depends on [0, 1, 2, 3, 4, 5])
             S4: general(G0,G1,G2,G3,G4,G5) [nonlinear] (kind=general, depends on [0, 1, 2, 3, 4, 5])
             S5: general(G0,G2,G3,G4,G5) [nonlinear] (kind=general, depends on [0, 2, 3, 4, 5])
             entropy reduction per guesser (out of 1.0): G0=0.71, G1=0.46, G2=0.92, G3=0.59, G4=0.74, G5=0.87
             ex1: items(G0=CAT, G1=DOG, G2=DOG, G3=CAT, G4=CAT, G5=CAT) -> lights(S0=ON, S1=ON, S2=ON, S3=ON, S4=ON, S5=ON) -> guesses(G0=CATok, G1=CATXX, G2=DOGok, G3=CATok, G4=CATok, G5=CATok)  R=0.83
             ex2: items(G0=CAT, G1=DOG, G2=CAT, G3=CAT, G4=CAT, G5=CAT) -> lights(S0=ON, S1=ON, S2=OFF, S3=OFF, S4=OFF, S5=ON) -> guesses(G0=CATok, G1=CATXX, G2=CATok, G3=CATok, G4=CATok, G5=CATok)  R=0.83
             ex3: items(G0=CAT, G1=DOG, G2=DOG, G3=DOG, G4=CAT, G5=DOG) -> lights(S0=OFF, S1=ON, S2=OFF, S3=OFF, S4=ON, S5=OFF) -> guesses(G0=DOGXX, G1=DOGok, G2=DOGok, G3=DOGok, G4=CATok, G5=DOGok)  R=0.83
             ex4: items(G0=CAT, G1=CAT, G2=CAT, G3=CAT, G4=CAT, G5=CAT) -> lights(S0=ON, S1=ON, S2=ON, S3=OFF, S4=OFF, S5=ON) -> guesses(G0=CATok, G1=CATok, G2=CATok, G3=CATok, G4=DOGXX, G5=CATok)  R=0.83
             ex5: items(G0=CAT, G1=DOG, G2=CAT, G3=CAT, G4=DOG, G5=CAT) -> lights(S0=ON, S1=OFF, S2=ON, S3=OFF, S4=OFF, S5=ON) -> guesses(G0=CATok, G1=CATXX, G2=CATok, G3=CATok, G4=DOGok, G5=CATok)  R=0.83

  seed 25  R=0.844  [exploiting joint channel (0.844)]  (49.2s)
           not perfect (0 tracking, 6 holistic, 0 pooling signallers)
             S0: general(G0,G1,G2,G3,G4,G5) [nonlinear] (kind=general, depends on [0, 1, 2, 3, 4, 5])
             S1: general(G0,G1,G2,G3,G4,G5) [nonlinear] (kind=general, depends on [0, 1, 2, 3, 4, 5])
             S2: general(G0,G1,G2,G3,G4,G5) [nonlinear] (kind=general, depends on [0, 1, 2, 3, 4, 5])
             S3: general(G0,G1,G2,G3,G4,G5) [nonlinear] (kind=general, depends on [0, 1, 2, 3, 4, 5])
             S4: general(G0,G1,G2,G3,G4,G5) [nonlinear] (kind=general, depends on [0, 1, 2, 3, 4, 5])
             S5: general(G0,G1,G2,G3,G4,G5) [nonlinear] (kind=general, depends on [0, 1, 2, 3, 4, 5])
             entropy reduction per guesser (out of 1.0): G0=0.63, G1=0.55, G2=0.70, G3=0.44, G4=0.85, G5=0.70
             ex1: items(G0=CAT, G1=CAT, G2=CAT, G3=DOG, G4=CAT, G5=DOG) -> lights(S0=ON, S1=ON, S2=OFF, S3=ON, S4=OFF, S5=ON) -> guesses(G0=CATok, G1=CATok, G2=CATok, G3=CATXX, G4=CATok, G5=DOGok)  R=0.83
             ex2: items(G0=CAT, G1=CAT, G2=DOG, G3=DOG, G4=DOG, G5=DOG) -> lights(S0=ON, S1=OFF, S2=OFF, S3=OFF, S4=OFF, S5=ON) -> guesses(G0=CATok, G1=CATok, G2=DOGok, G3=CATXX, G4=DOGok, G5=DOGok)  R=0.83
             ex3: items(G0=CAT, G1=CAT, G2=DOG, G3=CAT, G4=DOG, G5=CAT) -> lights(S0=ON, S1=OFF, S2=OFF, S3=OFF, S4=ON, S5=ON) -> guesses(G0=CATok, G1=CATok, G2=DOGok, G3=CATok, G4=DOGok, G5=CATok)  R=1.00
             ex4: items(G0=DOG, G1=DOG, G2=CAT, G3=DOG, G4=CAT, G5=DOG) -> lights(S0=OFF, S1=OFF, S2=ON, S3=ON, S4=OFF, S5=OFF) -> guesses(G0=DOGok, G1=DOGok, G2=DOGXX, G3=DOGok, G4=CATok, G5=DOGok)  R=0.83
             ex5: items(G0=DOG, G1=DOG, G2=DOG, G3=CAT, G4=CAT, G5=CAT) -> lights(S0=OFF, S1=OFF, S2=ON, S3=OFF, S4=OFF, S5=OFF) -> guesses(G0=DOGok, G1=DOGok, G2=DOGok, G3=DOGXX, G4=CATok, G5=CATok)  R=0.83

  seed 26  R=0.828  [exploiting joint channel (0.828)]  (48.6s)
           not perfect (1 tracking, 5 holistic, 0 pooling signallers)
             S0: general(G0,G1,G2,G3,G4,G5) [nonlinear] (kind=general, depends on [0, 1, 2, 3, 4, 5])
             S1: general(G0,G1,G2,G3,G4,G5) [nonlinear] (kind=general, depends on [0, 1, 2, 3, 4, 5])
             S2: general(G0,G1,G2,G3,G4,G5) [nonlinear] (kind=general, depends on [0, 1, 2, 3, 4, 5])
             S3: general(G0,G1,G2,G3,G4,G5) [nonlinear] (kind=general, depends on [0, 1, 2, 3, 4, 5])
             S4: general(G0,G1,G2,G3,G4,G5) [nonlinear] (kind=general, depends on [0, 1, 2, 3, 4, 5])
             S5: track G4                         (kind=dictator, depends on [4])
             entropy reduction per guesser (out of 1.0): G0=0.48, G1=0.41, G2=0.68, G3=0.95, G4=1.00, G5=0.44
             ex1: items(G0=DOG, G1=DOG, G2=DOG, G3=DOG, G4=DOG, G5=DOG) -> lights(S0=ON, S1=ON, S2=ON, S3=ON, S4=ON, S5=ON) -> guesses(G0=DOGok, G1=DOGok, G2=DOGok, G3=DOGok, G4=DOGok, G5=DOGok)  R=1.00
             ex2: items(G0=DOG, G1=DOG, G2=CAT, G3=DOG, G4=CAT, G5=DOG) -> lights(S0=ON, S1=ON, S2=OFF, S3=ON, S4=ON, S5=OFF) -> guesses(G0=DOGok, G1=DOGok, G2=DOGXX, G3=DOGok, G4=CATok, G5=DOGok)  R=0.83
             ex3: items(G0=CAT, G1=DOG, G2=DOG, G3=DOG, G4=CAT, G5=CAT) -> lights(S0=OFF, S1=OFF, S2=OFF, S3=OFF, S4=ON, S5=OFF) -> guesses(G0=CATok, G1=CATXX, G2=CATXX, G3=DOGok, G4=CATok, G5=CATok)  R=0.67
             ex4: items(G0=CAT, G1=CAT, G2=CAT, G3=DOG, G4=CAT, G5=CAT) -> lights(S0=OFF, S1=OFF, S2=ON, S3=OFF, S4=ON, S5=OFF) -> guesses(G0=CATok, G1=CATok, G2=CATok, G3=DOGok, G4=CATok, G5=CATok)  R=1.00
             ex5: items(G0=CAT, G1=CAT, G2=DOG, G3=DOG, G4=DOG, G5=CAT) -> lights(S0=OFF, S1=OFF, S2=ON, S3=OFF, S4=ON, S5=ON) -> guesses(G0=CATok, G1=CATok, G2=CATXX, G3=DOGok, G4=DOGok, G5=CATok)  R=0.83

  seed 27  R=0.867  [exploiting joint channel (0.867)]  (49.0s)
           not perfect (1 tracking, 5 holistic, 0 pooling signallers)
             S0: general(G0,G1,G2,G3,G4,G5) [nonlinear] (kind=general, depends on [0, 1, 2, 3, 4, 5])
             S1: general(G0,G1,G2,G3,G4,G5) [nonlinear] (kind=general, depends on [0, 1, 2, 3, 4, 5])
             S2: general(G0,G1,G2,G3,G4,G5) [nonlinear] (kind=general, depends on [0, 1, 2, 3, 4, 5])
             S3: general(G0,G2,G3,G5) [nonlinear] (kind=general, depends on [0, 2, 3, 5])
             S4: general(G0,G1,G2,G3,G4,G5) [nonlinear] (kind=general, depends on [0, 1, 2, 3, 4, 5])
             S5: track G1                         (kind=dictator, depends on [1])
             entropy reduction per guesser (out of 1.0): G0=0.76, G1=1.00, G2=0.75, G3=0.52, G4=0.80, G5=0.85
             ex1: items(G0=CAT, G1=DOG, G2=CAT, G3=DOG, G4=CAT, G5=DOG) -> lights(S0=OFF, S1=OFF, S2=OFF, S3=ON, S4=ON, S5=ON) -> guesses(G0=CATok, G1=DOGok, G2=CATok, G3=CATXX, G4=CATok, G5=DOGok)  R=0.83
             ex2: items(G0=CAT, G1=DOG, G2=DOG, G3=CAT, G4=DOG, G5=DOG) -> lights(S0=ON, S1=OFF, S2=ON, S3=ON, S4=ON, S5=ON) -> guesses(G0=DOGXX, G1=DOGok, G2=CATXX, G3=CATok, G4=DOGok, G5=DOGok)  R=0.67
             ex3: items(G0=CAT, G1=DOG, G2=DOG, G3=DOG, G4=DOG, G5=DOG) -> lights(S0=ON, S1=OFF, S2=ON, S3=OFF, S4=OFF, S5=ON) -> guesses(G0=DOGXX, G1=DOGok, G2=DOGok, G3=DOGok, G4=DOGok, G5=DOGok)  R=0.83
             ex4: items(G0=DOG, G1=DOG, G2=CAT, G3=DOG, G4=CAT, G5=CAT) -> lights(S0=OFF, S1=ON, S2=ON, S3=ON, S4=ON, S5=ON) -> guesses(G0=DOGok, G1=DOGok, G2=CATok, G3=CATXX, G4=CATok, G5=CATok)  R=0.83
             ex5: items(G0=DOG, G1=DOG, G2=DOG, G3=DOG, G4=DOG, G5=DOG) -> lights(S0=ON, S1=OFF, S2=ON, S3=OFF, S4=OFF, S5=ON) -> guesses(G0=DOGok, G1=DOGok, G2=DOGok, G3=DOGok, G4=DOGok, G5=DOGok)  R=1.00

  seed 28  R=0.904  [exploiting joint channel (0.904)]  (49.1s)
           not perfect (1 tracking, 5 holistic, 0 pooling signallers)
             S0: general(G0,G1,G2,G3,G4,G5) [nonlinear] (kind=general, depends on [0, 1, 2, 3, 4, 5])
             S1: general(G0,G1,G2,G3,G4,G5) [nonlinear] (kind=general, depends on [0, 1, 2, 3, 4, 5])
             S2: general(G0,G1,G2,G3,G4,G5) [nonlinear] (kind=general, depends on [0, 1, 2, 3, 4, 5])
             S3: general(G0,G1,G2,G3,G4,G5) [nonlinear] (kind=general, depends on [0, 1, 2, 3, 4, 5])
             S4: general(G0,G1,G2,G3,G4,G5) [nonlinear] (kind=general, depends on [0, 1, 2, 3, 4, 5])
             S5: track G4                         (kind=dictator, depends on [4])
             entropy reduction per guesser (out of 1.0): G0=0.59, G1=0.97, G2=0.97, G3=0.70, G4=1.00, G5=0.64
             ex1: items(G0=DOG, G1=CAT, G2=DOG, G3=CAT, G4=DOG, G5=CAT) -> lights(S0=ON, S1=OFF, S2=OFF, S3=ON, S4=ON, S5=ON) -> guesses(G0=CATXX, G1=CATok, G2=DOGok, G3=CATok, G4=DOGok, G5=DOGXX)  R=0.67
             ex2: items(G0=DOG, G1=DOG, G2=CAT, G3=CAT, G4=DOG, G5=CAT) -> lights(S0=OFF, S1=OFF, S2=OFF, S3=OFF, S4=OFF, S5=ON) -> guesses(G0=CATXX, G1=DOGok, G2=CATok, G3=CATok, G4=DOGok, G5=CATok)  R=0.83
             ex3: items(G0=DOG, G1=DOG, G2=CAT, G3=CAT, G4=CAT, G5=DOG) -> lights(S0=ON, S1=ON, S2=ON, S3=OFF, S4=OFF, S5=OFF) -> guesses(G0=DOGok, G1=DOGok, G2=CATok, G3=DOGXX, G4=CATok, G5=DOGok)  R=0.83
             ex4: items(G0=CAT, G1=CAT, G2=CAT, G3=CAT, G4=DOG, G5=DOG) -> lights(S0=ON, S1=OFF, S2=OFF, S3=ON, S4=OFF, S5=ON) -> guesses(G0=DOGXX, G1=DOGXX, G2=CATok, G3=CATok, G4=DOGok, G5=CATXX)  R=0.50
             ex5: items(G0=CAT, G1=CAT, G2=CAT, G3=DOG, G4=CAT, G5=CAT) -> lights(S0=OFF, S1=OFF, S2=OFF, S3=ON, S4=OFF, S5=OFF) -> guesses(G0=CATok, G1=CATok, G2=CATok, G3=CATXX, G4=CATok, G5=CATok)  R=0.83

  seed 29  R=0.786  [exploiting joint channel (0.786)]  (48.9s)
           not perfect (0 tracking, 6 holistic, 0 pooling signallers)
             S0: general(G0,G1,G2,G3,G4,G5) [nonlinear] (kind=general, depends on [0, 1, 2, 3, 4, 5])
             S1: general(G0,G1,G2,G3,G4,G5) [nonlinear] (kind=general, depends on [0, 1, 2, 3, 4, 5])
             S2: general(G0,G1,G2,G3,G4,G5) [nonlinear] (kind=general, depends on [0, 1, 2, 3, 4, 5])
             S3: general(G0,G1,G2,G3,G4,G5) [nonlinear] (kind=general, depends on [0, 1, 2, 3, 4, 5])
             S4: general(G0,G1,G2,G3,G4,G5) [nonlinear] (kind=general, depends on [0, 1, 2, 3, 4, 5])
             S5: general(G0,G1,G2,G3,G4,G5) [nonlinear] (kind=general, depends on [0, 1, 2, 3, 4, 5])
             entropy reduction per guesser (out of 1.0): G0=0.72, G1=0.43, G2=0.52, G3=0.44, G4=0.64, G5=0.51
             ex1: items(G0=DOG, G1=CAT, G2=DOG, G3=DOG, G4=CAT, G5=DOG) -> lights(S0=OFF, S1=OFF, S2=ON, S3=OFF, S4=ON, S5=ON) -> guesses(G0=DOGok, G1=CATok, G2=DOGok, G3=CATXX, G4=CATok, G5=DOGok)  R=0.83
             ex2: items(G0=DOG, G1=DOG, G2=DOG, G3=CAT, G4=DOG, G5=DOG) -> lights(S0=OFF, S1=OFF, S2=OFF, S3=OFF, S4=ON, S5=OFF) -> guesses(G0=DOGok, G1=DOGok, G2=DOGok, G3=DOGXX, G4=DOGok, G5=DOGok)  R=0.83
             ex3: items(G0=CAT, G1=DOG, G2=DOG, G3=CAT, G4=CAT, G5=DOG) -> lights(S0=OFF, S1=ON, S2=ON, S3=OFF, S4=ON, S5=ON) -> guesses(G0=CATok, G1=CATXX, G2=DOGok, G3=CATok, G4=CATok, G5=DOGok)  R=0.83
             ex4: items(G0=CAT, G1=CAT, G2=CAT, G3=CAT, G4=DOG, G5=CAT) -> lights(S0=ON, S1=ON, S2=ON, S3=ON, S4=OFF, S5=ON) -> guesses(G0=CATok, G1=CATok, G2=CATok, G3=CATok, G4=CATXX, G5=CATok)  R=0.83
             ex5: items(G0=CAT, G1=DOG, G2=CAT, G3=CAT, G4=DOG, G5=DOG) -> lights(S0=ON, S1=OFF, S2=OFF, S3=OFF, S4=OFF, S5=OFF) -> guesses(G0=CATok, G1=DOGok, G2=CATok, G3=DOGXX, G4=DOGok, G5=DOGok)  R=0.83

  --- K6x6 / shared: summary over 30 seeds ---
      mean team reward           : 0.841
      complementarity rate       : 0.0% of seeds perfect
      convention types:
        partial / non-perfect: 30/30
      signaller-light census (all seeds pooled): general=164 (91%), dictator=16 (9%)
      mean channel utilisation H(M) : 0.979 bits (out of 1.0)
      mean entropy reduction / guesser: 0.662 bits (out of 1.0)

============================================================
  K6x6 / two_brain
============================================================

  seed  0  R=0.883  [exploiting joint channel (0.883)]  (69.5s)
           not perfect (0 tracking, 6 holistic, 0 pooling signallers)
             S0: general(G0,G1,G2,G3,G4,G5) [nonlinear] (kind=general, depends on [0, 1, 2, 3, 4, 5])
             S1: general(G0,G1,G2,G3,G4,G5) [nonlinear] (kind=general, depends on [0, 1, 2, 3, 4, 5])
             S2: general(G0,G1,G2,G3,G4,G5) [nonlinear] (kind=general, depends on [0, 1, 2, 3, 4, 5])
             S3: general(G0,G1,G2,G3,G4,G5) [nonlinear] (kind=general, depends on [0, 1, 2, 3, 4, 5])
             S4: general(G0,G1,G2,G3,G4,G5) [nonlinear] (kind=general, depends on [0, 1, 2, 3, 4, 5])
             S5: general(G0,G1,G2,G3,G4,G5) [nonlinear] (kind=general, depends on [0, 1, 2, 3, 4, 5])
             entropy reduction per guesser (out of 1.0): G0=0.90, G1=0.71, G2=0.85, G3=0.73, G4=0.79, G5=0.75
             ex1: items(G0=CAT, G1=DOG, G2=DOG, G3=DOG, G4=CAT, G5=CAT) -> lights(S0=OFF, S1=OFF, S2=ON, S3=OFF, S4=OFF, S5=OFF) -> guesses(G0=CATok, G1=DOGok, G2=DOGok, G3=DOGok, G4=CATok, G5=DOGXX)  R=0.83
             ex2: items(G0=CAT, G1=CAT, G2=DOG, G3=DOG, G4=CAT, G5=CAT) -> lights(S0=ON, S1=OFF, S2=ON, S3=OFF, S4=ON, S5=ON) -> guesses(G0=CATok, G1=DOGXX, G2=DOGok, G3=DOGok, G4=DOGXX, G5=CATok)  R=0.67
             ex3: items(G0=DOG, G1=DOG, G2=CAT, G3=DOG, G4=CAT, G5=DOG) -> lights(S0=OFF, S1=ON, S2=OFF, S3=OFF, S4=OFF, S5=OFF) -> guesses(G0=DOGok, G1=DOGok, G2=CATok, G3=DOGok, G4=CATok, G5=DOGok)  R=1.00
             ex4: items(G0=DOG, G1=CAT, G2=CAT, G3=DOG, G4=CAT, G5=CAT) -> lights(S0=OFF, S1=OFF, S2=OFF, S3=OFF, S4=OFF, S5=ON) -> guesses(G0=CATXX, G1=DOGXX, G2=CATok, G3=DOGok, G4=CATok, G5=CATok)  R=0.67
             ex5: items(G0=CAT, G1=CAT, G2=DOG, G3=DOG, G4=CAT, G5=CAT) -> lights(S0=ON, S1=OFF, S2=ON, S3=OFF, S4=ON, S5=ON) -> guesses(G0=CATok, G1=DOGXX, G2=DOGok, G3=DOGok, G4=DOGXX, G5=CATok)  R=0.67

  seed  1  R=0.872  [exploiting joint channel (0.872)]  (69.4s)
           not perfect (1 tracking, 5 holistic, 0 pooling signallers)
             S0: general(G0,G1,G2,G3,G4,G5) [nonlinear] (kind=general, depends on [0, 1, 2, 3, 4, 5])
             S1: general(G0,G1,G2,G3,G4,G5) [nonlinear] (kind=general, depends on [0, 1, 2, 3, 4, 5])
             S2: general(G0,G1,G2,G4,G5) [nonlinear] (kind=general, depends on [0, 1, 2, 4, 5])
             S3: general(G0,G1,G2,G3,G4,G5) [nonlinear] (kind=general, depends on [0, 1, 2, 3, 4, 5])
             S4: general(G0,G1,G2,G3,G4,G5) [nonlinear] (kind=general, depends on [0, 1, 2, 3, 4, 5])
             S5: track G1                         (kind=dictator, depends on [1])
             entropy reduction per guesser (out of 1.0): G0=1.00, G1=1.00, G2=0.46, G3=0.70, G4=0.61, G5=0.61
             ex1: items(G0=DOG, G1=DOG, G2=DOG, G3=CAT, G4=DOG, G5=CAT) -> lights(S0=OFF, S1=ON, S2=OFF, S3=OFF, S4=OFF, S5=ON) -> guesses(G0=DOGok, G1=DOGok, G2=DOGok, G3=DOGXX, G4=DOGok, G5=CATok)  R=0.83
             ex2: items(G0=DOG, G1=CAT, G2=DOG, G3=DOG, G4=CAT, G5=CAT) -> lights(S0=ON, S1=ON, S2=OFF, S3=OFF, S4=OFF, S5=OFF) -> guesses(G0=DOGok, G1=CATok, G2=CATXX, G3=DOGok, G4=CATok, G5=CATok)  R=0.83
             ex3: items(G0=DOG, G1=DOG, G2=DOG, G3=DOG, G4=CAT, G5=DOG) -> lights(S0=OFF, S1=ON, S2=OFF, S3=OFF, S4=ON, S5=ON) -> guesses(G0=DOGok, G1=DOGok, G2=DOGok, G3=DOGok, G4=DOGXX, G5=DOGok)  R=0.83
             ex4: items(G0=CAT, G1=CAT, G2=DOG, G3=CAT, G4=CAT, G5=CAT) -> lights(S0=ON, S1=OFF, S2=ON, S3=ON, S4=OFF, S5=OFF) -> guesses(G0=CATok, G1=CATok, G2=CATXX, G3=CATok, G4=CATok, G5=CATok)  R=0.83
             ex5: items(G0=CAT, G1=DOG, G2=CAT, G3=DOG, G4=DOG, G5=DOG) -> lights(S0=OFF, S1=ON, S2=ON, S3=ON, S4=ON, S5=ON) -> guesses(G0=CATok, G1=DOGok, G2=DOGXX, G3=DOGok, G4=DOGok, G5=DOGok)  R=0.83

  seed  2  R=0.872  [exploiting joint channel (0.872)]  (69.6s)
           not perfect (0 tracking, 6 holistic, 0 pooling signallers)
             S0: general(G0,G1,G2,G3,G4,G5) [nonlinear] (kind=general, depends on [0, 1, 2, 3, 4, 5])
             S1: general(G0,G1,G2,G3,G4,G5) [nonlinear] (kind=general, depends on [0, 1, 2, 3, 4, 5])
             S2: general(G0,G1,G2,G3,G4,G5) [nonlinear] (kind=general, depends on [0, 1, 2, 3, 4, 5])
             S3: general(G0,G1,G2,G3,G4,G5) [nonlinear] (kind=general, depends on [0, 1, 2, 3, 4, 5])
             S4: general(G0,G1,G2,G3,G4,G5) [nonlinear] (kind=general, depends on [0, 1, 2, 3, 4, 5])
             S5: general(G0,G1,G2,G3,G4,G5) [nonlinear] (kind=general, depends on [0, 1, 2, 3, 4, 5])
             entropy reduction per guesser (out of 1.0): G0=0.58, G1=0.94, G2=0.66, G3=0.73, G4=0.91, G5=0.52
             ex1: items(G0=DOG, G1=DOG, G2=DOG, G3=CAT, G4=DOG, G5=DOG) -> lights(S0=ON, S1=ON, S2=ON, S3=OFF, S4=ON, S5=OFF) -> guesses(G0=DOGok, G1=DOGok, G2=DOGok, G3=CATok, G4=DOGok, G5=DOGok)  R=1.00
             ex2: items(G0=CAT, G1=DOG, G2=CAT, G3=DOG, G4=CAT, G5=DOG) -> lights(S0=ON, S1=OFF, S2=ON, S3=ON, S4=OFF, S5=ON) -> guesses(G0=CATok, G1=DOGok, G2=CATok, G3=DOGok, G4=CATok, G5=DOGok)  R=1.00
             ex3: items(G0=CAT, G1=DOG, G2=DOG, G3=CAT, G4=DOG, G5=CAT) -> lights(S0=OFF, S1=ON, S2=ON, S3=OFF, S4=ON, S5=OFF) -> guesses(G0=DOGXX, G1=DOGok, G2=DOGok, G3=CATok, G4=DOGok, G5=CATok)  R=0.83
             ex4: items(G0=CAT, G1=DOG, G2=DOG, G3=DOG, G4=DOG, G5=CAT) -> lights(S0=OFF, S1=OFF, S2=OFF, S3=OFF, S4=OFF, S5=OFF) -> guesses(G0=DOGXX, G1=DOGok, G2=DOGok, G3=DOGok, G4=DOGok, G5=CATok)  R=0.83
             ex5: items(G0=CAT, G1=CAT, G2=DOG, G3=DOG, G4=DOG, G5=DOG) -> lights(S0=OFF, S1=OFF, S2=ON, S3=OFF, S4=ON, S5=ON) -> guesses(G0=CATok, G1=DOGXX, G2=DOGok, G3=DOGok, G4=DOGok, G5=DOGok)  R=0.83

  seed  3  R=0.888  [exploiting joint channel (0.888)]  (69.6s)
           not perfect (0 tracking, 6 holistic, 0 pooling signallers)
             S0: general(G0,G1,G2,G3,G4,G5) [nonlinear] (kind=general, depends on [0, 1, 2, 3, 4, 5])
             S1: general(G0,G1,G2,G3,G4,G5) [nonlinear] (kind=general, depends on [0, 1, 2, 3, 4, 5])
             S2: general(G0,G1,G2,G3,G4,G5) [nonlinear] (kind=general, depends on [0, 1, 2, 3, 4, 5])
             S3: general(G0,G1,G2,G3,G4,G5) [nonlinear] (kind=general, depends on [0, 1, 2, 3, 4, 5])
             S4: general(G0,G1,G2,G3,G4,G5) [nonlinear] (kind=general, depends on [0, 1, 2, 3, 4, 5])
             S5: general(G0,G1,G2,G3,G4,G5) [nonlinear] (kind=general, depends on [0, 1, 2, 3, 4, 5])
             entropy reduction per guesser (out of 1.0): G0=0.79, G1=0.50, G2=0.88, G3=0.95, G4=0.89, G5=0.62
             ex1: items(G0=CAT, G1=DOG, G2=DOG, G3=CAT, G4=DOG, G5=CAT) -> lights(S0=ON, S1=OFF, S2=OFF, S3=OFF, S4=ON, S5=OFF) -> guesses(G0=CATok, G1=DOGok, G2=DOGok, G3=CATok, G4=DOGok, G5=CATok)  R=1.00
             ex2: items(G0=CAT, G1=CAT, G2=CAT, G3=CAT, G4=CAT, G5=DOG) -> lights(S0=OFF, S1=ON, S2=OFF, S3=ON, S4=OFF, S5=OFF) -> guesses(G0=CATok, G1=DOGXX, G2=CATok, G3=CATok, G4=CATok, G5=DOGok)  R=0.83
             ex3: items(G0=CAT, G1=CAT, G2=CAT, G3=DOG, G4=CAT, G5=CAT) -> lights(S0=OFF, S1=ON, S2=OFF, S3=ON, S4=ON, S5=ON) -> guesses(G0=CATok, G1=CATok, G2=CATok, G3=DOGok, G4=CATok, G5=DOGXX)  R=0.83
             ex4: items(G0=DOG, G1=CAT, G2=DOG, G3=CAT, G4=CAT, G5=CAT) -> lights(S0=ON, S1=ON, S2=ON, S3=ON, S4=ON, S5=OFF) -> guesses(G0=DOGok, G1=CATok, G2=DOGok, G3=CATok, G4=CATok, G5=DOGXX)  R=0.83
             ex5: items(G0=DOG, G1=DOG, G2=CAT, G3=CAT, G4=DOG, G5=DOG) -> lights(S0=ON, S1=OFF, S2=ON, S3=OFF, S4=OFF, S5=OFF) -> guesses(G0=DOGok, G1=DOGok, G2=CATok, G3=CATok, G4=DOGok, G5=CATXX)  R=0.83

  seed  4  R=0.888  [exploiting joint channel (0.888)]  (69.8s)
           not perfect (0 tracking, 6 holistic, 0 pooling signallers)
             S0: general(G0,G1,G2,G3,G4,G5) [nonlinear] (kind=general, depends on [0, 1, 2, 3, 4, 5])
             S1: general(G0,G1,G2,G3,G4,G5) [nonlinear] (kind=general, depends on [0, 1, 2, 3, 4, 5])
             S2: general(G0,G1,G2,G3,G4,G5) [nonlinear] (kind=general, depends on [0, 1, 2, 3, 4, 5])
             S3: general(G0,G1,G2,G3,G4,G5) [nonlinear] (kind=general, depends on [0, 1, 2, 3, 4, 5])
             S4: general(G0,G1,G2,G3,G4,G5) [nonlinear] (kind=general, depends on [0, 1, 2, 3, 4, 5])
             S5: general(G0,G1,G2,G3,G4,G5) [nonlinear] (kind=general, depends on [0, 1, 2, 3, 4, 5])
             entropy reduction per guesser (out of 1.0): G0=0.77, G1=0.70, G2=0.61, G3=0.89, G4=0.89, G5=0.78
             ex1: items(G0=CAT, G1=CAT, G2=CAT, G3=DOG, G4=DOG, G5=DOG) -> lights(S0=OFF, S1=ON, S2=ON, S3=OFF, S4=ON, S5=OFF) -> guesses(G0=CATok, G1=CATok, G2=CATok, G3=CATXX, G4=DOGok, G5=DOGok)  R=0.83
             ex2: items(G0=DOG, G1=CAT, G2=CAT, G3=DOG, G4=CAT, G5=CAT) -> lights(S0=ON, S1=OFF, S2=OFF, S3=ON, S4=ON, S5=ON) -> guesses(G0=DOGok, G1=CATok, G2=CATok, G3=DOGok, G4=CATok, G5=CATok)  R=1.00
             ex3: items(G0=DOG, G1=DOG, G2=DOG, G3=CAT, G4=CAT, G5=CAT) -> lights(S0=ON, S1=ON, S2=OFF, S3=ON, S4=OFF, S5=ON) -> guesses(G0=DOGok, G1=DOGok, G2=CATXX, G3=CATok, G4=CATok, G5=CATok)  R=0.83
             ex4: items(G0=CAT, G1=DOG, G2=DOG, G3=CAT, G4=CAT, G5=CAT) -> lights(S0=OFF, S1=OFF, S2=OFF, S3=OFF, S4=OFF, S5=ON) -> guesses(G0=CATok, G1=DOGok, G2=DOGok, G3=CATok, G4=CATok, G5=CATok)  R=1.00
             ex5: items(G0=CAT, G1=CAT, G2=CAT, G3=DOG, G4=CAT, G5=DOG) -> lights(S0=OFF, S1=OFF, S2=OFF, S3=OFF, S4=ON, S5=OFF) -> guesses(G0=CATok, G1=CATok, G2=DOGXX, G3=DOGok, G4=CATok, G5=DOGok)  R=0.83

  seed  5  R=0.880  [exploiting joint channel (0.880)]  (70.0s)
           not perfect (1 tracking, 5 holistic, 0 pooling signallers)
             S0: track NOT G2                     (kind=dictator, depends on [2])
             S1: general(G0,G1,G2,G3,G4,G5) [nonlinear] (kind=general, depends on [0, 1, 2, 3, 4, 5])
             S2: general(G0,G1,G2,G3,G4,G5) [nonlinear] (kind=general, depends on [0, 1, 2, 3, 4, 5])
             S3: general(G0,G1,G2,G3,G4,G5) [nonlinear] (kind=general, depends on [0, 1, 2, 3, 4, 5])
             S4: general(G0,G1,G2,G3,G4,G5) [nonlinear] (kind=general, depends on [0, 1, 2, 3, 4, 5])
             S5: general(G0,G1,G2,G3,G4,G5) [nonlinear] (kind=general, depends on [0, 1, 2, 3, 4, 5])
             entropy reduction per guesser (out of 1.0): G0=0.59, G1=0.64, G2=1.00, G3=0.80, G4=0.67, G5=0.97
             ex1: items(G0=DOG, G1=CAT, G2=CAT, G3=DOG, G4=DOG, G5=CAT) -> lights(S0=ON, S1=OFF, S2=OFF, S3=ON, S4=OFF, S5=OFF) -> guesses(G0=DOGok, G1=DOGXX, G2=CATok, G3=DOGok, G4=DOGok, G5=CATok)  R=0.83
             ex2: items(G0=CAT, G1=DOG, G2=DOG, G3=CAT, G4=DOG, G5=DOG) -> lights(S0=OFF, S1=ON, S2=ON, S3=ON, S4=OFF, S5=OFF) -> guesses(G0=CATok, G1=DOGok, G2=DOGok, G3=CATok, G4=DOGok, G5=DOGok)  R=1.00
             ex3: items(G0=CAT, G1=CAT, G2=DOG, G3=DOG, G4=DOG, G5=DOG) -> lights(S0=OFF, S1=ON, S2=ON, S3=ON, S4=ON, S5=OFF) -> guesses(G0=CATok, G1=CATok, G2=DOGok, G3=CATXX, G4=DOGok, G5=DOGok)  R=0.83
             ex4: items(G0=CAT, G1=CAT, G2=CAT, G3=CAT, G4=CAT, G5=CAT) -> lights(S0=ON, S1=OFF, S2=ON, S3=OFF, S4=OFF, S5=ON) -> guesses(G0=CATok, G1=CATok, G2=CATok, G3=CATok, G4=CATok, G5=CATok)  R=1.00
             ex5: items(G0=DOG, G1=CAT, G2=DOG, G3=DOG, G4=CAT, G5=CAT) -> lights(S0=OFF, S1=OFF, S2=OFF, S3=OFF, S4=OFF, S5=ON) -> guesses(G0=CATXX, G1=CATok, G2=DOGok, G3=CATXX, G4=CATok, G5=CATok)  R=0.67

  seed  6  R=0.878  [exploiting joint channel (0.878)]  (70.2s)
           not perfect (0 tracking, 6 holistic, 0 pooling signallers)
             S0: general(G0,G1,G2,G3,G4,G5) [nonlinear] (kind=general, depends on [0, 1, 2, 3, 4, 5])
             S1: general(G0,G1,G2,G3,G4,G5) [nonlinear] (kind=general, depends on [0, 1, 2, 3, 4, 5])
             S2: general(G0,G1,G2,G3,G4,G5) [nonlinear] (kind=general, depends on [0, 1, 2, 3, 4, 5])
             S3: general(G0,G1,G2,G3,G4,G5) [nonlinear] (kind=general, depends on [0, 1, 2, 3, 4, 5])
             S4: general(G0,G1,G2,G3,G4,G5) [nonlinear] (kind=general, depends on [0, 1, 2, 3, 4, 5])
             S5: general(G0,G1,G2,G3,G4,G5) [nonlinear] (kind=general, depends on [0, 1, 2, 3, 4, 5])
             entropy reduction per guesser (out of 1.0): G0=0.65, G1=0.86, G2=0.62, G3=0.94, G4=0.56, G5=0.82
             ex1: items(G0=CAT, G1=CAT, G2=CAT, G3=CAT, G4=CAT, G5=CAT) -> lights(S0=OFF, S1=ON, S2=ON, S3=ON, S4=ON, S5=ON) -> guesses(G0=CATok, G1=CATok, G2=CATok, G3=DOGXX, G4=CATok, G5=CATok)  R=0.83
             ex2: items(G0=CAT, G1=DOG, G2=DOG, G3=DOG, G4=CAT, G5=CAT) -> lights(S0=OFF, S1=ON, S2=OFF, S3=OFF, S4=OFF, S5=ON) -> guesses(G0=CATok, G1=DOGok, G2=CATXX, G3=DOGok, G4=CATok, G5=CATok)  R=0.83
             ex3: items(G0=CAT, G1=DOG, G2=CAT, G3=CAT, G4=CAT, G5=DOG) -> lights(S0=ON, S1=OFF, S2=OFF, S3=OFF, S4=ON, S5=ON) -> guesses(G0=CATok, G1=DOGok, G2=CATok, G3=CATok, G4=DOGXX, G5=DOGok)  R=0.83
             ex4: items(G0=DOG, G1=CAT, G2=DOG, G3=CAT, G4=CAT, G5=DOG) -> lights(S0=ON, S1=OFF, S2=ON, S3=OFF, S4=OFF, S5=ON) -> guesses(G0=DOGok, G1=DOGXX, G2=DOGok, G3=CATok, G4=CATok, G5=DOGok)  R=0.83
             ex5: items(G0=CAT, G1=DOG, G2=DOG, G3=DOG, G4=DOG, G5=CAT) -> lights(S0=OFF, S1=ON, S2=OFF, S3=OFF, S4=OFF, S5=OFF) -> guesses(G0=DOGXX, G1=DOGok, G2=DOGok, G3=DOGok, G4=CATXX, G5=CATok)  R=0.67

  seed  7  R=0.849  [exploiting joint channel (0.849)]  (70.1s)
           not perfect (0 tracking, 6 holistic, 0 pooling signallers)
             S0: general(G0,G1,G2,G3,G4,G5) [nonlinear] (kind=general, depends on [0, 1, 2, 3, 4, 5])
             S1: general(G0,G1,G2,G3,G4,G5) [nonlinear] (kind=general, depends on [0, 1, 2, 3, 4, 5])
             S2: general(G0,G1,G2,G3,G4,G5) [nonlinear] (kind=general, depends on [0, 1, 2, 3, 4, 5])
             S3: general(G0,G1,G2,G3,G4,G5) [nonlinear] (kind=general, depends on [0, 1, 2, 3, 4, 5])
             S4: general(G0,G1,G2,G3,G4,G5) [nonlinear] (kind=general, depends on [0, 1, 2, 3, 4, 5])
             S5: general(G0,G2,G3,G4,G5) [nonlinear] (kind=general, depends on [0, 2, 3, 4, 5])
             entropy reduction per guesser (out of 1.0): G0=0.80, G1=0.55, G2=0.74, G3=0.95, G4=0.74, G5=0.74
             ex1: items(G0=DOG, G1=DOG, G2=DOG, G3=CAT, G4=DOG, G5=CAT) -> lights(S0=OFF, S1=OFF, S2=OFF, S3=OFF, S4=ON, S5=ON) -> guesses(G0=DOGok, G1=DOGok, G2=DOGok, G3=CATok, G4=DOGok, G5=DOGXX)  R=0.83
             ex2: items(G0=CAT, G1=DOG, G2=DOG, G3=DOG, G4=CAT, G5=CAT) -> lights(S0=OFF, S1=OFF, S2=ON, S3=OFF, S4=OFF, S5=OFF) -> guesses(G0=CATok, G1=CATXX, G2=DOGok, G3=DOGok, G4=CATok, G5=CATok)  R=0.83
             ex3: items(G0=DOG, G1=DOG, G2=CAT, G3=CAT, G4=DOG, G5=CAT) -> lights(S0=OFF, S1=OFF, S2=OFF, S3=ON, S4=ON, S5=ON) -> guesses(G0=DOGok, G1=DOGok, G2=CATok, G3=CATok, G4=DOGok, G5=CATok)  R=1.00
             ex4: items(G0=DOG, G1=CAT, G2=DOG, G3=CAT, G4=DOG, G5=DOG) -> lights(S0=ON, S1=ON, S2=ON, S3=OFF, S4=ON, S5=OFF) -> guesses(G0=DOGok, G1=CATok, G2=DOGok, G3=DOGXX, G4=DOGok, G5=DOGok)  R=0.83
             ex5: items(G0=CAT, G1=DOG, G2=CAT, G3=DOG, G4=CAT, G5=CAT) -> lights(S0=OFF, S1=OFF, S2=OFF, S3=ON, S4=OFF, S5=OFF) -> guesses(G0=CATok, G1=CATXX, G2=CATok, G3=DOGok, G4=CATok, G5=CATok)  R=0.83

  seed  8  R=0.875  [exploiting joint channel (0.875)]  (70.0s)
           not perfect (0 tracking, 6 holistic, 0 pooling signallers)
             S0: general(G0,G1,G2,G3,G4,G5) [nonlinear] (kind=general, depends on [0, 1, 2, 3, 4, 5])
             S1: general(G0,G1,G2,G3,G4,G5) [nonlinear] (kind=general, depends on [0, 1, 2, 3, 4, 5])
             S2: general(G0,G1,G2,G3,G4,G5) [nonlinear] (kind=general, depends on [0, 1, 2, 3, 4, 5])
             S3: general(G0,G1,G2,G3,G4,G5) [nonlinear] (kind=general, depends on [0, 1, 2, 3, 4, 5])
             S4: general(G0,G1,G2,G3,G4,G5) [nonlinear] (kind=general, depends on [0, 1, 2, 3, 4, 5])
             S5: general(G0,G1,G2,G3,G4,G5) [nonlinear] (kind=general, depends on [0, 1, 2, 3, 4, 5])
             entropy reduction per guesser (out of 1.0): G0=0.62, G1=0.91, G2=0.91, G3=0.90, G4=0.78, G5=0.66
             ex1: items(G0=DOG, G1=DOG, G2=DOG, G3=CAT, G4=DOG, G5=DOG) -> lights(S0=OFF, S1=ON, S2=OFF, S3=ON, S4=ON, S5=ON) -> guesses(G0=DOGok, G1=DOGok, G2=DOGok, G3=DOGXX, G4=DOGok, G5=DOGok)  R=0.83
             ex2: items(G0=DOG, G1=DOG, G2=CAT, G3=DOG, G4=DOG, G5=DOG) -> lights(S0=OFF, S1=ON, S2=OFF, S3=ON, S4=OFF, S5=ON) -> guesses(G0=DOGok, G1=DOGok, G2=CATok, G3=DOGok, G4=DOGok, G5=DOGok)  R=1.00
             ex3: items(G0=DOG, G1=DOG, G2=DOG, G3=DOG, G4=CAT, G5=DOG) -> lights(S0=OFF, S1=OFF, S2=OFF, S3=ON, S4=ON, S5=ON) -> guesses(G0=DOGok, G1=DOGok, G2=DOGok, G3=DOGok, G4=DOGXX, G5=DOGok)  R=0.83
             ex4: items(G0=CAT, G1=DOG, G2=CAT, G3=DOG, G4=DOG, G5=DOG) -> lights(S0=OFF, S1=ON, S2=OFF, S3=ON, S4=OFF, S5=ON) -> guesses(G0=DOGXX, G1=DOGok, G2=CATok, G3=DOGok, G4=DOGok, G5=DOGok)  R=0.83
             ex5: items(G0=DOG, G1=CAT, G2=DOG, G3=CAT, G4=CAT, G5=CAT) -> lights(S0=OFF, S1=OFF, S2=ON, S3=OFF, S4=ON, S5=ON) -> guesses(G0=DOGok, G1=CATok, G2=DOGok, G3=CATok, G4=CATok, G5=CATok)  R=1.00

  seed  9  R=0.885  [exploiting joint channel (0.885)]  (69.7s)
           not perfect (1 tracking, 5 holistic, 0 pooling signallers)
             S0: general(G0,G1,G2,G3,G4,G5) [nonlinear] (kind=general, depends on [0, 1, 2, 3, 4, 5])
             S1: general(G0,G1,G2,G3,G4,G5) [nonlinear] (kind=general, depends on [0, 1, 2, 3, 4, 5])
             S2: general(G0,G1,G2,G3,G4,G5) [nonlinear] (kind=general, depends on [0, 1, 2, 3, 4, 5])
             S3: track NOT G4                     (kind=dictator, depends on [4])
             S4: general(G0,G1,G2,G3,G4,G5) [nonlinear] (kind=general, depends on [0, 1, 2, 3, 4, 5])
             S5: general(G0,G1,G2,G3,G4,G5) [nonlinear] (kind=general, depends on [0, 1, 2, 3, 4, 5])
             entropy reduction per guesser (out of 1.0): G0=0.35, G1=1.00, G2=0.91, G3=0.74, G4=1.00, G5=0.71
             ex1: items(G0=CAT, G1=CAT, G2=DOG, G3=CAT, G4=CAT, G5=CAT) -> lights(S0=OFF, S1=ON, S2=OFF, S3=ON, S4=ON, S5=ON) -> guesses(G0=CATok, G1=CATok, G2=DOGok, G3=CATok, G4=CATok, G5=CATok)  R=1.00
             ex2: items(G0=CAT, G1=CAT, G2=CAT, G3=CAT, G4=DOG, G5=DOG) -> lights(S0=ON, S1=ON, S2=ON, S3=OFF, S4=ON, S5=ON) -> guesses(G0=CATok, G1=CATok, G2=CATok, G3=CATok, G4=DOGok, G5=DOGok)  R=1.00
             ex3: items(G0=CAT, G1=CAT, G2=CAT, G3=DOG, G4=DOG, G5=DOG) -> lights(S0=ON, S1=ON, S2=ON, S3=OFF, S4=OFF, S5=ON) -> guesses(G0=DOGXX, G1=CATok, G2=CATok, G3=DOGok, G4=DOGok, G5=DOGok)  R=0.83
             ex4: items(G0=CAT, G1=CAT, G2=DOG, G3=CAT, G4=CAT, G5=CAT) -> lights(S0=OFF, S1=ON, S2=OFF, S3=ON, S4=ON, S5=ON) -> guesses(G0=CATok, G1=CATok, G2=DOGok, G3=CATok, G4=CATok, G5=CATok)  R=1.00
             ex5: items(G0=DOG, G1=DOG, G2=DOG, G3=CAT, G4=DOG, G5=DOG) -> lights(S0=OFF, S1=ON, S2=OFF, S3=OFF, S4=OFF, S5=OFF) -> guesses(G0=DOGok, G1=DOGok, G2=DOGok, G3=CATok, G4=DOGok, G5=DOGok)  R=1.00

  seed 10  R=0.888  [exploiting joint channel (0.888)]  (70.1s)
           not perfect (0 tracking, 6 holistic, 0 pooling signallers)
             S0: general(G0,G1,G2,G3,G4,G5) [nonlinear] (kind=general, depends on [0, 1, 2, 3, 4, 5])
             S1: general(G0,G1,G2,G3,G4,G5) [nonlinear] (kind=general, depends on [0, 1, 2, 3, 4, 5])
             S2: general(G0,G1,G2,G3,G4,G5) [nonlinear] (kind=general, depends on [0, 1, 2, 3, 4, 5])
             S3: general(G0,G1,G2,G3,G4,G5) [nonlinear] (kind=general, depends on [0, 1, 2, 3, 4, 5])
             S4: general(G0,G1,G2,G3,G4,G5) [nonlinear] (kind=general, depends on [0, 1, 2, 3, 4, 5])
             S5: general(G0,G1,G2,G3,G4,G5) [nonlinear] (kind=general, depends on [0, 1, 2, 3, 4, 5])
             entropy reduction per guesser (out of 1.0): G0=0.88, G1=0.78, G2=0.91, G3=0.55, G4=0.74, G5=1.00
             ex1: items(G0=DOG, G1=CAT, G2=DOG, G3=DOG, G4=CAT, G5=DOG) -> lights(S0=ON, S1=OFF, S2=ON, S3=OFF, S4=OFF, S5=OFF) -> guesses(G0=DOGok, G1=CATok, G2=DOGok, G3=DOGok, G4=CATok, G5=DOGok)  R=1.00
             ex2: items(G0=DOG, G1=CAT, G2=CAT, G3=CAT, G4=DOG, G5=CAT) -> lights(S0=ON, S1=OFF, S2=OFF, S3=ON, S4=OFF, S5=ON) -> guesses(G0=DOGok, G1=CATok, G2=CATok, G3=CATok, G4=CATXX, G5=CATok)  R=0.83
             ex3: items(G0=DOG, G1=CAT, G2=DOG, G3=DOG, G4=DOG, G5=DOG) -> lights(S0=ON, S1=OFF, S2=ON, S3=OFF, S4=ON, S5=OFF) -> guesses(G0=DOGok, G1=DOGXX, G2=DOGok, G3=DOGok, G4=DOGok, G5=DOGok)  R=0.83
             ex4: items(G0=CAT, G1=CAT, G2=CAT, G3=DOG, G4=DOG, G5=CAT) -> lights(S0=ON, S1=ON, S2=OFF, S3=OFF, S4=ON, S5=OFF) -> guesses(G0=CATok, G1=CATok, G2=CATok, G3=DOGok, G4=DOGok, G5=CATok)  R=1.00
             ex5: items(G0=CAT, G1=DOG, G2=DOG, G3=CAT, G4=DOG, G5=CAT) -> lights(S0=OFF, S1=OFF, S2=ON, S3=ON, S4=ON, S5=ON) -> guesses(G0=CATok, G1=DOGok, G2=DOGok, G3=CATok, G4=DOGok, G5=DOGXX)  R=0.83

  seed 11  R=0.898  [exploiting joint channel (0.898)]  (70.3s)
           not perfect (0 tracking, 6 holistic, 0 pooling signallers)
             S0: general(G0,G1,G2,G3,G4,G5) [nonlinear] (kind=general, depends on [0, 1, 2, 3, 4, 5])
             S1: general(G0,G1,G2,G3,G4,G5) [nonlinear] (kind=general, depends on [0, 1, 2, 3, 4, 5])
             S2: general(G0,G1,G2,G3,G4,G5) [nonlinear] (kind=general, depends on [0, 1, 2, 3, 4, 5])
             S3: general(G0,G1,G2,G3,G4,G5) [nonlinear] (kind=general, depends on [0, 1, 2, 3, 4, 5])
             S4: general(G0,G1,G2,G3,G4,G5) [nonlinear] (kind=general, depends on [0, 1, 2, 3, 4, 5])
             S5: general(G0,G1,G2,G3,G4,G5) [nonlinear] (kind=general, depends on [0, 1, 2, 3, 4, 5])
             entropy reduction per guesser (out of 1.0): G0=0.96, G1=0.88, G2=0.60, G3=0.64, G4=0.81, G5=0.84
             ex1: items(G0=CAT, G1=DOG, G2=DOG, G3=CAT, G4=CAT, G5=DOG) -> lights(S0=OFF, S1=OFF, S2=OFF, S3=ON, S4=OFF, S5=OFF) -> guesses(G0=CATok, G1=DOGok, G2=CATXX, G3=CATok, G4=CATok, G5=DOGok)  R=0.83
             ex2: items(G0=DOG, G1=DOG, G2=CAT, G3=CAT, G4=DOG, G5=CAT) -> lights(S0=ON, S1=ON, S2=OFF, S3=OFF, S4=OFF, S5=ON) -> guesses(G0=DOGok, G1=DOGok, G2=CATok, G3=DOGXX, G4=DOGok, G5=CATok)  R=0.83
             ex3: items(G0=CAT, G1=CAT, G2=DOG, G3=CAT, G4=CAT, G5=CAT) -> lights(S0=OFF, S1=ON, S2=ON, S3=ON, S4=ON, S5=OFF) -> guesses(G0=CATok, G1=CATok, G2=DOGok, G3=DOGXX, G4=CATok, G5=CATok)  R=0.83
             ex4: items(G0=CAT, G1=DOG, G2=DOG, G3=CAT, G4=CAT, G5=DOG) -> lights(S0=OFF, S1=OFF, S2=OFF, S3=ON, S4=OFF, S5=OFF) -> guesses(G0=CATok, G1=DOGok, G2=CATXX, G3=CATok, G4=CATok, G5=DOGok)  R=0.83
             ex5: items(G0=CAT, G1=CAT, G2=DOG, G3=CAT, G4=DOG, G5=CAT) -> lights(S0=OFF, S1=ON, S2=ON, S3=OFF, S4=ON, S5=ON) -> guesses(G0=CATok, G1=CATok, G2=CATXX, G3=CATok, G4=DOGok, G5=CATok)  R=0.83

  seed 12  R=0.865  [exploiting joint channel (0.865)]  (69.8s)
           not perfect (0 tracking, 6 holistic, 0 pooling signallers)
             S0: general(G0,G1,G2,G3,G4,G5) [nonlinear] (kind=general, depends on [0, 1, 2, 3, 4, 5])
             S1: general(G0,G1,G2,G3,G4,G5) [nonlinear] (kind=general, depends on [0, 1, 2, 3, 4, 5])
             S2: general(G0,G1,G2,G3,G4,G5) [nonlinear] (kind=general, depends on [0, 1, 2, 3, 4, 5])
             S3: general(G0,G1,G2,G3,G4,G5) [nonlinear] (kind=general, depends on [0, 1, 2, 3, 4, 5])
             S4: general(G0,G1,G2,G3,G4,G5) [nonlinear] (kind=general, depends on [0, 1, 2, 3, 4, 5])
             S5: general(G0,G1,G2,G3,G4,G5) [nonlinear] (kind=general, depends on [0, 1, 2, 3, 4, 5])
             entropy reduction per guesser (out of 1.0): G0=0.90, G1=0.81, G2=0.61, G3=0.44, G4=0.92, G5=0.85
             ex1: items(G0=CAT, G1=DOG, G2=DOG, G3=DOG, G4=CAT, G5=CAT) -> lights(S0=OFF, S1=ON, S2=OFF, S3=OFF, S4=OFF, S5=ON) -> guesses(G0=CATok, G1=DOGok, G2=DOGok, G3=DOGok, G4=CATok, G5=CATok)  R=1.00
             ex2: items(G0=DOG, G1=DOG, G2=DOG, G3=DOG, G4=CAT, G5=DOG) -> lights(S0=OFF, S1=OFF, S2=OFF, S3=OFF, S4=OFF, S5=OFF) -> guesses(G0=DOGok, G1=DOGok, G2=DOGok, G3=CATXX, G4=CATok, G5=DOGok)  R=0.83
             ex3: items(G0=CAT, G1=DOG, G2=CAT, G3=CAT, G4=CAT, G5=DOG) -> lights(S0=OFF, S1=OFF, S2=OFF, S3=OFF, S4=ON, S5=OFF) -> guesses(G0=CATok, G1=DOGok, G2=CATok, G3=CATok, G4=CATok, G5=DOGok)  R=1.00
             ex4: items(G0=DOG, G1=DOG, G2=DOG, G3=CAT, G4=DOG, G5=DOG) -> lights(S0=OFF, S1=OFF, S2=OFF, S3=ON, S4=OFF, S5=OFF) -> guesses(G0=DOGok, G1=DOGok, G2=DOGok, G3=DOGXX, G4=DOGok, G5=DOGok)  R=0.83
             ex5: items(G0=DOG, G1=DOG, G2=CAT, G3=CAT, G4=CAT, G5=DOG) -> lights(S0=ON, S1=OFF, S2=OFF, S3=ON, S4=ON, S5=OFF) -> guesses(G0=DOGok, G1=CATXX, G2=CATok, G3=CATok, G4=CATok, G5=DOGok)  R=0.83

  seed 13  R=0.880  [exploiting joint channel (0.880)]  (70.4s)
           not perfect (0 tracking, 6 holistic, 0 pooling signallers)
             S0: general(G0,G1,G2,G3,G4,G5) [nonlinear] (kind=general, depends on [0, 1, 2, 3, 4, 5])
             S1: general(G0,G1,G2,G3,G4,G5) [nonlinear] (kind=general, depends on [0, 1, 2, 3, 4, 5])
             S2: general(G0,G1,G2,G3,G4,G5) [nonlinear] (kind=general, depends on [0, 1, 2, 3, 4, 5])
             S3: general(G0,G1,G2,G3,G4,G5) [nonlinear] (kind=general, depends on [0, 1, 2, 3, 4, 5])
             S4: general(G0,G1,G2,G3,G4,G5) [nonlinear] (kind=general, depends on [0, 1, 2, 3, 4, 5])
             S5: general(G0,G1,G2,G3,G4,G5) [nonlinear] (kind=general, depends on [0, 1, 2, 3, 4, 5])
             entropy reduction per guesser (out of 1.0): G0=0.84, G1=0.76, G2=0.63, G3=1.00, G4=0.67, G5=0.69
             ex1: items(G0=CAT, G1=CAT, G2=DOG, G3=CAT, G4=DOG, G5=CAT) -> lights(S0=OFF, S1=ON, S2=ON, S3=ON, S4=OFF, S5=ON) -> guesses(G0=CATok, G1=CATok, G2=DOGok, G3=CATok, G4=CATXX, G5=CATok)  R=0.83
             ex2: items(G0=CAT, G1=DOG, G2=CAT, G3=DOG, G4=CAT, G5=CAT) -> lights(S0=OFF, S1=OFF, S2=ON, S3=OFF, S4=OFF, S5=OFF) -> guesses(G0=CATok, G1=DOGok, G2=CATok, G3=DOGok, G4=DOGXX, G5=DOGXX)  R=0.67
             ex3: items(G0=CAT, G1=CAT, G2=DOG, G3=CAT, G4=DOG, G5=DOG) -> lights(S0=ON, S1=OFF, S2=OFF, S3=ON, S4=OFF, S5=ON) -> guesses(G0=DOGXX, G1=CATok, G2=DOGok, G3=CATok, G4=CATXX, G5=DOGok)  R=0.67
             ex4: items(G0=DOG, G1=DOG, G2=DOG, G3=CAT, G4=CAT, G5=DOG) -> lights(S0=ON, S1=OFF, S2=OFF, S3=ON, S4=OFF, S5=OFF) -> guesses(G0=DOGok, G1=DOGok, G2=CATXX, G3=CATok, G4=CATok, G5=DOGok)  R=0.83
             ex5: items(G0=DOG, G1=DOG, G2=DOG, G3=CAT, G4=DOG, G5=DOG) -> lights(S0=ON, S1=OFF, S2=ON, S3=ON, S4=OFF, S5=OFF) -> guesses(G0=CATXX, G1=DOGok, G2=DOGok, G3=CATok, G4=CATXX, G5=DOGok)  R=0.67

  seed 14  R=0.859  [exploiting joint channel (0.859)]  (69.9s)
           not perfect (0 tracking, 6 holistic, 0 pooling signallers)
             S0: general(G0,G1,G2,G3,G4,G5) [nonlinear] (kind=general, depends on [0, 1, 2, 3, 4, 5])
             S1: general(G0,G1,G2,G3,G4,G5) [nonlinear] (kind=general, depends on [0, 1, 2, 3, 4, 5])
             S2: general(G0,G1,G2,G3,G4,G5) [nonlinear] (kind=general, depends on [0, 1, 2, 3, 4, 5])
             S3: general(G0,G1,G2,G3,G4,G5) [nonlinear] (kind=general, depends on [0, 1, 2, 3, 4, 5])
             S4: general(G0,G1,G2,G3,G4,G5) [nonlinear] (kind=general, depends on [0, 1, 2, 3, 4, 5])
             S5: general(G0,G1,G2,G3,G4,G5) [nonlinear] (kind=general, depends on [0, 1, 2, 3, 4, 5])
             entropy reduction per guesser (out of 1.0): G0=0.91, G1=0.67, G2=0.58, G3=0.91, G4=0.47, G5=0.57
             ex1: items(G0=DOG, G1=DOG, G2=CAT, G3=CAT, G4=DOG, G5=CAT) -> lights(S0=ON, S1=OFF, S2=ON, S3=ON, S4=OFF, S5=ON) -> guesses(G0=DOGok, G1=DOGok, G2=CATok, G3=CATok, G4=DOGok, G5=CATok)  R=1.00
             ex2: items(G0=CAT, G1=DOG, G2=CAT, G3=DOG, G4=CAT, G5=CAT) -> lights(S0=OFF, S1=ON, S2=ON, S3=ON, S4=ON, S5=ON) -> guesses(G0=CATok, G1=DOGok, G2=CATok, G3=DOGok, G4=CATok, G5=CATok)  R=1.00
             ex3: items(G0=CAT, G1=CAT, G2=DOG, G3=DOG, G4=CAT, G5=DOG) -> lights(S0=OFF, S1=ON, S2=OFF, S3=ON, S4=OFF, S5=OFF) -> guesses(G0=CATok, G1=CATok, G2=DOGok, G3=DOGok, G4=CATok, G5=DOGok)  R=1.00
             ex4: items(G0=DOG, G1=CAT, G2=CAT, G3=DOG, G4=CAT, G5=CAT) -> lights(S0=ON, S1=ON, S2=ON, S3=OFF, S4=OFF, S5=ON) -> guesses(G0=DOGok, G1=CATok, G2=CATok, G3=CATXX, G4=CATok, G5=CATok)  R=0.83
             ex5: items(G0=DOG, G1=CAT, G2=CAT, G3=DOG, G4=CAT, G5=DOG) -> lights(S0=ON, S1=ON, S2=ON, S3=ON, S4=ON, S5=ON) -> guesses(G0=DOGok, G1=CATok, G2=CATok, G3=DOGok, G4=CATok, G5=CATXX)  R=0.83

  seed 15  R=0.862  [exploiting joint channel (0.862)]  (69.9s)
           not perfect (0 tracking, 6 holistic, 0 pooling signallers)
             S0: general(G0,G1,G2,G3,G4,G5) [nonlinear] (kind=general, depends on [0, 1, 2, 3, 4, 5])
             S1: general(G0,G1,G2,G3,G4,G5) [nonlinear] (kind=general, depends on [0, 1, 2, 3, 4, 5])
             S2: general(G0,G1,G2,G3,G4,G5) [nonlinear] (kind=general, depends on [0, 1, 2, 3, 4, 5])
             S3: general(G0,G1,G2,G3,G4,G5) [nonlinear] (kind=general, depends on [0, 1, 2, 3, 4, 5])
             S4: general(G0,G1,G2,G3,G4,G5) [nonlinear] (kind=general, depends on [0, 1, 2, 3, 4, 5])
             S5: general(G0,G1,G2,G3,G4,G5) [nonlinear] (kind=general, depends on [0, 1, 2, 3, 4, 5])
             entropy reduction per guesser (out of 1.0): G0=0.73, G1=0.77, G2=0.76, G3=0.79, G4=0.85, G5=0.73
             ex1: items(G0=CAT, G1=CAT, G2=DOG, G3=DOG, G4=DOG, G5=DOG) -> lights(S0=OFF, S1=OFF, S2=OFF, S3=ON, S4=OFF, S5=OFF) -> guesses(G0=CATok, G1=CATok, G2=DOGok, G3=DOGok, G4=DOGok, G5=DOGok)  R=1.00
             ex2: items(G0=CAT, G1=CAT, G2=CAT, G3=DOG, G4=DOG, G5=DOG) -> lights(S0=OFF, S1=OFF, S2=ON, S3=ON, S4=ON, S5=OFF) -> guesses(G0=CATok, G1=CATok, G2=CATok, G3=DOGok, G4=CATXX, G5=DOGok)  R=0.83
             ex3: items(G0=DOG, G1=DOG, G2=CAT, G3=DOG, G4=CAT, G5=CAT) -> lights(S0=OFF, S1=OFF, S2=ON, S3=ON, S4=ON, S5=ON) -> guesses(G0=DOGok, G1=DOGok, G2=CATok, G3=DOGok, G4=CATok, G5=DOGXX)  R=0.83
             ex4: items(G0=CAT, G1=DOG, G2=CAT, G3=DOG, G4=DOG, G5=DOG) -> lights(S0=ON, S1=OFF, S2=ON, S3=ON, S4=OFF, S5=OFF) -> guesses(G0=DOGXX, G1=DOGok, G2=CATok, G3=DOGok, G4=DOGok, G5=DOGok)  R=0.83
             ex5: items(G0=DOG, G1=DOG, G2=DOG, G3=CAT, G4=DOG, G5=DOG) -> lights(S0=ON, S1=ON, S2=ON, S3=ON, S4=OFF, S5=ON) -> guesses(G0=DOGok, G1=DOGok, G2=DOGok, G3=CATok, G4=DOGok, G5=DOGok)  R=1.00

  seed 16  R=0.878  [exploiting joint channel (0.878)]  (69.8s)
           not perfect (0 tracking, 6 holistic, 0 pooling signallers)
             S0: general(G0,G1,G2,G4,G5) [nonlinear] (kind=general, depends on [0, 1, 2, 4, 5])
             S1: general(G0,G1,G2,G3,G4,G5) [nonlinear] (kind=general, depends on [0, 1, 2, 3, 4, 5])
             S2: general(G0,G1,G2,G3,G4,G5) [nonlinear] (kind=general, depends on [0, 1, 2, 3, 4, 5])
             S3: general(G0,G1,G2,G3,G4,G5) [nonlinear] (kind=general, depends on [0, 1, 2, 3, 4, 5])
             S4: general(G0,G1,G2,G3,G4,G5) [nonlinear] (kind=general, depends on [0, 1, 2, 3, 4, 5])
             S5: general(G0,G1,G2,G3,G4,G5) [nonlinear] (kind=general, depends on [0, 1, 2, 3, 4, 5])
             entropy reduction per guesser (out of 1.0): G0=1.00, G1=1.00, G2=0.34, G3=0.86, G4=0.53, G5=0.51
             ex1: items(G0=CAT, G1=DOG, G2=DOG, G3=DOG, G4=CAT, G5=CAT) -> lights(S0=ON, S1=ON, S2=OFF, S3=ON, S4=ON, S5=ON) -> guesses(G0=CATok, G1=DOGok, G2=CATXX, G3=DOGok, G4=CATok, G5=CATok)  R=0.83
             ex2: items(G0=CAT, G1=DOG, G2=DOG, G3=CAT, G4=CAT, G5=DOG) -> lights(S0=OFF, S1=OFF, S2=OFF, S3=OFF, S4=ON, S5=ON) -> guesses(G0=CATok, G1=DOGok, G2=DOGok, G3=CATok, G4=CATok, G5=DOGok)  R=1.00
             ex3: items(G0=DOG, G1=CAT, G2=DOG, G3=CAT, G4=CAT, G5=CAT) -> lights(S0=ON, S1=OFF, S2=ON, S3=OFF, S4=OFF, S5=OFF) -> guesses(G0=DOGok, G1=CATok, G2=CATXX, G3=CATok, G4=CATok, G5=CATok)  R=0.83
             ex4: items(G0=DOG, G1=DOG, G2=CAT, G3=DOG, G4=CAT, G5=DOG) -> lights(S0=ON, S1=ON, S2=OFF, S3=OFF, S4=OFF, S5=OFF) -> guesses(G0=DOGok, G1=DOGok, G2=CATok, G3=CATXX, G4=CATok, G5=DOGok)  R=0.83
             ex5: items(G0=CAT, G1=CAT, G2=DOG, G3=CAT, G4=DOG, G5=CAT) -> lights(S0=OFF, S1=OFF, S2=ON, S3=ON, S4=OFF, S5=OFF) -> guesses(G0=CATok, G1=CATok, G2=DOGok, G3=CATok, G4=DOGok, G5=DOGXX)  R=0.83

  seed 17  R=0.867  [exploiting joint channel (0.867)]  (70.2s)
           not perfect (0 tracking, 6 holistic, 0 pooling signallers)
             S0: general(G0,G1,G2,G3,G4,G5) [nonlinear] (kind=general, depends on [0, 1, 2, 3, 4, 5])
             S1: general(G0,G1,G2,G3,G4,G5) [nonlinear] (kind=general, depends on [0, 1, 2, 3, 4, 5])
             S2: general(G0,G1,G2,G3,G4,G5) [nonlinear] (kind=general, depends on [0, 1, 2, 3, 4, 5])
             S3: general(G0,G1,G2,G3,G4,G5) [nonlinear] (kind=general, depends on [0, 1, 2, 3, 4, 5])
             S4: general(G0,G1,G2,G3,G4,G5) [nonlinear] (kind=general, depends on [0, 1, 2, 3, 4, 5])
             S5: general(G0,G1,G2,G3,G4,G5) [nonlinear] (kind=general, depends on [0, 1, 2, 3, 4, 5])
             entropy reduction per guesser (out of 1.0): G0=0.75, G1=0.81, G2=0.66, G3=0.88, G4=0.80, G5=0.66
             ex1: items(G0=DOG, G1=CAT, G2=CAT, G3=CAT, G4=CAT, G5=DOG) -> lights(S0=ON, S1=ON, S2=OFF, S3=OFF, S4=ON, S5=OFF) -> guesses(G0=DOGok, G1=CATok, G2=CATok, G3=CATok, G4=CATok, G5=DOGok)  R=1.00
             ex2: items(G0=CAT, G1=DOG, G2=CAT, G3=DOG, G4=DOG, G5=CAT) -> lights(S0=ON, S1=OFF, S2=ON, S3=ON, S4=ON, S5=ON) -> guesses(G0=CATok, G1=CATXX, G2=CATok, G3=DOGok, G4=DOGok, G5=CATok)  R=0.83
             ex3: items(G0=DOG, G1=CAT, G2=DOG, G3=CAT, G4=CAT, G5=CAT) -> lights(S0=OFF, S1=ON, S2=OFF, S3=OFF, S4=OFF, S5=OFF) -> guesses(G0=DOGok, G1=CATok, G2=CATXX, G3=CATok, G4=CATok, G5=DOGXX)  R=0.67
             ex4: items(G0=DOG, G1=CAT, G2=CAT, G3=DOG, G4=DOG, G5=DOG) -> lights(S0=ON, S1=OFF, S2=OFF, S3=OFF, S4=OFF, S5=OFF) -> guesses(G0=DOGok, G1=CATok, G2=CATok, G3=DOGok, G4=DOGok, G5=DOGok)  R=1.00
             ex5: items(G0=DOG, G1=DOG, G2=CAT, G3=DOG, G4=CAT, G5=CAT) -> lights(S0=OFF, S1=ON, S2=ON, S3=ON, S4=OFF, S5=OFF) -> guesses(G0=DOGok, G1=DOGok, G2=CATok, G3=DOGok, G4=CATok, G5=CATok)  R=1.00

  seed 18  R=0.870  [exploiting joint channel (0.870)]  (69.8s)
           not perfect (1 tracking, 5 holistic, 0 pooling signallers)
             S0: track NOT G4                     (kind=dictator, depends on [4])
             S1: general(G0,G1,G2,G3,G4,G5) [nonlinear] (kind=general, depends on [0, 1, 2, 3, 4, 5])
             S2: general(G0,G1,G2,G3,G4,G5) [nonlinear] (kind=general, depends on [0, 1, 2, 3, 4, 5])
             S3: general(G0,G1,G2,G3,G4,G5) [nonlinear] (kind=general, depends on [0, 1, 2, 3, 4, 5])
             S4: general(G0,G1,G2,G3,G4,G5) [nonlinear] (kind=general, depends on [0, 1, 2, 3, 4, 5])
             S5: general(G0,G1,G2,G3,G4,G5) [nonlinear] (kind=general, depends on [0, 1, 2, 3, 4, 5])
             entropy reduction per guesser (out of 1.0): G0=0.64, G1=0.63, G2=0.73, G3=0.82, G4=1.00, G5=0.78
             ex1: items(G0=CAT, G1=CAT, G2=DOG, G3=CAT, G4=DOG, G5=CAT) -> lights(S0=OFF, S1=ON, S2=ON, S3=OFF, S4=OFF, S5=ON) -> guesses(G0=DOGXX, G1=CATok, G2=DOGok, G3=CATok, G4=DOGok, G5=CATok)  R=0.83
             ex2: items(G0=CAT, G1=CAT, G2=CAT, G3=CAT, G4=DOG, G5=CAT) -> lights(S0=OFF, S1=ON, S2=OFF, S3=OFF, S4=OFF, S5=OFF) -> guesses(G0=CATok, G1=CATok, G2=CATok, G3=CATok, G4=DOGok, G5=CATok)  R=1.00
             ex3: items(G0=DOG, G1=CAT, G2=CAT, G3=DOG, G4=DOG, G5=DOG) -> lights(S0=OFF, S1=ON, S2=OFF, S3=OFF, S4=ON, S5=OFF) -> guesses(G0=DOGok, G1=CATok, G2=CATok, G3=DOGok, G4=DOGok, G5=DOGok)  R=1.00
             ex4: items(G0=CAT, G1=CAT, G2=CAT, G3=DOG, G4=CAT, G5=DOG) -> lights(S0=ON, S1=OFF, S2=OFF, S3=OFF, S4=ON, S5=OFF) -> guesses(G0=CATok, G1=CATok, G2=CATok, G3=DOGok, G4=CATok, G5=DOGok)  R=1.00
             ex5: items(G0=DOG, G1=DOG, G2=CAT, G3=DOG, G4=DOG, G5=CAT) -> lights(S0=OFF, S1=ON, S2=ON, S3=OFF, S4=ON, S5=ON) -> guesses(G0=DOGok, G1=DOGok, G2=DOGXX, G3=DOGok, G4=DOGok, G5=CATok)  R=0.83

  seed 19  R=0.854  [exploiting joint channel (0.854)]  (70.0s)
           not perfect (0 tracking, 6 holistic, 0 pooling signallers)
             S0: general(G0,G1,G2,G3,G4,G5) [nonlinear] (kind=general, depends on [0, 1, 2, 3, 4, 5])
             S1: general(G0,G1,G2,G3,G4,G5) [nonlinear] (kind=general, depends on [0, 1, 2, 3, 4, 5])
             S2: general(G0,G1,G2,G3,G5) [nonlinear] (kind=general, depends on [0, 1, 2, 3, 5])
             S3: general(G0,G1,G2,G3,G4,G5) [nonlinear] (kind=general, depends on [0, 1, 2, 3, 4, 5])
             S4: general(G0,G1,G2,G3,G4,G5) [nonlinear] (kind=general, depends on [0, 1, 2, 3, 4, 5])
             S5: general(G0,G1,G2,G3,G4,G5) [nonlinear] (kind=general, depends on [0, 1, 2, 3, 4, 5])
             entropy reduction per guesser (out of 1.0): G0=0.64, G1=0.93, G2=0.61, G3=0.74, G4=0.69, G5=0.93
             ex1: items(G0=CAT, G1=CAT, G2=CAT, G3=CAT, G4=DOG, G5=DOG) -> lights(S0=OFF, S1=OFF, S2=OFF, S3=ON, S4=ON, S5=ON) -> guesses(G0=CATok, G1=CATok, G2=DOGXX, G3=CATok, G4=DOGok, G5=DOGok)  R=0.83
             ex2: items(G0=CAT, G1=CAT, G2=DOG, G3=DOG, G4=CAT, G5=DOG) -> lights(S0=OFF, S1=OFF, S2=OFF, S3=ON, S4=OFF, S5=OFF) -> guesses(G0=CATok, G1=CATok, G2=DOGok, G3=CATXX, G4=CATok, G5=DOGok)  R=0.83
             ex3: items(G0=DOG, G1=DOG, G2=DOG, G3=CAT, G4=CAT, G5=CAT) -> lights(S0=ON, S1=ON, S2=ON, S3=OFF, S4=OFF, S5=OFF) -> guesses(G0=DOGok, G1=DOGok, G2=CATXX, G3=CATok, G4=CATok, G5=CATok)  R=0.83
             ex4: items(G0=CAT, G1=DOG, G2=CAT, G3=CAT, G4=CAT, G5=DOG) -> lights(S0=OFF, S1=OFF, S2=ON, S3=OFF, S4=OFF, S5=ON) -> guesses(G0=CATok, G1=DOGok, G2=CATok, G3=CATok, G4=CATok, G5=DOGok)  R=1.00
             ex5: items(G0=CAT, G1=DOG, G2=DOG, G3=CAT, G4=CAT, G5=CAT) -> lights(S0=OFF, S1=ON, S2=ON, S3=OFF, S4=OFF, S5=OFF) -> guesses(G0=CATok, G1=DOGok, G2=CATXX, G3=CATok, G4=CATok, G5=CATok)  R=0.83

  seed 20  R=0.893  [exploiting joint channel (0.893)]  (69.8s)
           not perfect (0 tracking, 6 holistic, 0 pooling signallers)
             S0: general(G0,G1,G2,G3,G4,G5) [nonlinear] (kind=general, depends on [0, 1, 2, 3, 4, 5])
             S1: general(G0,G1,G2,G3,G4,G5) [nonlinear] (kind=general, depends on [0, 1, 2, 3, 4, 5])
             S2: general(G0,G1,G4) [nonlinear]    (kind=general, depends on [0, 1, 4])
             S3: general(G0,G1,G3,G4,G5) [nonlinear] (kind=general, depends on [0, 1, 3, 4, 5])
             S4: general(G0,G1,G2,G3,G4,G5) [nonlinear] (kind=general, depends on [0, 1, 2, 3, 4, 5])
             S5: general(G0,G1,G2,G3,G4,G5) [nonlinear] (kind=general, depends on [0, 1, 2, 3, 4, 5])
             entropy reduction per guesser (out of 1.0): G0=1.00, G1=0.93, G2=0.83, G3=0.81, G4=0.52, G5=0.75
             ex1: items(G0=CAT, G1=DOG, G2=DOG, G3=CAT, G4=CAT, G5=CAT) -> lights(S0=OFF, S1=ON, S2=OFF, S3=OFF, S4=ON, S5=OFF) -> guesses(G0=CATok, G1=DOGok, G2=CATXX, G3=CATok, G4=CATok, G5=CATok)  R=0.83
             ex2: items(G0=CAT, G1=CAT, G2=CAT, G3=CAT, G4=DOG, G5=DOG) -> lights(S0=OFF, S1=OFF, S2=ON, S3=ON, S4=ON, S5=ON) -> guesses(G0=CATok, G1=CATok, G2=CATok, G3=CATok, G4=DOGok, G5=DOGok)  R=1.00
             ex3: items(G0=DOG, G1=DOG, G2=DOG, G3=DOG, G4=CAT, G5=DOG) -> lights(S0=ON, S1=OFF, S2=OFF, S3=OFF, S4=OFF, S5=ON) -> guesses(G0=DOGok, G1=DOGok, G2=DOGok, G3=DOGok, G4=DOGXX, G5=DOGok)  R=0.83
             ex4: items(G0=DOG, G1=DOG, G2=DOG, G3=DOG, G4=DOG, G5=CAT) -> lights(S0=ON, S1=OFF, S2=OFF, S3=OFF, S4=OFF, S5=ON) -> guesses(G0=DOGok, G1=DOGok, G2=DOGok, G3=DOGok, G4=DOGok, G5=DOGXX)  R=0.83
             ex5: items(G0=DOG, G1=CAT, G2=DOG, G3=CAT, G4=DOG, G5=CAT) -> lights(S0=ON, S1=ON, S2=OFF, S3=ON, S4=OFF, S5=OFF) -> guesses(G0=DOGok, G1=CATok, G2=DOGok, G3=CATok, G4=CATXX, G5=CATok)  R=0.83

  seed 21  R=0.849  [exploiting joint channel (0.849)]  (70.4s)
           not perfect (0 tracking, 6 holistic, 0 pooling signallers)
             S0: general(G0,G1,G2,G3,G4,G5) [nonlinear] (kind=general, depends on [0, 1, 2, 3, 4, 5])
             S1: general(G0,G1,G2,G3,G4,G5) [nonlinear] (kind=general, depends on [0, 1, 2, 3, 4, 5])
             S2: general(G0,G1,G2,G3,G4,G5) [nonlinear] (kind=general, depends on [0, 1, 2, 3, 4, 5])
             S3: general(G0,G1,G2,G3,G4,G5) [nonlinear] (kind=general, depends on [0, 1, 2, 3, 4, 5])
             S4: general(G0,G1,G2,G3,G4,G5) [nonlinear] (kind=general, depends on [0, 1, 2, 3, 4, 5])
             S5: general(G0,G1,G2,G3,G4,G5) [nonlinear] (kind=general, depends on [0, 1, 2, 3, 4, 5])
             entropy reduction per guesser (out of 1.0): G0=0.55, G1=0.54, G2=0.77, G3=0.86, G4=0.72, G5=0.86
             ex1: items(G0=CAT, G1=CAT, G2=CAT, G3=DOG, G4=DOG, G5=DOG) -> lights(S0=OFF, S1=ON, S2=OFF, S3=OFF, S4=OFF, S5=ON) -> guesses(G0=CATok, G1=CATok, G2=CATok, G3=DOGok, G4=DOGok, G5=DOGok)  R=1.00
             ex2: items(G0=DOG, G1=CAT, G2=DOG, G3=DOG, G4=DOG, G5=DOG) -> lights(S0=OFF, S1=ON, S2=OFF, S3=ON, S4=OFF, S5=ON) -> guesses(G0=CATXX, G1=CATok, G2=DOGok, G3=DOGok, G4=DOGok, G5=DOGok)  R=0.83
             ex3: items(G0=CAT, G1=DOG, G2=DOG, G3=CAT, G4=DOG, G5=CAT) -> lights(S0=OFF, S1=ON, S2=ON, S3=ON, S4=ON, S5=OFF) -> guesses(G0=DOGXX, G1=DOGok, G2=DOGok, G3=DOGXX, G4=DOGok, G5=DOGXX)  R=0.50
             ex4: items(G0=DOG, G1=DOG, G2=DOG, G3=DOG, G4=CAT, G5=DOG) -> lights(S0=OFF, S1=ON, S2=ON, S3=ON, S4=OFF, S5=ON) -> guesses(G0=DOGok, G1=DOGok, G2=DOGok, G3=DOGok, G4=DOGXX, G5=DOGok)  R=0.83
             ex5: items(G0=CAT, G1=CAT, G2=CAT, G3=DOG, G4=CAT, G5=DOG) -> lights(S0=OFF, S1=OFF, S2=OFF, S3=OFF, S4=OFF, S5=OFF) -> guesses(G0=CATok, G1=CATok, G2=DOGXX, G3=DOGok, G4=CATok, G5=DOGok)  R=0.83

  seed 22  R=0.901  [exploiting joint channel (0.901)]  (70.1s)
           not perfect (0 tracking, 6 holistic, 0 pooling signallers)
             S0: general(G0,G1,G3,G4,G5) [nonlinear] (kind=general, depends on [0, 1, 3, 4, 5])
             S1: general(G0,G1,G2,G3,G4,G5) [nonlinear] (kind=general, depends on [0, 1, 2, 3, 4, 5])
             S2: general(G0,G1,G2,G3,G4,G5) [nonlinear] (kind=general, depends on [0, 1, 2, 3, 4, 5])
             S3: general(G0,G1,G2,G3,G4,G5) [nonlinear] (kind=general, depends on [0, 1, 2, 3, 4, 5])
             S4: general(G0,G1,G2,G3,G4,G5) [nonlinear] (kind=general, depends on [0, 1, 2, 3, 4, 5])
             S5: general(G0,G1,G2,G3,G4,G5) [nonlinear] (kind=general, depends on [0, 1, 2, 3, 4, 5])
             entropy reduction per guesser (out of 1.0): G0=0.95, G1=0.82, G2=0.41, G3=0.86, G4=0.82, G5=0.94
             ex1: items(G0=CAT, G1=CAT, G2=CAT, G3=DOG, G4=CAT, G5=DOG) -> lights(S0=ON, S1=ON, S2=ON, S3=OFF, S4=OFF, S5=ON) -> guesses(G0=CATok, G1=DOGXX, G2=CATok, G3=DOGok, G4=CATok, G5=DOGok)  R=0.83
             ex2: items(G0=CAT, G1=DOG, G2=CAT, G3=DOG, G4=DOG, G5=CAT) -> lights(S0=OFF, S1=ON, S2=ON, S3=ON, S4=OFF, S5=ON) -> guesses(G0=CATok, G1=DOGok, G2=CATok, G3=DOGok, G4=CATXX, G5=CATok)  R=0.83
             ex3: items(G0=DOG, G1=DOG, G2=CAT, G3=CAT, G4=CAT, G5=DOG) -> lights(S0=ON, S1=OFF, S2=ON, S3=ON, S4=OFF, S5=ON) -> guesses(G0=DOGok, G1=DOGok, G2=CATok, G3=DOGXX, G4=CATok, G5=DOGok)  R=0.83
             ex4: items(G0=CAT, G1=CAT, G2=DOG, G3=DOG, G4=DOG, G5=DOG) -> lights(S0=ON, S1=ON, S2=ON, S3=OFF, S4=ON, S5=ON) -> guesses(G0=CATok, G1=CATok, G2=DOGok, G3=DOGok, G4=DOGok, G5=DOGok)  R=1.00
             ex5: items(G0=CAT, G1=CAT, G2=DOG, G3=DOG, G4=CAT, G5=DOG) -> lights(S0=ON, S1=ON, S2=ON, S3=OFF, S4=ON, S5=ON) -> guesses(G0=CATok, G1=CATok, G2=DOGok, G3=DOGok, G4=DOGXX, G5=DOGok)  R=0.83

  seed 23  R=0.833  [exploiting joint channel (0.833)]  (69.6s)
           not perfect (0 tracking, 6 holistic, 0 pooling signallers)
             S0: general(G0,G1,G2,G3,G4,G5) [nonlinear] (kind=general, depends on [0, 1, 2, 3, 4, 5])
             S1: general(G0,G1,G2,G3,G4,G5) [nonlinear] (kind=general, depends on [0, 1, 2, 3, 4, 5])
             S2: general(G0,G1,G2,G3,G4,G5) [nonlinear] (kind=general, depends on [0, 1, 2, 3, 4, 5])
             S3: general(G0,G1,G2,G3,G4,G5) [nonlinear] (kind=general, depends on [0, 1, 2, 3, 4, 5])
             S4: general(G0,G1,G2,G3,G4,G5) [nonlinear] (kind=general, depends on [0, 1, 2, 3, 4, 5])
             S5: general(G0,G1,G2,G3,G4,G5) [nonlinear] (kind=general, depends on [0, 1, 2, 3, 4, 5])
             entropy reduction per guesser (out of 1.0): G0=0.67, G1=0.71, G2=0.70, G3=0.70, G4=0.58, G5=0.62
             ex1: items(G0=DOG, G1=CAT, G2=CAT, G3=DOG, G4=DOG, G5=CAT) -> lights(S0=OFF, S1=ON, S2=OFF, S3=ON, S4=OFF, S5=ON) -> guesses(G0=DOGok, G1=CATok, G2=CATok, G3=CATXX, G4=DOGok, G5=CATok)  R=0.83
             ex2: items(G0=CAT, G1=DOG, G2=CAT, G3=DOG, G4=CAT, G5=DOG) -> lights(S0=OFF, S1=ON, S2=OFF, S3=ON, S4=ON, S5=OFF) -> guesses(G0=CATok, G1=DOGok, G2=CATok, G3=DOGok, G4=DOGXX, G5=DOGok)  R=0.83
             ex3: items(G0=DOG, G1=CAT, G2=DOG, G3=DOG, G4=DOG, G5=DOG) -> lights(S0=ON, S1=OFF, S2=OFF, S3=ON, S4=OFF, S5=ON) -> guesses(G0=DOGok, G1=DOGXX, G2=DOGok, G3=DOGok, G4=DOGok, G5=DOGok)  R=0.83
             ex4: items(G0=DOG, G1=CAT, G2=CAT, G3=DOG, G4=CAT, G5=DOG) -> lights(S0=OFF, S1=OFF, S2=OFF, S3=OFF, S4=OFF, S5=OFF) -> guesses(G0=CATXX, G1=CATok, G2=DOGXX, G3=DOGok, G4=CATok, G5=DOGok)  R=0.67
             ex5: items(G0=DOG, G1=CAT, G2=CAT, G3=DOG, G4=CAT, G5=CAT) -> lights(S0=OFF, S1=ON, S2=OFF, S3=OFF, S4=ON, S5=ON) -> guesses(G0=CATXX, G1=CATok, G2=CATok, G3=CATXX, G4=CATok, G5=CATok)  R=0.67

  seed 24  R=0.839  [exploiting joint channel (0.839)]  (70.1s)
           not perfect (0 tracking, 6 holistic, 0 pooling signallers)
             S0: general(G0,G1,G2,G3,G4,G5) [nonlinear] (kind=general, depends on [0, 1, 2, 3, 4, 5])
             S1: general(G0,G1,G2,G3,G4,G5) [nonlinear] (kind=general, depends on [0, 1, 2, 3, 4, 5])
             S2: general(G0,G1,G2,G3,G4,G5) [nonlinear] (kind=general, depends on [0, 1, 2, 3, 4, 5])
             S3: general(G0,G1,G2,G3,G4,G5) [nonlinear] (kind=general, depends on [0, 1, 2, 3, 4, 5])
             S4: general(G0,G1,G2,G3,G4,G5) [nonlinear] (kind=general, depends on [0, 1, 2, 3, 4, 5])
             S5: general(G0,G1,G2,G3,G4,G5) [nonlinear] (kind=general, depends on [0, 1, 2, 3, 4, 5])
             entropy reduction per guesser (out of 1.0): G0=0.85, G1=0.77, G2=0.53, G3=0.60, G4=0.72, G5=0.69
             ex1: items(G0=CAT, G1=DOG, G2=DOG, G3=CAT, G4=CAT, G5=CAT) -> lights(S0=OFF, S1=OFF, S2=OFF, S3=OFF, S4=OFF, S5=ON) -> guesses(G0=CATok, G1=DOGok, G2=DOGok, G3=DOGXX, G4=CATok, G5=CATok)  R=0.83
             ex2: items(G0=CAT, G1=DOG, G2=CAT, G3=CAT, G4=CAT, G5=CAT) -> lights(S0=OFF, S1=OFF, S2=OFF, S3=OFF, S4=OFF, S5=ON) -> guesses(G0=CATok, G1=DOGok, G2=DOGXX, G3=DOGXX, G4=CATok, G5=CATok)  R=0.67
             ex3: items(G0=CAT, G1=DOG, G2=DOG, G3=DOG, G4=CAT, G5=DOG) -> lights(S0=OFF, S1=OFF, S2=OFF, S3=OFF, S4=OFF, S5=ON) -> guesses(G0=CATok, G1=DOGok, G2=DOGok, G3=DOGok, G4=CATok, G5=CATXX)  R=0.83
             ex4: items(G0=CAT, G1=CAT, G2=CAT, G3=CAT, G4=CAT, G5=CAT) -> lights(S0=ON, S1=ON, S2=ON, S3=ON, S4=ON, S5=ON) -> guesses(G0=CATok, G1=CATok, G2=CATok, G3=CATok, G4=CATok, G5=DOGXX)  R=0.83
             ex5: items(G0=CAT, G1=DOG, G2=CAT, G3=CAT, G4=DOG, G5=CAT) -> lights(S0=ON, S1=OFF, S2=OFF, S3=OFF, S4=OFF, S5=ON) -> guesses(G0=CATok, G1=DOGok, G2=CATok, G3=DOGXX, G4=DOGok, G5=DOGXX)  R=0.67

  seed 25  R=0.875  [exploiting joint channel (0.875)]  (70.0s)
           not perfect (0 tracking, 6 holistic, 0 pooling signallers)
             S0: general(G0,G1,G2,G3,G4,G5) [nonlinear] (kind=general, depends on [0, 1, 2, 3, 4, 5])
             S1: general(G0,G1,G2,G3,G4,G5) [nonlinear] (kind=general, depends on [0, 1, 2, 3, 4, 5])
             S2: general(G0,G1,G2,G3,G4,G5) [nonlinear] (kind=general, depends on [0, 1, 2, 3, 4, 5])
             S3: general(G0,G1,G2,G3,G4,G5) [nonlinear] (kind=general, depends on [0, 1, 2, 3, 4, 5])
             S4: general(G0,G1,G2,G3,G4,G5) [nonlinear] (kind=general, depends on [0, 1, 2, 3, 4, 5])
             S5: general(G0,G1,G2,G3,G4,G5) [nonlinear] (kind=general, depends on [0, 1, 2, 3, 4, 5])
             entropy reduction per guesser (out of 1.0): G0=0.72, G1=0.86, G2=0.95, G3=0.93, G4=0.84, G5=0.41
             ex1: items(G0=CAT, G1=CAT, G2=CAT, G3=DOG, G4=CAT, G5=DOG) -> lights(S0=ON, S1=ON, S2=OFF, S3=OFF, S4=OFF, S5=ON) -> guesses(G0=DOGXX, G1=CATok, G2=CATok, G3=DOGok, G4=CATok, G5=DOGok)  R=0.83
             ex2: items(G0=CAT, G1=CAT, G2=DOG, G3=DOG, G4=DOG, G5=DOG) -> lights(S0=OFF, S1=ON, S2=ON, S3=ON, S4=ON, S5=ON) -> guesses(G0=DOGXX, G1=CATok, G2=DOGok, G3=DOGok, G4=DOGok, G5=DOGok)  R=0.83
             ex3: items(G0=CAT, G1=CAT, G2=DOG, G3=CAT, G4=DOG, G5=CAT) -> lights(S0=OFF, S1=OFF, S2=ON, S3=ON, S4=ON, S5=ON) -> guesses(G0=CATok, G1=CATok, G2=DOGok, G3=CATok, G4=DOGok, G5=CATok)  R=1.00
             ex4: items(G0=DOG, G1=DOG, G2=CAT, G3=DOG, G4=CAT, G5=DOG) -> lights(S0=OFF, S1=ON, S2=OFF, S3=OFF, S4=OFF, S5=OFF) -> guesses(G0=DOGok, G1=DOGok, G2=CATok, G3=DOGok, G4=CATok, G5=CATXX)  R=0.83
             ex5: items(G0=DOG, G1=DOG, G2=DOG, G3=CAT, G4=CAT, G5=CAT) -> lights(S0=OFF, S1=OFF, S2=OFF, S3=ON, S4=OFF, S5=OFF) -> guesses(G0=CATXX, G1=DOGok, G2=DOGok, G3=CATok, G4=CATok, G5=CATok)  R=0.83

  seed 26  R=0.862  [exploiting joint channel (0.862)]  (69.8s)
           not perfect (0 tracking, 6 holistic, 0 pooling signallers)
             S0: general(G0,G1,G2,G3,G4,G5) [nonlinear] (kind=general, depends on [0, 1, 2, 3, 4, 5])
             S1: general(G0,G1,G2,G3,G4,G5) [nonlinear] (kind=general, depends on [0, 1, 2, 3, 4, 5])
             S2: general(G0,G1,G2,G3,G4,G5) [nonlinear] (kind=general, depends on [0, 1, 2, 3, 4, 5])
             S3: general(G0,G1,G2,G3,G4,G5) [nonlinear] (kind=general, depends on [0, 1, 2, 3, 4, 5])
             S4: general(G0,G1,G2,G3,G4,G5) [nonlinear] (kind=general, depends on [0, 1, 2, 3, 4, 5])
             S5: general(G0,G1,G2,G3,G4,G5) [nonlinear] (kind=general, depends on [0, 1, 2, 3, 4, 5])
             entropy reduction per guesser (out of 1.0): G0=0.78, G1=0.78, G2=0.88, G3=0.51, G4=0.75, G5=0.88
             ex1: items(G0=DOG, G1=DOG, G2=DOG, G3=DOG, G4=DOG, G5=DOG) -> lights(S0=ON, S1=ON, S2=ON, S3=ON, S4=ON, S5=OFF) -> guesses(G0=DOGok, G1=DOGok, G2=DOGok, G3=DOGok, G4=DOGok, G5=DOGok)  R=1.00
             ex2: items(G0=DOG, G1=DOG, G2=CAT, G3=DOG, G4=CAT, G5=DOG) -> lights(S0=ON, S1=OFF, S2=OFF, S3=ON, S4=OFF, S5=ON) -> guesses(G0=CATXX, G1=DOGok, G2=CATok, G3=DOGok, G4=CATok, G5=DOGok)  R=0.83
             ex3: items(G0=CAT, G1=DOG, G2=DOG, G3=DOG, G4=CAT, G5=CAT) -> lights(S0=ON, S1=ON, S2=ON, S3=OFF, S4=ON, S5=ON) -> guesses(G0=CATok, G1=DOGok, G2=DOGok, G3=DOGok, G4=CATok, G5=CATok)  R=1.00
             ex4: items(G0=CAT, G1=CAT, G2=CAT, G3=DOG, G4=CAT, G5=CAT) -> lights(S0=OFF, S1=OFF, S2=ON, S3=OFF, S4=OFF, S5=ON) -> guesses(G0=CATok, G1=CATok, G2=CATok, G3=CATXX, G4=CATok, G5=CATok)  R=0.83
             ex5: items(G0=CAT, G1=CAT, G2=DOG, G3=DOG, G4=DOG, G5=CAT) -> lights(S0=OFF, S1=ON, S2=OFF, S3=OFF, S4=OFF, S5=OFF) -> guesses(G0=CATok, G1=CATok, G2=CATXX, G3=DOGok, G4=DOGok, G5=DOGXX)  R=0.67

  seed 27  R=0.896  [exploiting joint channel (0.896)]  (70.1s)
           not perfect (0 tracking, 6 holistic, 0 pooling signallers)
             S0: general(G0,G1,G2,G3,G4,G5) [nonlinear] (kind=general, depends on [0, 1, 2, 3, 4, 5])
             S1: general(G0,G1,G2,G3,G4,G5) [nonlinear] (kind=general, depends on [0, 1, 2, 3, 4, 5])
             S2: general(G0,G1,G2,G3,G4,G5) [nonlinear] (kind=general, depends on [0, 1, 2, 3, 4, 5])
             S3: general(G0,G1,G2,G3,G4,G5) [nonlinear] (kind=general, depends on [0, 1, 2, 3, 4, 5])
             S4: general(G0,G1,G2,G3,G4,G5) [nonlinear] (kind=general, depends on [0, 1, 2, 3, 4, 5])
             S5: general(G0,G1,G2,G3,G4,G5) [nonlinear] (kind=general, depends on [0, 1, 2, 3, 4, 5])
             entropy reduction per guesser (out of 1.0): G0=0.85, G1=0.88, G2=0.78, G3=0.88, G4=0.76, G5=0.78
             ex1: items(G0=CAT, G1=DOG, G2=CAT, G3=DOG, G4=CAT, G5=DOG) -> lights(S0=ON, S1=ON, S2=OFF, S3=OFF, S4=OFF, S5=OFF) -> guesses(G0=CATok, G1=DOGok, G2=CATok, G3=DOGok, G4=CATok, G5=DOGok)  R=1.00
             ex2: items(G0=CAT, G1=DOG, G2=DOG, G3=CAT, G4=DOG, G5=DOG) -> lights(S0=OFF, S1=OFF, S2=OFF, S3=OFF, S4=ON, S5=ON) -> guesses(G0=CATok, G1=DOGok, G2=DOGok, G3=CATok, G4=CATXX, G5=DOGok)  R=0.83
             ex3: items(G0=CAT, G1=DOG, G2=DOG, G3=DOG, G4=DOG, G5=DOG) -> lights(S0=OFF, S1=OFF, S2=OFF, S3=OFF, S4=OFF, S5=OFF) -> guesses(G0=CATok, G1=DOGok, G2=DOGok, G3=DOGok, G4=DOGok, G5=DOGok)  R=1.00
             ex4: items(G0=DOG, G1=DOG, G2=CAT, G3=DOG, G4=CAT, G5=CAT) -> lights(S0=ON, S1=ON, S2=ON, S3=OFF, S4=ON, S5=OFF) -> guesses(G0=DOGok, G1=DOGok, G2=CATok, G3=DOGok, G4=CATok, G5=DOGXX)  R=0.83
             ex5: items(G0=DOG, G1=DOG, G2=DOG, G3=DOG, G4=DOG, G5=DOG) -> lights(S0=OFF, S1=OFF, S2=OFF, S3=ON, S4=OFF, S5=OFF) -> guesses(G0=DOGok, G1=CATXX, G2=DOGok, G3=DOGok, G4=DOGok, G5=DOGok)  R=0.83

  seed 28  R=0.865  [exploiting joint channel (0.865)]  (69.8s)
           not perfect (0 tracking, 6 holistic, 0 pooling signallers)
             S0: general(G0,G1,G2,G3,G4,G5) [nonlinear] (kind=general, depends on [0, 1, 2, 3, 4, 5])
             S1: general(G0,G1,G2,G3,G4,G5) [nonlinear] (kind=general, depends on [0, 1, 2, 3, 4, 5])
             S2: general(G0,G1,G2,G3,G4,G5) [nonlinear] (kind=general, depends on [0, 1, 2, 3, 4, 5])
             S3: general(G0,G1,G2,G3,G4,G5) [nonlinear] (kind=general, depends on [0, 1, 2, 3, 4, 5])
             S4: general(G0,G1,G2,G3,G4,G5) [nonlinear] (kind=general, depends on [0, 1, 2, 3, 4, 5])
             S5: general(G0,G1,G2,G3,G4,G5) [nonlinear] (kind=general, depends on [0, 1, 2, 3, 4, 5])
             entropy reduction per guesser (out of 1.0): G0=0.80, G1=0.89, G2=0.71, G3=0.76, G4=0.87, G5=0.79
             ex1: items(G0=DOG, G1=CAT, G2=DOG, G3=CAT, G4=DOG, G5=CAT) -> lights(S0=OFF, S1=OFF, S2=ON, S3=OFF, S4=OFF, S5=OFF) -> guesses(G0=CATXX, G1=CATok, G2=CATXX, G3=CATok, G4=DOGok, G5=CATok)  R=0.67
             ex2: items(G0=DOG, G1=DOG, G2=CAT, G3=CAT, G4=DOG, G5=CAT) -> lights(S0=OFF, S1=OFF, S2=OFF, S3=ON, S4=OFF, S5=OFF) -> guesses(G0=DOGok, G1=DOGok, G2=DOGXX, G3=CATok, G4=DOGok, G5=CATok)  R=0.83
             ex3: items(G0=DOG, G1=DOG, G2=CAT, G3=CAT, G4=CAT, G5=DOG) -> lights(S0=ON, S1=OFF, S2=OFF, S3=ON, S4=OFF, S5=ON) -> guesses(G0=DOGok, G1=DOGok, G2=DOGXX, G3=CATok, G4=CATok, G5=DOGok)  R=0.83
             ex4: items(G0=CAT, G1=CAT, G2=CAT, G3=CAT, G4=DOG, G5=DOG) -> lights(S0=OFF, S1=ON, S2=ON, S3=OFF, S4=OFF, S5=OFF) -> guesses(G0=CATok, G1=CATok, G2=CATok, G3=CATok, G4=DOGok, G5=CATXX)  R=0.83
             ex5: items(G0=CAT, G1=CAT, G2=CAT, G3=DOG, G4=CAT, G5=CAT) -> lights(S0=OFF, S1=ON, S2=OFF, S3=OFF, S4=OFF, S5=ON) -> guesses(G0=CATok, G1=CATok, G2=CATok, G3=CATXX, G4=CATok, G5=CATok)  R=0.83

  seed 29  R=0.878  [exploiting joint channel (0.878)]  (70.0s)
           not perfect (0 tracking, 6 holistic, 0 pooling signallers)
             S0: general(G0,G1,G2,G3,G4,G5) [nonlinear] (kind=general, depends on [0, 1, 2, 3, 4, 5])
             S1: general(G0,G1,G2,G3,G4,G5) [nonlinear] (kind=general, depends on [0, 1, 2, 3, 4, 5])
             S2: general(G0,G1,G2,G3,G4,G5) [nonlinear] (kind=general, depends on [0, 1, 2, 3, 4, 5])
             S3: general(G0,G1,G2,G3,G4,G5) [nonlinear] (kind=general, depends on [0, 1, 2, 3, 4, 5])
             S4: general(G0,G1,G2,G3,G4,G5) [nonlinear] (kind=general, depends on [0, 1, 2, 3, 4, 5])
             S5: general(G0,G1,G2,G3,G4,G5) [nonlinear] (kind=general, depends on [0, 1, 2, 3, 4, 5])
             entropy reduction per guesser (out of 1.0): G0=0.86, G1=0.88, G2=0.63, G3=0.65, G4=0.86, G5=0.79
             ex1: items(G0=DOG, G1=CAT, G2=DOG, G3=DOG, G4=CAT, G5=DOG) -> lights(S0=OFF, S1=OFF, S2=ON, S3=OFF, S4=OFF, S5=OFF) -> guesses(G0=DOGok, G1=CATok, G2=DOGok, G3=DOGok, G4=CATok, G5=DOGok)  R=1.00
             ex2: items(G0=DOG, G1=DOG, G2=DOG, G3=CAT, G4=DOG, G5=DOG) -> lights(S0=OFF, S1=ON, S2=ON, S3=OFF, S4=ON, S5=OFF) -> guesses(G0=DOGok, G1=DOGok, G2=DOGok, G3=DOGXX, G4=DOGok, G5=DOGok)  R=0.83
             ex3: items(G0=CAT, G1=DOG, G2=DOG, G3=CAT, G4=CAT, G5=DOG) -> lights(S0=OFF, S1=ON, S2=ON, S3=ON, S4=ON, S5=ON) -> guesses(G0=CATok, G1=DOGok, G2=CATXX, G3=CATok, G4=CATok, G5=DOGok)  R=0.83
             ex4: items(G0=CAT, G1=CAT, G2=CAT, G3=CAT, G4=DOG, G5=CAT) -> lights(S0=ON, S1=OFF, S2=OFF, S3=OFF, S4=ON, S5=ON) -> guesses(G0=CATok, G1=CATok, G2=CATok, G3=CATok, G4=DOGok, G5=CATok)  R=1.00
             ex5: items(G0=CAT, G1=DOG, G2=CAT, G3=CAT, G4=DOG, G5=DOG) -> lights(S0=ON, S1=ON, S2=OFF, S3=OFF, S4=ON, S5=OFF) -> guesses(G0=CATok, G1=DOGok, G2=CATok, G3=DOGXX, G4=DOGok, G5=DOGok)  R=0.83

  --- K6x6 / two_brain: summary over 30 seeds ---
      mean team reward           : 0.873
      complementarity rate       : 0.0% of seeds perfect
      convention types:
        partial / non-perfect: 30/30
      signaller-light census (all seeds pooled): general=176 (98%), dictator=4 (2%)
      mean channel utilisation H(M) : 0.984 bits (out of 1.0)
      mean entropy reduction / guesser: 0.761 bits (out of 1.0)

============================================================
  K6x6 / independent
============================================================

  seed  0  R=0.852  [exploiting joint channel (0.852)]  (313.5s)
           not perfect (0 tracking, 6 holistic, 0 pooling signallers)
             S0: general(G0,G1,G2,G3,G4,G5) [nonlinear] (kind=general, depends on [0, 1, 2, 3, 4, 5])
             S1: general(G0,G1,G2,G3,G4,G5) [nonlinear] (kind=general, depends on [0, 1, 2, 3, 4, 5])
             S2: general(G0,G1,G2,G3,G4,G5) [nonlinear] (kind=general, depends on [0, 1, 2, 3, 4, 5])
             S3: general(G0,G1,G2,G3,G4,G5) [nonlinear] (kind=general, depends on [0, 1, 2, 3, 4, 5])
             S4: general(G0,G1,G2,G3,G4,G5) [nonlinear] (kind=general, depends on [0, 1, 2, 3, 4, 5])
             S5: general(G0,G1,G2,G3,G4,G5) [nonlinear] (kind=general, depends on [0, 1, 2, 3, 4, 5])
             entropy reduction per guesser (out of 1.0): G0=0.79, G1=0.65, G2=0.73, G3=0.91, G4=0.64, G5=0.85
             ex1: items(G0=CAT, G1=DOG, G2=DOG, G3=DOG, G4=CAT, G5=CAT) -> lights(S0=ON, S1=OFF, S2=ON, S3=OFF, S4=OFF, S5=ON) -> guesses(G0=CATok, G1=DOGok, G2=DOGok, G3=DOGok, G4=CATok, G5=CATok)  R=1.00
             ex2: items(G0=CAT, G1=CAT, G2=DOG, G3=DOG, G4=CAT, G5=CAT) -> lights(S0=ON, S1=OFF, S2=ON, S3=ON, S4=OFF, S5=ON) -> guesses(G0=CATok, G1=CATok, G2=DOGok, G3=DOGok, G4=DOGXX, G5=CATok)  R=0.83
             ex3: items(G0=DOG, G1=DOG, G2=CAT, G3=DOG, G4=CAT, G5=DOG) -> lights(S0=OFF, S1=OFF, S2=OFF, S3=ON, S4=ON, S5=OFF) -> guesses(G0=DOGok, G1=DOGok, G2=CATok, G3=DOGok, G4=CATok, G5=CATXX)  R=0.83
             ex4: items(G0=DOG, G1=CAT, G2=CAT, G3=DOG, G4=CAT, G5=CAT) -> lights(S0=OFF, S1=ON, S2=OFF, S3=ON, S4=ON, S5=OFF) -> guesses(G0=DOGok, G1=DOGXX, G2=CATok, G3=DOGok, G4=DOGXX, G5=CATok)  R=0.67
             ex5: items(G0=CAT, G1=CAT, G2=DOG, G3=DOG, G4=CAT, G5=CAT) -> lights(S0=ON, S1=OFF, S2=ON, S3=ON, S4=OFF, S5=ON) -> guesses(G0=CATok, G1=CATok, G2=DOGok, G3=DOGok, G4=DOGXX, G5=CATok)  R=0.83

  seed  1  R=0.841  [exploiting joint channel (0.841)]  (313.7s)
           not perfect (0 tracking, 6 holistic, 0 pooling signallers)
             S0: general(G0,G1,G2,G3,G4,G5) [nonlinear] (kind=general, depends on [0, 1, 2, 3, 4, 5])
             S1: general(G0,G1,G2,G3,G4,G5) [nonlinear] (kind=general, depends on [0, 1, 2, 3, 4, 5])
             S2: general(G0,G1,G2,G3,G4,G5) [nonlinear] (kind=general, depends on [0, 1, 2, 3, 4, 5])
             S3: general(G0,G1,G2,G3,G4,G5) [nonlinear] (kind=general, depends on [0, 1, 2, 3, 4, 5])
             S4: general(G0,G1,G2,G3,G4,G5) [nonlinear] (kind=general, depends on [0, 1, 2, 3, 4, 5])
             S5: general(G0,G1,G2,G3,G4,G5) [nonlinear] (kind=general, depends on [0, 1, 2, 3, 4, 5])
             entropy reduction per guesser (out of 1.0): G0=0.84, G1=0.89, G2=0.72, G3=0.81, G4=0.72, G5=0.78
             ex1: items(G0=DOG, G1=DOG, G2=DOG, G3=CAT, G4=DOG, G5=CAT) -> lights(S0=OFF, S1=OFF, S2=ON, S3=ON, S4=ON, S5=ON) -> guesses(G0=DOGok, G1=DOGok, G2=DOGok, G3=CATok, G4=DOGok, G5=DOGXX)  R=0.83
             ex2: items(G0=DOG, G1=CAT, G2=DOG, G3=DOG, G4=CAT, G5=CAT) -> lights(S0=ON, S1=ON, S2=ON, S3=OFF, S4=OFF, S5=ON) -> guesses(G0=DOGok, G1=CATok, G2=CATXX, G3=CATXX, G4=CATok, G5=CATok)  R=0.67
             ex3: items(G0=DOG, G1=DOG, G2=DOG, G3=DOG, G4=CAT, G5=DOG) -> lights(S0=OFF, S1=OFF, S2=OFF, S3=ON, S4=ON, S5=OFF) -> guesses(G0=CATXX, G1=DOGok, G2=DOGok, G3=DOGok, G4=DOGXX, G5=DOGok)  R=0.67
             ex4: items(G0=CAT, G1=CAT, G2=DOG, G3=CAT, G4=CAT, G5=CAT) -> lights(S0=OFF, S1=ON, S2=OFF, S3=OFF, S4=OFF, S5=ON) -> guesses(G0=CATok, G1=CATok, G2=CATXX, G3=CATok, G4=CATok, G5=CATok)  R=0.83
             ex5: items(G0=CAT, G1=DOG, G2=CAT, G3=DOG, G4=DOG, G5=DOG) -> lights(S0=OFF, S1=OFF, S2=OFF, S3=ON, S4=ON, S5=OFF) -> guesses(G0=CATok, G1=DOGok, G2=DOGXX, G3=DOGok, G4=DOGok, G5=DOGok)  R=0.83

  seed  2  R=0.849  [exploiting joint channel (0.849)]  (317.2s)
           not perfect (0 tracking, 6 holistic, 0 pooling signallers)
             S0: general(G0,G1,G2,G3,G4,G5) [nonlinear] (kind=general, depends on [0, 1, 2, 3, 4, 5])
             S1: general(G0,G1,G2,G3,G4,G5) [nonlinear] (kind=general, depends on [0, 1, 2, 3, 4, 5])
             S2: general(G0,G1,G2,G3,G4,G5) [nonlinear] (kind=general, depends on [0, 1, 2, 3, 4, 5])
             S3: general(G0,G1,G2,G3,G4,G5) [nonlinear] (kind=general, depends on [0, 1, 2, 3, 4, 5])
             S4: general(G0,G1,G2,G3,G4,G5) [nonlinear] (kind=general, depends on [0, 1, 2, 3, 4, 5])
             S5: general(G0,G1,G2,G3,G4,G5) [nonlinear] (kind=general, depends on [0, 1, 2, 3, 4, 5])
             entropy reduction per guesser (out of 1.0): G0=0.81, G1=0.84, G2=0.86, G3=0.88, G4=0.68, G5=0.86
             ex1: items(G0=DOG, G1=DOG, G2=DOG, G3=CAT, G4=DOG, G5=DOG) -> lights(S0=OFF, S1=ON, S2=OFF, S3=OFF, S4=OFF, S5=ON) -> guesses(G0=DOGok, G1=DOGok, G2=DOGok, G3=CATok, G4=DOGok, G5=CATXX)  R=0.83
             ex2: items(G0=CAT, G1=DOG, G2=CAT, G3=DOG, G4=CAT, G5=DOG) -> lights(S0=ON, S1=ON, S2=OFF, S3=ON, S4=ON, S5=OFF) -> guesses(G0=CATok, G1=DOGok, G2=DOGXX, G3=DOGok, G4=DOGXX, G5=DOGok)  R=0.67
             ex3: items(G0=CAT, G1=DOG, G2=DOG, G3=CAT, G4=DOG, G5=CAT) -> lights(S0=OFF, S1=ON, S2=OFF, S3=ON, S4=OFF, S5=OFF) -> guesses(G0=DOGXX, G1=DOGok, G2=DOGok, G3=CATok, G4=DOGok, G5=CATok)  R=0.83
             ex4: items(G0=CAT, G1=DOG, G2=DOG, G3=DOG, G4=DOG, G5=CAT) -> lights(S0=OFF, S1=ON, S2=OFF, S3=OFF, S4=ON, S5=ON) -> guesses(G0=DOGXX, G1=DOGok, G2=DOGok, G3=CATXX, G4=DOGok, G5=CATok)  R=0.67
             ex5: items(G0=CAT, G1=CAT, G2=DOG, G3=DOG, G4=DOG, G5=DOG) -> lights(S0=ON, S1=ON, S2=OFF, S3=OFF, S4=ON, S5=OFF) -> guesses(G0=CATok, G1=DOGXX, G2=DOGok, G3=DOGok, G4=DOGok, G5=DOGok)  R=0.83

  seed  3  R=0.862  [exploiting joint channel (0.862)]  (317.0s)
           not perfect (0 tracking, 6 holistic, 0 pooling signallers)
             S0: general(G0,G1,G2,G3,G4,G5) [nonlinear] (kind=general, depends on [0, 1, 2, 3, 4, 5])
             S1: general(G0,G1,G2,G3,G4,G5) [nonlinear] (kind=general, depends on [0, 1, 2, 3, 4, 5])
             S2: general(G0,G1,G2,G3,G4,G5) [nonlinear] (kind=general, depends on [0, 1, 2, 3, 4, 5])
             S3: general(G0,G1,G2,G3,G4,G5) [nonlinear] (kind=general, depends on [0, 1, 2, 3, 4, 5])
             S4: general(G0,G1,G2,G3,G4,G5) [nonlinear] (kind=general, depends on [0, 1, 2, 3, 4, 5])
             S5: general(G0,G1,G2,G3,G4,G5) [nonlinear] (kind=general, depends on [0, 1, 2, 3, 4, 5])
             entropy reduction per guesser (out of 1.0): G0=0.96, G1=0.86, G2=0.91, G3=0.81, G4=0.59, G5=0.77
             ex1: items(G0=CAT, G1=DOG, G2=DOG, G3=CAT, G4=DOG, G5=CAT) -> lights(S0=OFF, S1=OFF, S2=OFF, S3=OFF, S4=OFF, S5=ON) -> guesses(G0=CATok, G1=DOGok, G2=DOGok, G3=CATok, G4=CATXX, G5=DOGXX)  R=0.67
             ex2: items(G0=CAT, G1=CAT, G2=CAT, G3=CAT, G4=CAT, G5=DOG) -> lights(S0=OFF, S1=ON, S2=OFF, S3=ON, S4=OFF, S5=ON) -> guesses(G0=CATok, G1=DOGXX, G2=CATok, G3=CATok, G4=CATok, G5=DOGok)  R=0.83
             ex3: items(G0=CAT, G1=CAT, G2=CAT, G3=DOG, G4=CAT, G5=CAT) -> lights(S0=OFF, S1=ON, S2=ON, S3=OFF, S4=ON, S5=OFF) -> guesses(G0=CATok, G1=CATok, G2=CATok, G3=DOGok, G4=DOGXX, G5=CATok)  R=0.83
             ex4: items(G0=DOG, G1=CAT, G2=DOG, G3=CAT, G4=CAT, G5=CAT) -> lights(S0=ON, S1=ON, S2=OFF, S3=OFF, S4=OFF, S5=OFF) -> guesses(G0=DOGok, G1=DOGXX, G2=DOGok, G3=CATok, G4=CATok, G5=CATok)  R=0.83
             ex5: items(G0=DOG, G1=DOG, G2=CAT, G3=CAT, G4=DOG, G5=DOG) -> lights(S0=ON, S1=ON, S2=OFF, S3=ON, S4=OFF, S5=ON) -> guesses(G0=DOGok, G1=CATXX, G2=CATok, G3=CATok, G4=DOGok, G5=DOGok)  R=0.83

  seed  4  R=0.865  [exploiting joint channel (0.865)]  (318.6s)
           not perfect (0 tracking, 6 holistic, 0 pooling signallers)
             S0: general(G0,G1,G2,G3,G4,G5) [nonlinear] (kind=general, depends on [0, 1, 2, 3, 4, 5])
             S1: general(G0,G1,G2,G3,G4,G5) [nonlinear] (kind=general, depends on [0, 1, 2, 3, 4, 5])
             S2: general(G0,G1,G2,G3,G4,G5) [nonlinear] (kind=general, depends on [0, 1, 2, 3, 4, 5])
             S3: general(G0,G1,G2,G3,G4,G5) [nonlinear] (kind=general, depends on [0, 1, 2, 3, 4, 5])
             S4: general(G0,G1,G2,G3,G4,G5) [nonlinear] (kind=general, depends on [0, 1, 2, 3, 4, 5])
             S5: general(G0,G1,G2,G3,G4,G5) [nonlinear] (kind=general, depends on [0, 1, 2, 3, 4, 5])
             entropy reduction per guesser (out of 1.0): G0=0.72, G1=0.81, G2=0.79, G3=0.75, G4=0.91, G5=0.89
             ex1: items(G0=CAT, G1=CAT, G2=CAT, G3=DOG, G4=DOG, G5=DOG) -> lights(S0=ON, S1=OFF, S2=OFF, S3=OFF, S4=OFF, S5=ON) -> guesses(G0=CATok, G1=CATok, G2=CATok, G3=DOGok, G4=DOGok, G5=CATXX)  R=0.83
             ex2: items(G0=DOG, G1=CAT, G2=CAT, G3=DOG, G4=CAT, G5=CAT) -> lights(S0=ON, S1=OFF, S2=ON, S3=ON, S4=ON, S5=ON) -> guesses(G0=DOGok, G1=CATok, G2=DOGXX, G3=DOGok, G4=CATok, G5=CATok)  R=0.83
             ex3: items(G0=DOG, G1=DOG, G2=DOG, G3=CAT, G4=CAT, G5=CAT) -> lights(S0=OFF, S1=ON, S2=OFF, S3=ON, S4=ON, S5=ON) -> guesses(G0=DOGok, G1=DOGok, G2=DOGok, G3=CATok, G4=CATok, G5=CATok)  R=1.00
             ex4: items(G0=CAT, G1=DOG, G2=DOG, G3=CAT, G4=CAT, G5=CAT) -> lights(S0=ON, S1=ON, S2=ON, S3=ON, S4=ON, S5=OFF) -> guesses(G0=CATok, G1=DOGok, G2=DOGok, G3=CATok, G4=CATok, G5=CATok)  R=1.00
             ex5: items(G0=CAT, G1=CAT, G2=CAT, G3=DOG, G4=CAT, G5=DOG) -> lights(S0=OFF, S1=OFF, S2=ON, S3=OFF, S4=ON, S5=ON) -> guesses(G0=CATok, G1=CATok, G2=CATok, G3=DOGok, G4=CATok, G5=CATXX)  R=0.83

  seed  5  R=0.867  [exploiting joint channel (0.867)]  (318.9s)
           not perfect (0 tracking, 6 holistic, 0 pooling signallers)
             S0: general(G0,G1,G2,G3,G4,G5) [nonlinear] (kind=general, depends on [0, 1, 2, 3, 4, 5])
             S1: general(G0,G1,G2,G3,G4,G5) [nonlinear] (kind=general, depends on [0, 1, 2, 3, 4, 5])
             S2: general(G0,G1,G2,G3,G4,G5) [nonlinear] (kind=general, depends on [0, 1, 2, 3, 4, 5])
             S3: general(G0,G1,G2,G3,G4,G5) [nonlinear] (kind=general, depends on [0, 1, 2, 3, 4, 5])
             S4: general(G0,G1,G2,G3,G4,G5) [nonlinear] (kind=general, depends on [0, 1, 2, 3, 4, 5])
             S5: general(G0,G1,G2,G3,G4,G5) [nonlinear] (kind=general, depends on [0, 1, 2, 3, 4, 5])
             entropy reduction per guesser (out of 1.0): G0=0.89, G1=0.71, G2=0.80, G3=0.78, G4=0.88, G5=0.94
             ex1: items(G0=DOG, G1=CAT, G2=CAT, G3=DOG, G4=DOG, G5=CAT) -> lights(S0=OFF, S1=ON, S2=ON, S3=ON, S4=OFF, S5=ON) -> guesses(G0=DOGok, G1=CATok, G2=CATok, G3=DOGok, G4=DOGok, G5=CATok)  R=1.00
             ex2: items(G0=CAT, G1=DOG, G2=DOG, G3=CAT, G4=DOG, G5=DOG) -> lights(S0=OFF, S1=OFF, S2=ON, S3=ON, S4=ON, S5=OFF) -> guesses(G0=CATok, G1=CATXX, G2=DOGok, G3=CATok, G4=DOGok, G5=DOGok)  R=0.83
             ex3: items(G0=CAT, G1=CAT, G2=DOG, G3=DOG, G4=DOG, G5=DOG) -> lights(S0=OFF, S1=OFF, S2=ON, S3=ON, S4=ON, S5=OFF) -> guesses(G0=CATok, G1=CATok, G2=DOGok, G3=CATXX, G4=DOGok, G5=DOGok)  R=0.83
             ex4: items(G0=CAT, G1=CAT, G2=CAT, G3=CAT, G4=CAT, G5=CAT) -> lights(S0=ON, S1=ON, S2=ON, S3=OFF, S4=OFF, S5=OFF) -> guesses(G0=CATok, G1=CATok, G2=CATok, G3=DOGXX, G4=CATok, G5=CATok)  R=0.83
             ex5: items(G0=DOG, G1=CAT, G2=DOG, G3=DOG, G4=CAT, G5=CAT) -> lights(S0=OFF, S1=ON, S2=OFF, S3=ON, S4=OFF, S5=ON) -> guesses(G0=DOGok, G1=CATok, G2=CATXX, G3=DOGok, G4=DOGXX, G5=CATok)  R=0.67

  seed  6  R=0.857  [exploiting joint channel (0.857)]  (321.0s)
           not perfect (0 tracking, 6 holistic, 0 pooling signallers)
             S0: general(G0,G1,G2,G3,G4,G5) [nonlinear] (kind=general, depends on [0, 1, 2, 3, 4, 5])
             S1: general(G0,G1,G2,G3,G4,G5) [nonlinear] (kind=general, depends on [0, 1, 2, 3, 4, 5])
             S2: general(G0,G1,G2,G3,G4,G5) [nonlinear] (kind=general, depends on [0, 1, 2, 3, 4, 5])
             S3: general(G0,G1,G2,G3,G4,G5) [nonlinear] (kind=general, depends on [0, 1, 2, 3, 4, 5])
             S4: general(G0,G1,G2,G3,G4,G5) [nonlinear] (kind=general, depends on [0, 1, 2, 3, 4, 5])
             S5: general(G0,G1,G2,G3,G4,G5) [nonlinear] (kind=general, depends on [0, 1, 2, 3, 4, 5])
             entropy reduction per guesser (out of 1.0): G0=0.82, G1=0.78, G2=0.78, G3=0.85, G4=0.81, G5=0.82
             ex1: items(G0=CAT, G1=CAT, G2=CAT, G3=CAT, G4=CAT, G5=CAT) -> lights(S0=OFF, S1=OFF, S2=OFF, S3=ON, S4=OFF, S5=OFF) -> guesses(G0=CATok, G1=CATok, G2=DOGXX, G3=CATok, G4=CATok, G5=CATok)  R=0.83
             ex2: items(G0=CAT, G1=DOG, G2=DOG, G3=DOG, G4=CAT, G5=CAT) -> lights(S0=OFF, S1=OFF, S2=ON, S3=ON, S4=ON, S5=OFF) -> guesses(G0=CATok, G1=DOGok, G2=DOGok, G3=CATXX, G4=CATok, G5=DOGXX)  R=0.67
             ex3: items(G0=CAT, G1=DOG, G2=CAT, G3=CAT, G4=CAT, G5=DOG) -> lights(S0=ON, S1=OFF, S2=OFF, S3=ON, S4=ON, S5=ON) -> guesses(G0=DOGXX, G1=DOGok, G2=CATok, G3=CATok, G4=CATok, G5=DOGok)  R=0.83
             ex4: items(G0=DOG, G1=CAT, G2=DOG, G3=CAT, G4=CAT, G5=DOG) -> lights(S0=OFF, S1=OFF, S2=OFF, S3=OFF, S4=ON, S5=OFF) -> guesses(G0=DOGok, G1=CATok, G2=DOGok, G3=CATok, G4=CATok, G5=DOGok)  R=1.00
             ex5: items(G0=CAT, G1=DOG, G2=DOG, G3=DOG, G4=DOG, G5=CAT) -> lights(S0=OFF, S1=ON, S2=ON, S3=ON, S4=OFF, S5=OFF) -> guesses(G0=CATok, G1=DOGok, G2=DOGok, G3=CATXX, G4=DOGok, G5=CATok)  R=0.83

  seed  7  R=0.844  [exploiting joint channel (0.844)]  (322.0s)
           not perfect (0 tracking, 6 holistic, 0 pooling signallers)
             S0: general(G0,G1,G2,G3,G4,G5) [nonlinear] (kind=general, depends on [0, 1, 2, 3, 4, 5])
             S1: general(G0,G1,G2,G3,G4,G5) [nonlinear] (kind=general, depends on [0, 1, 2, 3, 4, 5])
             S2: general(G0,G1,G2,G3,G4,G5) [nonlinear] (kind=general, depends on [0, 1, 2, 3, 4, 5])
             S3: general(G0,G1,G2,G3,G4,G5) [nonlinear] (kind=general, depends on [0, 1, 2, 3, 4, 5])
             S4: general(G0,G1,G2,G3,G4,G5) [nonlinear] (kind=general, depends on [0, 1, 2, 3, 4, 5])
             S5: general(G0,G1,G2,G3,G4,G5) [nonlinear] (kind=general, depends on [0, 1, 2, 3, 4, 5])
             entropy reduction per guesser (out of 1.0): G0=0.84, G1=0.76, G2=0.76, G3=0.74, G4=0.69, G5=0.82
             ex1: items(G0=DOG, G1=DOG, G2=DOG, G3=CAT, G4=DOG, G5=CAT) -> lights(S0=OFF, S1=OFF, S2=ON, S3=ON, S4=ON, S5=OFF) -> guesses(G0=DOGok, G1=DOGok, G2=DOGok, G3=CATok, G4=CATXX, G5=CATok)  R=0.83
             ex2: items(G0=CAT, G1=DOG, G2=DOG, G3=DOG, G4=CAT, G5=CAT) -> lights(S0=OFF, S1=OFF, S2=OFF, S3=ON, S4=OFF, S5=OFF) -> guesses(G0=CATok, G1=DOGok, G2=DOGok, G3=DOGok, G4=CATok, G5=CATok)  R=1.00
             ex3: items(G0=DOG, G1=DOG, G2=CAT, G3=CAT, G4=DOG, G5=CAT) -> lights(S0=ON, S1=OFF, S2=ON, S3=ON, S4=OFF, S5=OFF) -> guesses(G0=DOGok, G1=DOGok, G2=CATok, G3=CATok, G4=DOGok, G5=CATok)  R=1.00
             ex4: items(G0=DOG, G1=CAT, G2=DOG, G3=CAT, G4=DOG, G5=DOG) -> lights(S0=ON, S1=ON, S2=ON, S3=OFF, S4=OFF, S5=OFF) -> guesses(G0=DOGok, G1=CATok, G2=DOGok, G3=CATok, G4=DOGok, G5=DOGok)  R=1.00
             ex5: items(G0=CAT, G1=DOG, G2=CAT, G3=DOG, G4=CAT, G5=CAT) -> lights(S0=OFF, S1=OFF, S2=OFF, S3=ON, S4=ON, S5=OFF) -> guesses(G0=CATok, G1=DOGok, G2=CATok, G3=DOGok, G4=CATok, G5=CATok)  R=1.00

  seed  8  R=0.844  [exploiting joint channel (0.844)]  (320.3s)
           not perfect (0 tracking, 6 holistic, 0 pooling signallers)
             S0: general(G0,G1,G2,G3,G4,G5) [nonlinear] (kind=general, depends on [0, 1, 2, 3, 4, 5])
             S1: general(G0,G1,G2,G3,G4,G5) [nonlinear] (kind=general, depends on [0, 1, 2, 3, 4, 5])
             S2: general(G0,G1,G2,G3,G4,G5) [nonlinear] (kind=general, depends on [0, 1, 2, 3, 4, 5])
             S3: general(G0,G1,G2,G3,G4,G5) [nonlinear] (kind=general, depends on [0, 1, 2, 3, 4, 5])
             S4: general(G0,G1,G2,G3,G4,G5) [nonlinear] (kind=general, depends on [0, 1, 2, 3, 4, 5])
             S5: general(G0,G1,G2,G3,G4,G5) [nonlinear] (kind=general, depends on [0, 1, 2, 3, 4, 5])
             entropy reduction per guesser (out of 1.0): G0=0.83, G1=0.88, G2=0.75, G3=0.82, G4=0.83, G5=0.72
             ex1: items(G0=DOG, G1=DOG, G2=DOG, G3=CAT, G4=DOG, G5=DOG) -> lights(S0=ON, S1=ON, S2=OFF, S3=OFF, S4=ON, S5=ON) -> guesses(G0=DOGok, G1=DOGok, G2=CATXX, G3=CATok, G4=DOGok, G5=DOGok)  R=0.83
             ex2: items(G0=DOG, G1=DOG, G2=CAT, G3=DOG, G4=DOG, G5=DOG) -> lights(S0=OFF, S1=ON, S2=OFF, S3=ON, S4=ON, S5=OFF) -> guesses(G0=DOGok, G1=DOGok, G2=CATok, G3=DOGok, G4=CATXX, G5=DOGok)  R=0.83
             ex3: items(G0=DOG, G1=DOG, G2=DOG, G3=DOG, G4=CAT, G5=DOG) -> lights(S0=OFF, S1=ON, S2=ON, S3=OFF, S4=ON, S5=OFF) -> guesses(G0=DOGok, G1=DOGok, G2=DOGok, G3=DOGok, G4=CATok, G5=DOGok)  R=1.00
             ex4: items(G0=CAT, G1=DOG, G2=CAT, G3=DOG, G4=DOG, G5=DOG) -> lights(S0=ON, S1=ON, S2=OFF, S3=ON, S4=OFF, S5=OFF) -> guesses(G0=CATok, G1=DOGok, G2=CATok, G3=CATXX, G4=DOGok, G5=DOGok)  R=0.83
             ex5: items(G0=DOG, G1=CAT, G2=DOG, G3=CAT, G4=CAT, G5=CAT) -> lights(S0=OFF, S1=OFF, S2=ON, S3=OFF, S4=OFF, S5=ON) -> guesses(G0=DOGok, G1=CATok, G2=DOGok, G3=CATok, G4=CATok, G5=CATok)  R=1.00

  seed  9  R=0.854  [exploiting joint channel (0.854)]  (323.4s)
           not perfect (0 tracking, 6 holistic, 0 pooling signallers)
             S0: general(G0,G1,G2,G3,G4,G5) [nonlinear] (kind=general, depends on [0, 1, 2, 3, 4, 5])
             S1: general(G0,G1,G2,G3,G4,G5) [nonlinear] (kind=general, depends on [0, 1, 2, 3, 4, 5])
             S2: general(G0,G1,G2,G3,G4,G5) [nonlinear] (kind=general, depends on [0, 1, 2, 3, 4, 5])
             S3: general(G0,G1,G2,G3,G4,G5) [nonlinear] (kind=general, depends on [0, 1, 2, 3, 4, 5])
             S4: general(G0,G1,G2,G3,G4,G5) [nonlinear] (kind=general, depends on [0, 1, 2, 3, 4, 5])
             S5: general(G0,G1,G2,G3,G4,G5) [nonlinear] (kind=general, depends on [0, 1, 2, 3, 4, 5])
             entropy reduction per guesser (out of 1.0): G0=0.94, G1=0.78, G2=0.79, G3=0.65, G4=0.84, G5=0.68
             ex1: items(G0=CAT, G1=CAT, G2=DOG, G3=CAT, G4=CAT, G5=CAT) -> lights(S0=OFF, S1=OFF, S2=OFF, S3=OFF, S4=ON, S5=ON) -> guesses(G0=CATok, G1=CATok, G2=DOGok, G3=CATok, G4=CATok, G5=DOGXX)  R=0.83
             ex2: items(G0=CAT, G1=CAT, G2=CAT, G3=CAT, G4=DOG, G5=DOG) -> lights(S0=ON, S1=OFF, S2=ON, S3=OFF, S4=ON, S5=ON) -> guesses(G0=CATok, G1=CATok, G2=DOGXX, G3=CATok, G4=DOGok, G5=CATXX)  R=0.67
             ex3: items(G0=CAT, G1=CAT, G2=CAT, G3=DOG, G4=DOG, G5=DOG) -> lights(S0=ON, S1=ON, S2=ON, S3=OFF, S4=ON, S5=ON) -> guesses(G0=CATok, G1=DOGXX, G2=CATok, G3=DOGok, G4=DOGok, G5=DOGok)  R=0.83
             ex4: items(G0=CAT, G1=CAT, G2=DOG, G3=CAT, G4=CAT, G5=CAT) -> lights(S0=OFF, S1=OFF, S2=OFF, S3=OFF, S4=ON, S5=ON) -> guesses(G0=CATok, G1=CATok, G2=DOGok, G3=CATok, G4=CATok, G5=DOGXX)  R=0.83
             ex5: items(G0=DOG, G1=DOG, G2=DOG, G3=CAT, G4=DOG, G5=DOG) -> lights(S0=ON, S1=OFF, S2=OFF, S3=ON, S4=ON, S5=ON) -> guesses(G0=DOGok, G1=CATXX, G2=DOGok, G3=CATok, G4=DOGok, G5=DOGok)  R=0.83

  seed 10  R=0.823  [exploiting joint channel (0.823)]  (322.2s)
           not perfect (0 tracking, 6 holistic, 0 pooling signallers)
             S0: general(G0,G1,G2,G3,G4,G5) [nonlinear] (kind=general, depends on [0, 1, 2, 3, 4, 5])
             S1: general(G0,G1,G2,G3,G4,G5) [nonlinear] (kind=general, depends on [0, 1, 2, 3, 4, 5])
             S2: general(G0,G1,G2,G3,G4,G5) [nonlinear] (kind=general, depends on [0, 1, 2, 3, 4, 5])
             S3: general(G0,G1,G2,G3,G4,G5) [nonlinear] (kind=general, depends on [0, 1, 2, 3, 4, 5])
             S4: general(G0,G1,G2,G3,G4,G5) [nonlinear] (kind=general, depends on [0, 1, 2, 3, 4, 5])
             S5: general(G0,G1,G2,G3,G4,G5) [nonlinear] (kind=general, depends on [0, 1, 2, 3, 4, 5])
             entropy reduction per guesser (out of 1.0): G0=0.74, G1=0.80, G2=0.71, G3=0.80, G4=0.69, G5=0.92
             ex1: items(G0=DOG, G1=CAT, G2=DOG, G3=DOG, G4=CAT, G5=DOG) -> lights(S0=ON, S1=ON, S2=OFF, S3=OFF, S4=ON, S5=ON) -> guesses(G0=DOGok, G1=CATok, G2=DOGok, G3=DOGok, G4=DOGXX, G5=DOGok)  R=0.83
             ex2: items(G0=DOG, G1=CAT, G2=CAT, G3=CAT, G4=DOG, G5=CAT) -> lights(S0=ON, S1=ON, S2=OFF, S3=ON, S4=ON, S5=OFF) -> guesses(G0=DOGok, G1=DOGXX, G2=CATok, G3=CATok, G4=DOGok, G5=CATok)  R=0.83
             ex3: items(G0=DOG, G1=CAT, G2=DOG, G3=DOG, G4=DOG, G5=DOG) -> lights(S0=ON, S1=ON, S2=OFF, S3=OFF, S4=ON, S5=ON) -> guesses(G0=DOGok, G1=CATok, G2=DOGok, G3=DOGok, G4=DOGok, G5=DOGok)  R=1.00
             ex4: items(G0=CAT, G1=CAT, G2=CAT, G3=DOG, G4=DOG, G5=CAT) -> lights(S0=OFF, S1=ON, S2=ON, S3=ON, S4=ON, S5=OFF) -> guesses(G0=CATok, G1=CATok, G2=DOGXX, G3=DOGok, G4=DOGok, G5=CATok)  R=0.83
             ex5: items(G0=CAT, G1=DOG, G2=DOG, G3=CAT, G4=DOG, G5=CAT) -> lights(S0=ON, S1=OFF, S2=OFF, S3=ON, S4=ON, S5=OFF) -> guesses(G0=CATok, G1=DOGok, G2=DOGok, G3=CATok, G4=DOGok, G5=CATok)  R=1.00

  seed 11  R=0.844  [exploiting joint channel (0.844)]  (324.9s)
           not perfect (0 tracking, 6 holistic, 0 pooling signallers)
             S0: general(G0,G1,G2,G3,G4,G5) [nonlinear] (kind=general, depends on [0, 1, 2, 3, 4, 5])
             S1: general(G0,G1,G2,G3,G4,G5) [nonlinear] (kind=general, depends on [0, 1, 2, 3, 4, 5])
             S2: general(G0,G1,G2,G3,G4,G5) [nonlinear] (kind=general, depends on [0, 1, 2, 3, 4, 5])
             S3: general(G0,G1,G2,G3,G4,G5) [nonlinear] (kind=general, depends on [0, 1, 2, 3, 4, 5])
             S4: general(G0,G1,G2,G3,G4,G5) [nonlinear] (kind=general, depends on [0, 1, 2, 3, 4, 5])
             S5: general(G0,G1,G2,G3,G4,G5) [nonlinear] (kind=general, depends on [0, 1, 2, 3, 4, 5])
             entropy reduction per guesser (out of 1.0): G0=0.74, G1=0.79, G2=0.79, G3=0.69, G4=0.70, G5=0.66
             ex1: items(G0=CAT, G1=DOG, G2=DOG, G3=CAT, G4=CAT, G5=DOG) -> lights(S0=ON, S1=ON, S2=ON, S3=OFF, S4=OFF, S5=OFF) -> guesses(G0=CATok, G1=DOGok, G2=DOGok, G3=CATok, G4=DOGXX, G5=CATXX)  R=0.67
             ex2: items(G0=DOG, G1=DOG, G2=CAT, G3=CAT, G4=DOG, G5=CAT) -> lights(S0=ON, S1=ON, S2=OFF, S3=OFF, S4=OFF, S5=ON) -> guesses(G0=DOGok, G1=DOGok, G2=CATok, G3=CATok, G4=DOGok, G5=CATok)  R=1.00
             ex3: items(G0=CAT, G1=CAT, G2=DOG, G3=CAT, G4=CAT, G5=CAT) -> lights(S0=ON, S1=OFF, S2=OFF, S3=ON, S4=ON, S5=ON) -> guesses(G0=CATok, G1=CATok, G2=CATXX, G3=CATok, G4=CATok, G5=DOGXX)  R=0.67
             ex4: items(G0=CAT, G1=DOG, G2=DOG, G3=CAT, G4=CAT, G5=DOG) -> lights(S0=ON, S1=ON, S2=ON, S3=OFF, S4=OFF, S5=OFF) -> guesses(G0=CATok, G1=DOGok, G2=DOGok, G3=CATok, G4=DOGXX, G5=CATXX)  R=0.67
             ex5: items(G0=CAT, G1=CAT, G2=DOG, G3=CAT, G4=DOG, G5=CAT) -> lights(S0=ON, S1=ON, S2=OFF, S3=ON, S4=OFF, S5=ON) -> guesses(G0=DOGXX, G1=DOGXX, G2=DOGok, G3=CATok, G4=DOGok, G5=CATok)  R=0.67

  seed 12  R=0.846  [exploiting joint channel (0.846)]  (320.2s)
           not perfect (0 tracking, 6 holistic, 0 pooling signallers)
             S0: general(G0,G1,G2,G3,G4,G5) [nonlinear] (kind=general, depends on [0, 1, 2, 3, 4, 5])
             S1: general(G0,G1,G2,G3,G4,G5) [nonlinear] (kind=general, depends on [0, 1, 2, 3, 4, 5])
             S2: general(G0,G1,G2,G3,G4,G5) [nonlinear] (kind=general, depends on [0, 1, 2, 3, 4, 5])
             S3: general(G0,G1,G2,G3,G4,G5) [nonlinear] (kind=general, depends on [0, 1, 2, 3, 4, 5])
             S4: general(G0,G1,G2,G3,G4,G5) [nonlinear] (kind=general, depends on [0, 1, 2, 3, 4, 5])
             S5: general(G0,G1,G2,G3,G4,G5) [nonlinear] (kind=general, depends on [0, 1, 2, 3, 4, 5])
             entropy reduction per guesser (out of 1.0): G0=0.65, G1=0.61, G2=0.71, G3=0.86, G4=0.94, G5=0.79
             ex1: items(G0=CAT, G1=DOG, G2=DOG, G3=DOG, G4=CAT, G5=CAT) -> lights(S0=ON, S1=ON, S2=OFF, S3=ON, S4=ON, S5=OFF) -> guesses(G0=CATok, G1=DOGok, G2=DOGok, G3=DOGok, G4=DOGXX, G5=CATok)  R=0.83
             ex2: items(G0=DOG, G1=DOG, G2=DOG, G3=DOG, G4=CAT, G5=DOG) -> lights(S0=OFF, S1=ON, S2=ON, S3=ON, S4=ON, S5=OFF) -> guesses(G0=DOGok, G1=DOGok, G2=CATXX, G3=DOGok, G4=CATok, G5=DOGok)  R=0.83
             ex3: items(G0=CAT, G1=DOG, G2=CAT, G3=CAT, G4=CAT, G5=DOG) -> lights(S0=OFF, S1=OFF, S2=ON, S3=ON, S4=ON, S5=OFF) -> guesses(G0=DOGXX, G1=DOGok, G2=CATok, G3=CATok, G4=CATok, G5=DOGok)  R=0.83
             ex4: items(G0=DOG, G1=DOG, G2=DOG, G3=CAT, G4=DOG, G5=DOG) -> lights(S0=ON, S1=OFF, S2=ON, S3=ON, S4=OFF, S5=OFF) -> guesses(G0=DOGok, G1=DOGok, G2=DOGok, G3=CATok, G4=CATXX, G5=DOGok)  R=0.83
             ex5: items(G0=DOG, G1=DOG, G2=CAT, G3=CAT, G4=CAT, G5=DOG) -> lights(S0=OFF, S1=OFF, S2=ON, S3=ON, S4=ON, S5=ON) -> guesses(G0=DOGok, G1=DOGok, G2=CATok, G3=CATok, G4=CATok, G5=DOGok)  R=1.00

  seed 13  R=0.854  [exploiting joint channel (0.854)]  (324.1s)
           not perfect (0 tracking, 6 holistic, 0 pooling signallers)
             S0: general(G0,G1,G2,G3,G4,G5) [nonlinear] (kind=general, depends on [0, 1, 2, 3, 4, 5])
             S1: general(G0,G1,G2,G3,G4,G5) [nonlinear] (kind=general, depends on [0, 1, 2, 3, 4, 5])
             S2: general(G0,G1,G2,G3,G4,G5) [nonlinear] (kind=general, depends on [0, 1, 2, 3, 4, 5])
             S3: general(G0,G1,G2,G3,G4,G5) [nonlinear] (kind=general, depends on [0, 1, 2, 3, 4, 5])
             S4: general(G0,G1,G2,G3,G4,G5) [nonlinear] (kind=general, depends on [0, 1, 2, 3, 4, 5])
             S5: general(G0,G1,G2,G3,G4,G5) [nonlinear] (kind=general, depends on [0, 1, 2, 3, 4, 5])
             entropy reduction per guesser (out of 1.0): G0=0.68, G1=0.63, G2=0.61, G3=0.96, G4=0.88, G5=0.83
             ex1: items(G0=CAT, G1=CAT, G2=DOG, G3=CAT, G4=DOG, G5=CAT) -> lights(S0=OFF, S1=ON, S2=ON, S3=ON, S4=OFF, S5=OFF) -> guesses(G0=CATok, G1=DOGXX, G2=DOGok, G3=CATok, G4=CATXX, G5=CATok)  R=0.67
             ex2: items(G0=CAT, G1=DOG, G2=CAT, G3=DOG, G4=CAT, G5=CAT) -> lights(S0=OFF, S1=ON, S2=ON, S3=ON, S4=ON, S5=ON) -> guesses(G0=CATok, G1=DOGok, G2=CATok, G3=DOGok, G4=CATok, G5=CATok)  R=1.00
             ex3: items(G0=CAT, G1=CAT, G2=DOG, G3=CAT, G4=DOG, G5=DOG) -> lights(S0=ON, S1=OFF, S2=OFF, S3=ON, S4=OFF, S5=ON) -> guesses(G0=CATok, G1=CATok, G2=DOGok, G3=CATok, G4=DOGok, G5=DOGok)  R=1.00
             ex4: items(G0=DOG, G1=DOG, G2=DOG, G3=CAT, G4=CAT, G5=DOG) -> lights(S0=ON, S1=ON, S2=ON, S3=OFF, S4=OFF, S5=ON) -> guesses(G0=DOGok, G1=DOGok, G2=CATXX, G3=CATok, G4=CATok, G5=DOGok)  R=0.83
             ex5: items(G0=DOG, G1=DOG, G2=DOG, G3=CAT, G4=DOG, G5=DOG) -> lights(S0=ON, S1=OFF, S2=OFF, S3=OFF, S4=OFF, S5=OFF) -> guesses(G0=CATXX, G1=DOGok, G2=DOGok, G3=CATok, G4=DOGok, G5=DOGok)  R=0.83

  seed 14  R=0.849  [exploiting joint channel (0.849)]  (319.9s)
           not perfect (0 tracking, 6 holistic, 0 pooling signallers)
             S0: general(G0,G1,G2,G3,G4,G5) [nonlinear] (kind=general, depends on [0, 1, 2, 3, 4, 5])
             S1: general(G0,G1,G2,G3,G4,G5) [nonlinear] (kind=general, depends on [0, 1, 2, 3, 4, 5])
             S2: general(G0,G1,G2,G3,G4,G5) [nonlinear] (kind=general, depends on [0, 1, 2, 3, 4, 5])
             S3: general(G0,G1,G2,G3,G4,G5) [nonlinear] (kind=general, depends on [0, 1, 2, 3, 4, 5])
             S4: general(G0,G1,G2,G3,G4,G5) [nonlinear] (kind=general, depends on [0, 1, 2, 3, 4, 5])
             S5: general(G0,G1,G2,G3,G4,G5) [nonlinear] (kind=general, depends on [0, 1, 2, 3, 4, 5])
             entropy reduction per guesser (out of 1.0): G0=0.82, G1=0.74, G2=0.55, G3=0.85, G4=0.75, G5=0.91
             ex1: items(G0=DOG, G1=DOG, G2=CAT, G3=CAT, G4=DOG, G5=CAT) -> lights(S0=OFF, S1=OFF, S2=OFF, S3=ON, S4=OFF, S5=OFF) -> guesses(G0=DOGok, G1=DOGok, G2=DOGXX, G3=CATok, G4=DOGok, G5=CATok)  R=0.83
             ex2: items(G0=CAT, G1=DOG, G2=CAT, G3=DOG, G4=CAT, G5=CAT) -> lights(S0=OFF, S1=ON, S2=ON, S3=OFF, S4=ON, S5=ON) -> guesses(G0=CATok, G1=CATXX, G2=CATok, G3=DOGok, G4=CATok, G5=CATok)  R=0.83
             ex3: items(G0=CAT, G1=CAT, G2=DOG, G3=DOG, G4=CAT, G5=DOG) -> lights(S0=ON, S1=ON, S2=ON, S3=ON, S4=OFF, S5=OFF) -> guesses(G0=CATok, G1=CATok, G2=DOGok, G3=DOGok, G4=CATok, G5=DOGok)  R=1.00
             ex4: items(G0=DOG, G1=CAT, G2=CAT, G3=DOG, G4=CAT, G5=CAT) -> lights(S0=OFF, S1=ON, S2=ON, S3=OFF, S4=ON, S5=ON) -> guesses(G0=CATXX, G1=CATok, G2=CATok, G3=DOGok, G4=CATok, G5=CATok)  R=0.83
             ex5: items(G0=DOG, G1=CAT, G2=CAT, G3=DOG, G4=CAT, G5=DOG) -> lights(S0=ON, S1=ON, S2=ON, S3=ON, S4=OFF, S5=ON) -> guesses(G0=CATXX, G1=CATok, G2=CATok, G3=DOGok, G4=DOGXX, G5=DOGok)  R=0.67

  seed 15  R=0.857  [exploiting joint channel (0.857)]  (321.6s)
           not perfect (0 tracking, 6 holistic, 0 pooling signallers)
             S0: general(G0,G1,G2,G3,G4,G5) [nonlinear] (kind=general, depends on [0, 1, 2, 3, 4, 5])
             S1: general(G0,G1,G2,G3,G4,G5) [nonlinear] (kind=general, depends on [0, 1, 2, 3, 4, 5])
             S2: general(G0,G1,G2,G3,G4,G5) [nonlinear] (kind=general, depends on [0, 1, 2, 3, 4, 5])
             S3: general(G0,G1,G2,G3,G4,G5) [nonlinear] (kind=general, depends on [0, 1, 2, 3, 4, 5])
             S4: general(G0,G1,G2,G3,G4,G5) [nonlinear] (kind=general, depends on [0, 1, 2, 3, 4, 5])
             S5: general(G0,G1,G2,G3,G4,G5) [nonlinear] (kind=general, depends on [0, 1, 2, 3, 4, 5])
             entropy reduction per guesser (out of 1.0): G0=0.74, G1=0.96, G2=0.82, G3=0.77, G4=0.82, G5=0.69
             ex1: items(G0=CAT, G1=CAT, G2=DOG, G3=DOG, G4=DOG, G5=DOG) -> lights(S0=OFF, S1=ON, S2=ON, S3=OFF, S4=OFF, S5=ON) -> guesses(G0=CATok, G1=CATok, G2=DOGok, G3=DOGok, G4=DOGok, G5=DOGok)  R=1.00
             ex2: items(G0=CAT, G1=CAT, G2=CAT, G3=DOG, G4=DOG, G5=DOG) -> lights(S0=OFF, S1=ON, S2=OFF, S3=ON, S4=ON, S5=ON) -> guesses(G0=CATok, G1=CATok, G2=CATok, G3=DOGok, G4=CATXX, G5=CATXX)  R=0.67
             ex3: items(G0=DOG, G1=DOG, G2=CAT, G3=DOG, G4=CAT, G5=CAT) -> lights(S0=ON, S1=OFF, S2=OFF, S3=ON, S4=OFF, S5=ON) -> guesses(G0=DOGok, G1=DOGok, G2=CATok, G3=DOGok, G4=CATok, G5=CATok)  R=1.00
             ex4: items(G0=CAT, G1=DOG, G2=CAT, G3=DOG, G4=DOG, G5=DOG) -> lights(S0=OFF, S1=ON, S2=ON, S3=ON, S4=ON, S5=OFF) -> guesses(G0=CATok, G1=DOGok, G2=CATok, G3=DOGok, G4=DOGok, G5=DOGok)  R=1.00
             ex5: items(G0=DOG, G1=DOG, G2=DOG, G3=CAT, G4=DOG, G5=DOG) -> lights(S0=ON, S1=OFF, S2=ON, S3=OFF, S4=OFF, S5=OFF) -> guesses(G0=DOGok, G1=DOGok, G2=DOGok, G3=CATok, G4=DOGok, G5=DOGok)  R=1.00

  seed 16  R=0.833  [exploiting joint channel (0.833)]  (319.2s)
           not perfect (0 tracking, 6 holistic, 0 pooling signallers)
             S0: general(G0,G1,G2,G3,G4,G5) [nonlinear] (kind=general, depends on [0, 1, 2, 3, 4, 5])
             S1: general(G0,G1,G2,G3,G4,G5) [nonlinear] (kind=general, depends on [0, 1, 2, 3, 4, 5])
             S2: general(G0,G1,G2,G3,G4,G5) [nonlinear] (kind=general, depends on [0, 1, 2, 3, 4, 5])
             S3: general(G0,G1,G2,G3,G4,G5) [nonlinear] (kind=general, depends on [0, 1, 2, 3, 4, 5])
             S4: general(G0,G1,G2,G3,G4,G5) [nonlinear] (kind=general, depends on [0, 1, 2, 3, 4, 5])
             S5: general(G0,G1,G2,G3,G4,G5) [nonlinear] (kind=general, depends on [0, 1, 2, 3, 4, 5])
             entropy reduction per guesser (out of 1.0): G0=0.71, G1=0.89, G2=0.86, G3=0.77, G4=0.78, G5=0.68
             ex1: items(G0=CAT, G1=DOG, G2=DOG, G3=DOG, G4=CAT, G5=CAT) -> lights(S0=ON, S1=ON, S2=ON, S3=OFF, S4=ON, S5=ON) -> guesses(G0=CATok, G1=CATXX, G2=DOGok, G3=DOGok, G4=CATok, G5=DOGXX)  R=0.67
             ex2: items(G0=CAT, G1=DOG, G2=DOG, G3=CAT, G4=CAT, G5=DOG) -> lights(S0=OFF, S1=OFF, S2=ON, S3=ON, S4=OFF, S5=OFF) -> guesses(G0=CATok, G1=DOGok, G2=CATXX, G3=CATok, G4=CATok, G5=DOGok)  R=0.83
             ex3: items(G0=DOG, G1=CAT, G2=DOG, G3=CAT, G4=CAT, G5=CAT) -> lights(S0=ON, S1=OFF, S2=ON, S3=ON, S4=OFF, S5=OFF) -> guesses(G0=DOGok, G1=CATok, G2=CATXX, G3=CATok, G4=CATok, G5=CATok)  R=0.83
             ex4: items(G0=DOG, G1=DOG, G2=CAT, G3=DOG, G4=CAT, G5=DOG) -> lights(S0=ON, S1=OFF, S2=ON, S3=OFF, S4=ON, S5=ON) -> guesses(G0=CATXX, G1=DOGok, G2=CATok, G3=DOGok, G4=CATok, G5=DOGok)  R=0.83
             ex5: items(G0=CAT, G1=CAT, G2=DOG, G3=CAT, G4=DOG, G5=CAT) -> lights(S0=OFF, S1=ON, S2=OFF, S3=ON, S4=ON, S5=OFF) -> guesses(G0=CATok, G1=CATok, G2=DOGok, G3=DOGXX, G4=DOGok, G5=DOGXX)  R=0.67

  seed 17  R=0.857  [exploiting joint channel (0.857)]  (320.8s)
           not perfect (0 tracking, 6 holistic, 0 pooling signallers)
             S0: general(G0,G1,G2,G3,G4,G5) [nonlinear] (kind=general, depends on [0, 1, 2, 3, 4, 5])
             S1: general(G0,G1,G2,G3,G4,G5) [nonlinear] (kind=general, depends on [0, 1, 2, 3, 4, 5])
             S2: general(G0,G1,G2,G3,G4,G5) [nonlinear] (kind=general, depends on [0, 1, 2, 3, 4, 5])
             S3: general(G0,G1,G2,G3,G4,G5) [nonlinear] (kind=general, depends on [0, 1, 2, 3, 4, 5])
             S4: general(G0,G1,G2,G3,G4,G5) [nonlinear] (kind=general, depends on [0, 1, 2, 3, 4, 5])
             S5: general(G0,G1,G2,G3,G4,G5) [nonlinear] (kind=general, depends on [0, 1, 2, 3, 4, 5])
             entropy reduction per guesser (out of 1.0): G0=0.84, G1=0.80, G2=0.90, G3=0.74, G4=0.75, G5=0.91
             ex1: items(G0=DOG, G1=CAT, G2=CAT, G3=CAT, G4=CAT, G5=DOG) -> lights(S0=OFF, S1=ON, S2=OFF, S3=ON, S4=OFF, S5=OFF) -> guesses(G0=DOGok, G1=CATok, G2=CATok, G3=CATok, G4=CATok, G5=DOGok)  R=1.00
             ex2: items(G0=CAT, G1=DOG, G2=CAT, G3=DOG, G4=DOG, G5=CAT) -> lights(S0=ON, S1=OFF, S2=OFF, S3=OFF, S4=OFF, S5=OFF) -> guesses(G0=CATok, G1=CATXX, G2=CATok, G3=DOGok, G4=DOGok, G5=CATok)  R=0.83
             ex3: items(G0=DOG, G1=CAT, G2=DOG, G3=CAT, G4=CAT, G5=CAT) -> lights(S0=OFF, S1=OFF, S2=ON, S3=ON, S4=OFF, S5=ON) -> guesses(G0=DOGok, G1=CATok, G2=DOGok, G3=CATok, G4=DOGXX, G5=CATok)  R=0.83
             ex4: items(G0=DOG, G1=CAT, G2=CAT, G3=DOG, G4=DOG, G5=DOG) -> lights(S0=OFF, S1=OFF, S2=ON, S3=OFF, S4=OFF, S5=OFF) -> guesses(G0=DOGok, G1=CATok, G2=CATok, G3=DOGok, G4=CATXX, G5=CATXX)  R=0.67
             ex5: items(G0=DOG, G1=DOG, G2=CAT, G3=DOG, G4=CAT, G5=CAT) -> lights(S0=ON, S1=ON, S2=ON, S3=OFF, S4=OFF, S5=OFF) -> guesses(G0=DOGok, G1=CATXX, G2=CATok, G3=DOGok, G4=CATok, G5=CATok)  R=0.83

  seed 18  R=0.831  [exploiting joint channel (0.831)]  (318.6s)
           not perfect (0 tracking, 6 holistic, 0 pooling signallers)
             S0: general(G0,G1,G2,G3,G4,G5) [nonlinear] (kind=general, depends on [0, 1, 2, 3, 4, 5])
             S1: general(G0,G1,G2,G3,G4,G5) [nonlinear] (kind=general, depends on [0, 1, 2, 3, 4, 5])
             S2: general(G0,G1,G2,G3,G4,G5) [nonlinear] (kind=general, depends on [0, 1, 2, 3, 4, 5])
             S3: general(G0,G1,G2,G3,G4,G5) [nonlinear] (kind=general, depends on [0, 1, 2, 3, 4, 5])
             S4: general(G0,G1,G2,G3,G4,G5) [nonlinear] (kind=general, depends on [0, 1, 2, 3, 4, 5])
             S5: general(G0,G1,G2,G3,G4,G5) [nonlinear] (kind=general, depends on [0, 1, 2, 3, 4, 5])
             entropy reduction per guesser (out of 1.0): G0=0.62, G1=0.85, G2=0.63, G3=0.51, G4=0.82, G5=0.93
             ex1: items(G0=CAT, G1=CAT, G2=DOG, G3=CAT, G4=DOG, G5=CAT) -> lights(S0=OFF, S1=OFF, S2=OFF, S3=ON, S4=OFF, S5=ON) -> guesses(G0=DOGXX, G1=CATok, G2=DOGok, G3=CATok, G4=DOGok, G5=CATok)  R=0.83
             ex2: items(G0=CAT, G1=CAT, G2=CAT, G3=CAT, G4=DOG, G5=CAT) -> lights(S0=OFF, S1=OFF, S2=ON, S3=ON, S4=OFF, S5=ON) -> guesses(G0=CATok, G1=CATok, G2=CATok, G3=CATok, G4=DOGok, G5=CATok)  R=1.00
             ex3: items(G0=DOG, G1=CAT, G2=CAT, G3=DOG, G4=DOG, G5=DOG) -> lights(S0=OFF, S1=OFF, S2=OFF, S3=OFF, S4=OFF, S5=ON) -> guesses(G0=DOGok, G1=CATok, G2=DOGXX, G3=CATXX, G4=DOGok, G5=DOGok)  R=0.67
             ex4: items(G0=CAT, G1=CAT, G2=CAT, G3=DOG, G4=CAT, G5=DOG) -> lights(S0=OFF, S1=OFF, S2=ON, S3=ON, S4=ON, S5=OFF) -> guesses(G0=CATok, G1=CATok, G2=CATok, G3=DOGok, G4=CATok, G5=CATXX)  R=0.83
             ex5: items(G0=DOG, G1=DOG, G2=CAT, G3=DOG, G4=DOG, G5=CAT) -> lights(S0=ON, S1=ON, S2=OFF, S3=ON, S4=OFF, S5=OFF) -> guesses(G0=DOGok, G1=DOGok, G2=CATok, G3=CATXX, G4=CATXX, G5=CATok)  R=0.67

  seed 19  R=0.859  [exploiting joint channel (0.859)]  (319.8s)
           not perfect (0 tracking, 6 holistic, 0 pooling signallers)
             S0: general(G0,G1,G2,G3,G4,G5) [nonlinear] (kind=general, depends on [0, 1, 2, 3, 4, 5])
             S1: general(G0,G1,G2,G3,G4,G5) [nonlinear] (kind=general, depends on [0, 1, 2, 3, 4, 5])
             S2: general(G0,G1,G2,G3,G4,G5) [nonlinear] (kind=general, depends on [0, 1, 2, 3, 4, 5])
             S3: general(G0,G1,G2,G3,G4,G5) [nonlinear] (kind=general, depends on [0, 1, 2, 3, 4, 5])
             S4: general(G0,G1,G2,G3,G4,G5) [nonlinear] (kind=general, depends on [0, 1, 2, 3, 4, 5])
             S5: general(G0,G1,G2,G3,G4,G5) [nonlinear] (kind=general, depends on [0, 1, 2, 3, 4, 5])
             entropy reduction per guesser (out of 1.0): G0=0.92, G1=0.83, G2=0.72, G3=0.89, G4=0.67, G5=0.75
             ex1: items(G0=CAT, G1=CAT, G2=CAT, G3=CAT, G4=DOG, G5=DOG) -> lights(S0=ON, S1=ON, S2=OFF, S3=ON, S4=OFF, S5=OFF) -> guesses(G0=CATok, G1=DOGXX, G2=CATok, G3=CATok, G4=DOGok, G5=DOGok)  R=0.83
             ex2: items(G0=CAT, G1=CAT, G2=DOG, G3=DOG, G4=CAT, G5=DOG) -> lights(S0=OFF, S1=ON, S2=ON, S3=ON, S4=OFF, S5=OFF) -> guesses(G0=CATok, G1=CATok, G2=DOGok, G3=CATXX, G4=CATok, G5=DOGok)  R=0.83
             ex3: items(G0=DOG, G1=DOG, G2=DOG, G3=CAT, G4=CAT, G5=CAT) -> lights(S0=OFF, S1=OFF, S2=OFF, S3=OFF, S4=ON, S5=ON) -> guesses(G0=DOGok, G1=DOGok, G2=DOGok, G3=CATok, G4=CATok, G5=CATok)  R=1.00
             ex4: items(G0=CAT, G1=DOG, G2=CAT, G3=CAT, G4=CAT, G5=DOG) -> lights(S0=ON, S1=ON, S2=ON, S3=ON, S4=OFF, S5=OFF) -> guesses(G0=CATok, G1=DOGok, G2=CATok, G3=CATok, G4=CATok, G5=DOGok)  R=1.00
             ex5: items(G0=CAT, G1=DOG, G2=DOG, G3=CAT, G4=CAT, G5=CAT) -> lights(S0=OFF, S1=OFF, S2=OFF, S3=ON, S4=OFF, S5=OFF) -> guesses(G0=CATok, G1=DOGok, G2=DOGok, G3=CATok, G4=CATok, G5=CATok)  R=1.00

  seed 20  R=0.841  [exploiting joint channel (0.841)]  (317.0s)
           not perfect (0 tracking, 6 holistic, 0 pooling signallers)
             S0: general(G0,G1,G2,G3,G4,G5) [nonlinear] (kind=general, depends on [0, 1, 2, 3, 4, 5])
             S1: general(G0,G1,G2,G3,G4,G5) [nonlinear] (kind=general, depends on [0, 1, 2, 3, 4, 5])
             S2: general(G0,G1,G2,G3,G4,G5) [nonlinear] (kind=general, depends on [0, 1, 2, 3, 4, 5])
             S3: general(G0,G1,G2,G3,G4,G5) [nonlinear] (kind=general, depends on [0, 1, 2, 3, 4, 5])
             S4: general(G0,G1,G2,G3,G4,G5) [nonlinear] (kind=general, depends on [0, 1, 2, 3, 4, 5])
             S5: general(G0,G1,G2,G3,G4,G5) [nonlinear] (kind=general, depends on [0, 1, 2, 3, 4, 5])
             entropy reduction per guesser (out of 1.0): G0=0.76, G1=0.71, G2=0.78, G3=0.83, G4=0.84, G5=0.79
             ex1: items(G0=CAT, G1=DOG, G2=DOG, G3=CAT, G4=CAT, G5=CAT) -> lights(S0=ON, S1=ON, S2=ON, S3=OFF, S4=ON, S5=ON) -> guesses(G0=CATok, G1=DOGok, G2=DOGok, G3=CATok, G4=CATok, G5=CATok)  R=1.00
             ex2: items(G0=CAT, G1=CAT, G2=CAT, G3=CAT, G4=DOG, G5=DOG) -> lights(S0=ON, S1=OFF, S2=OFF, S3=ON, S4=OFF, S5=ON) -> guesses(G0=CATok, G1=CATok, G2=CATok, G3=CATok, G4=DOGok, G5=CATXX)  R=0.83
             ex3: items(G0=DOG, G1=DOG, G2=DOG, G3=DOG, G4=CAT, G5=DOG) -> lights(S0=OFF, S1=ON, S2=OFF, S3=ON, S4=ON, S5=ON) -> guesses(G0=DOGok, G1=DOGok, G2=DOGok, G3=DOGok, G4=CATok, G5=DOGok)  R=1.00
             ex4: items(G0=DOG, G1=DOG, G2=DOG, G3=DOG, G4=DOG, G5=CAT) -> lights(S0=ON, S1=ON, S2=ON, S3=ON, S4=OFF, S5=ON) -> guesses(G0=DOGok, G1=CATXX, G2=DOGok, G3=DOGok, G4=DOGok, G5=CATok)  R=0.83
             ex5: items(G0=DOG, G1=CAT, G2=DOG, G3=CAT, G4=DOG, G5=CAT) -> lights(S0=ON, S1=OFF, S2=OFF, S3=OFF, S4=ON, S5=OFF) -> guesses(G0=CATXX, G1=CATok, G2=DOGok, G3=CATok, G4=DOGok, G5=CATok)  R=0.83

  seed 21  R=0.852  [exploiting joint channel (0.852)]  (318.5s)
           not perfect (0 tracking, 6 holistic, 0 pooling signallers)
             S0: general(G0,G1,G2,G3,G4,G5) [nonlinear] (kind=general, depends on [0, 1, 2, 3, 4, 5])
             S1: general(G0,G1,G2,G3,G4,G5) [nonlinear] (kind=general, depends on [0, 1, 2, 3, 4, 5])
             S2: general(G0,G1,G2,G3,G4,G5) [nonlinear] (kind=general, depends on [0, 1, 2, 3, 4, 5])
             S3: general(G0,G1,G2,G3,G4,G5) [nonlinear] (kind=general, depends on [0, 1, 2, 3, 4, 5])
             S4: general(G0,G1,G2,G3,G4,G5) [nonlinear] (kind=general, depends on [0, 1, 2, 3, 4, 5])
             S5: general(G0,G1,G2,G3,G4,G5) [nonlinear] (kind=general, depends on [0, 1, 2, 3, 4, 5])
             entropy reduction per guesser (out of 1.0): G0=0.84, G1=0.72, G2=0.78, G3=0.64, G4=0.82, G5=0.84
             ex1: items(G0=CAT, G1=CAT, G2=CAT, G3=DOG, G4=DOG, G5=DOG) -> lights(S0=ON, S1=OFF, S2=ON, S3=ON, S4=ON, S5=ON) -> guesses(G0=CATok, G1=DOGXX, G2=CATok, G3=DOGok, G4=DOGok, G5=DOGok)  R=0.83
             ex2: items(G0=DOG, G1=CAT, G2=DOG, G3=DOG, G4=DOG, G5=DOG) -> lights(S0=ON, S1=OFF, S2=ON, S3=OFF, S4=OFF, S5=OFF) -> guesses(G0=DOGok, G1=CATok, G2=DOGok, G3=DOGok, G4=DOGok, G5=DOGok)  R=1.00
             ex3: items(G0=CAT, G1=DOG, G2=DOG, G3=CAT, G4=DOG, G5=CAT) -> lights(S0=OFF, S1=OFF, S2=OFF, S3=OFF, S4=OFF, S5=ON) -> guesses(G0=CATok, G1=DOGok, G2=DOGok, G3=CATok, G4=DOGok, G5=CATok)  R=1.00
             ex4: items(G0=DOG, G1=DOG, G2=DOG, G3=DOG, G4=CAT, G5=DOG) -> lights(S0=ON, S1=OFF, S2=ON, S3=OFF, S4=ON, S5=ON) -> guesses(G0=DOGok, G1=CATXX, G2=DOGok, G3=DOGok, G4=DOGXX, G5=DOGok)  R=0.67
             ex5: items(G0=CAT, G1=CAT, G2=CAT, G3=DOG, G4=CAT, G5=DOG) -> lights(S0=OFF, S1=ON, S2=OFF, S3=ON, S4=OFF, S5=ON) -> guesses(G0=CATok, G1=CATok, G2=CATok, G3=DOGok, G4=CATok, G5=CATXX)  R=0.83

  seed 22  R=0.854  [exploiting joint channel (0.854)]  (317.3s)
           not perfect (0 tracking, 6 holistic, 0 pooling signallers)
             S0: general(G0,G1,G2,G3,G4,G5) [nonlinear] (kind=general, depends on [0, 1, 2, 3, 4, 5])
             S1: general(G0,G1,G2,G3,G4,G5) [nonlinear] (kind=general, depends on [0, 1, 2, 3, 4, 5])
             S2: general(G0,G1,G2,G3,G4,G5) [nonlinear] (kind=general, depends on [0, 1, 2, 3, 4, 5])
             S3: general(G0,G1,G2,G3,G4,G5) [nonlinear] (kind=general, depends on [0, 1, 2, 3, 4, 5])
             S4: general(G0,G1,G2,G3,G4,G5) [nonlinear] (kind=general, depends on [0, 1, 2, 3, 4, 5])
             S5: general(G0,G1,G2,G3,G4,G5) [nonlinear] (kind=general, depends on [0, 1, 2, 3, 4, 5])
             entropy reduction per guesser (out of 1.0): G0=0.84, G1=0.82, G2=0.69, G3=0.55, G4=0.85, G5=0.88
             ex1: items(G0=CAT, G1=CAT, G2=CAT, G3=DOG, G4=CAT, G5=DOG) -> lights(S0=ON, S1=ON, S2=ON, S3=ON, S4=OFF, S5=OFF) -> guesses(G0=CATok, G1=CATok, G2=CATok, G3=CATXX, G4=CATok, G5=DOGok)  R=0.83
             ex2: items(G0=CAT, G1=DOG, G2=CAT, G3=DOG, G4=DOG, G5=CAT) -> lights(S0=ON, S1=OFF, S2=ON, S3=OFF, S4=OFF, S5=ON) -> guesses(G0=DOGXX, G1=CATXX, G2=CATok, G3=DOGok, G4=DOGok, G5=CATok)  R=0.67
             ex3: items(G0=DOG, G1=DOG, G2=CAT, G3=CAT, G4=CAT, G5=DOG) -> lights(S0=ON, S1=OFF, S2=OFF, S3=OFF, S4=OFF, S5=OFF) -> guesses(G0=DOGok, G1=DOGok, G2=DOGXX, G3=CATok, G4=CATok, G5=DOGok)  R=0.83
             ex4: items(G0=CAT, G1=CAT, G2=DOG, G3=DOG, G4=DOG, G5=DOG) -> lights(S0=OFF, S1=ON, S2=ON, S3=ON, S4=ON, S5=OFF) -> guesses(G0=CATok, G1=CATok, G2=DOGok, G3=CATXX, G4=DOGok, G5=DOGok)  R=0.83
             ex5: items(G0=CAT, G1=CAT, G2=DOG, G3=DOG, G4=CAT, G5=DOG) -> lights(S0=ON, S1=ON, S2=ON, S3=ON, S4=ON, S5=OFF) -> guesses(G0=CATok, G1=CATok, G2=DOGok, G3=DOGok, G4=CATok, G5=DOGok)  R=1.00

  seed 23  R=0.857  [exploiting joint channel (0.857)]  (318.0s)
           not perfect (0 tracking, 6 holistic, 0 pooling signallers)
             S0: general(G0,G1,G2,G3,G4,G5) [nonlinear] (kind=general, depends on [0, 1, 2, 3, 4, 5])
             S1: general(G0,G1,G2,G3,G4,G5) [nonlinear] (kind=general, depends on [0, 1, 2, 3, 4, 5])
             S2: general(G0,G1,G2,G3,G4,G5) [nonlinear] (kind=general, depends on [0, 1, 2, 3, 4, 5])
             S3: general(G0,G1,G2,G3,G4,G5) [nonlinear] (kind=general, depends on [0, 1, 2, 3, 4, 5])
             S4: general(G0,G1,G2,G3,G4,G5) [nonlinear] (kind=general, depends on [0, 1, 2, 3, 4, 5])
             S5: general(G0,G1,G2,G3,G4,G5) [nonlinear] (kind=general, depends on [0, 1, 2, 3, 4, 5])
             entropy reduction per guesser (out of 1.0): G0=0.83, G1=0.84, G2=0.71, G3=0.65, G4=0.90, G5=0.81
             ex1: items(G0=DOG, G1=CAT, G2=CAT, G3=DOG, G4=DOG, G5=CAT) -> lights(S0=ON, S1=ON, S2=OFF, S3=OFF, S4=OFF, S5=OFF) -> guesses(G0=DOGok, G1=CATok, G2=CATok, G3=DOGok, G4=DOGok, G5=CATok)  R=1.00
             ex2: items(G0=CAT, G1=DOG, G2=CAT, G3=DOG, G4=CAT, G5=DOG) -> lights(S0=OFF, S1=OFF, S2=ON, S3=ON, S4=ON, S5=ON) -> guesses(G0=CATok, G1=DOGok, G2=DOGXX, G3=DOGok, G4=CATok, G5=DOGok)  R=0.83
             ex3: items(G0=DOG, G1=CAT, G2=DOG, G3=DOG, G4=DOG, G5=DOG) -> lights(S0=ON, S1=ON, S2=ON, S3=OFF, S4=OFF, S5=OFF) -> guesses(G0=DOGok, G1=CATok, G2=DOGok, G3=DOGok, G4=DOGok, G5=CATXX)  R=0.83
             ex4: items(G0=DOG, G1=CAT, G2=CAT, G3=DOG, G4=CAT, G5=DOG) -> lights(S0=ON, S1=OFF, S2=OFF, S3=OFF, S4=ON, S5=OFF) -> guesses(G0=DOGok, G1=CATok, G2=CATok, G3=DOGok, G4=CATok, G5=CATXX)  R=0.83
             ex5: items(G0=DOG, G1=CAT, G2=CAT, G3=DOG, G4=CAT, G5=CAT) -> lights(S0=ON, S1=OFF, S2=OFF, S3=OFF, S4=ON, S5=ON) -> guesses(G0=DOGok, G1=CATok, G2=CATok, G3=DOGok, G4=CATok, G5=CATok)  R=1.00

  seed 24  R=0.859  [exploiting joint channel (0.859)]  (317.8s)
           not perfect (0 tracking, 6 holistic, 0 pooling signallers)
             S0: general(G0,G1,G2,G3,G4,G5) [nonlinear] (kind=general, depends on [0, 1, 2, 3, 4, 5])
             S1: general(G0,G1,G2,G3,G4,G5) [nonlinear] (kind=general, depends on [0, 1, 2, 3, 4, 5])
             S2: general(G0,G1,G2,G3,G4,G5) [nonlinear] (kind=general, depends on [0, 1, 2, 3, 4, 5])
             S3: general(G0,G1,G2,G3,G4,G5) [nonlinear] (kind=general, depends on [0, 1, 2, 3, 4, 5])
             S4: general(G0,G1,G2,G3,G4,G5) [nonlinear] (kind=general, depends on [0, 1, 2, 3, 4, 5])
             S5: general(G0,G1,G2,G3,G4,G5) [nonlinear] (kind=general, depends on [0, 1, 2, 3, 4, 5])
             entropy reduction per guesser (out of 1.0): G0=0.72, G1=0.71, G2=0.73, G3=0.74, G4=0.81, G5=0.89
             ex1: items(G0=CAT, G1=DOG, G2=DOG, G3=CAT, G4=CAT, G5=CAT) -> lights(S0=OFF, S1=OFF, S2=OFF, S3=ON, S4=ON, S5=OFF) -> guesses(G0=CATok, G1=DOGok, G2=DOGok, G3=CATok, G4=CATok, G5=DOGXX)  R=0.83
             ex2: items(G0=CAT, G1=DOG, G2=CAT, G3=CAT, G4=CAT, G5=CAT) -> lights(S0=ON, S1=OFF, S2=OFF, S3=ON, S4=OFF, S5=OFF) -> guesses(G0=CATok, G1=DOGok, G2=DOGXX, G3=CATok, G4=CATok, G5=CATok)  R=0.83
             ex3: items(G0=CAT, G1=DOG, G2=DOG, G3=DOG, G4=CAT, G5=DOG) -> lights(S0=OFF, S1=OFF, S2=OFF, S3=ON, S4=ON, S5=ON) -> guesses(G0=CATok, G1=DOGok, G2=DOGok, G3=DOGok, G4=CATok, G5=DOGok)  R=1.00
             ex4: items(G0=CAT, G1=CAT, G2=CAT, G3=CAT, G4=CAT, G5=CAT) -> lights(S0=ON, S1=ON, S2=OFF, S3=ON, S4=OFF, S5=OFF) -> guesses(G0=CATok, G1=CATok, G2=CATok, G3=CATok, G4=DOGXX, G5=CATok)  R=0.83
             ex5: items(G0=CAT, G1=DOG, G2=CAT, G3=CAT, G4=DOG, G5=CAT) -> lights(S0=ON, S1=ON, S2=ON, S3=OFF, S4=OFF, S5=OFF) -> guesses(G0=DOGXX, G1=CATXX, G2=CATok, G3=CATok, G4=DOGok, G5=CATok)  R=0.67

  seed 25  R=0.854  [exploiting joint channel (0.854)]  (317.3s)
           not perfect (0 tracking, 6 holistic, 0 pooling signallers)
             S0: general(G0,G1,G2,G3,G4,G5) [nonlinear] (kind=general, depends on [0, 1, 2, 3, 4, 5])
             S1: general(G0,G1,G2,G3,G4,G5) [nonlinear] (kind=general, depends on [0, 1, 2, 3, 4, 5])
             S2: general(G0,G1,G2,G3,G4,G5) [nonlinear] (kind=general, depends on [0, 1, 2, 3, 4, 5])
             S3: general(G0,G1,G2,G3,G4,G5) [nonlinear] (kind=general, depends on [0, 1, 2, 3, 4, 5])
             S4: general(G0,G1,G2,G3,G4,G5) [nonlinear] (kind=general, depends on [0, 1, 2, 3, 4, 5])
             S5: general(G0,G1,G2,G3,G4,G5) [nonlinear] (kind=general, depends on [0, 1, 2, 3, 4, 5])
             entropy reduction per guesser (out of 1.0): G0=0.77, G1=0.67, G2=0.59, G3=0.66, G4=0.88, G5=0.86
             ex1: items(G0=CAT, G1=CAT, G2=CAT, G3=DOG, G4=CAT, G5=DOG) -> lights(S0=ON, S1=OFF, S2=ON, S3=ON, S4=ON, S5=ON) -> guesses(G0=CATok, G1=CATok, G2=CATok, G3=DOGok, G4=DOGXX, G5=DOGok)  R=0.83
             ex2: items(G0=CAT, G1=CAT, G2=DOG, G3=DOG, G4=DOG, G5=DOG) -> lights(S0=ON, S1=OFF, S2=OFF, S3=OFF, S4=OFF, S5=ON) -> guesses(G0=CATok, G1=DOGXX, G2=DOGok, G3=DOGok, G4=DOGok, G5=CATXX)  R=0.67
             ex3: items(G0=CAT, G1=CAT, G2=DOG, G3=CAT, G4=DOG, G5=CAT) -> lights(S0=ON, S1=OFF, S2=OFF, S3=OFF, S4=OFF, S5=OFF) -> guesses(G0=CATok, G1=DOGXX, G2=DOGok, G3=DOGXX, G4=DOGok, G5=CATok)  R=0.67
             ex4: items(G0=DOG, G1=DOG, G2=CAT, G3=DOG, G4=CAT, G5=DOG) -> lights(S0=ON, S1=OFF, S2=ON, S3=ON, S4=ON, S5=OFF) -> guesses(G0=DOGok, G1=CATXX, G2=DOGXX, G3=DOGok, G4=CATok, G5=DOGok)  R=0.67
             ex5: items(G0=DOG, G1=DOG, G2=DOG, G3=CAT, G4=CAT, G5=CAT) -> lights(S0=OFF, S1=ON, S2=ON, S3=OFF, S4=OFF, S5=OFF) -> guesses(G0=DOGok, G1=DOGok, G2=DOGok, G3=CATok, G4=CATok, G5=CATok)  R=1.00

  seed 26  R=0.852  [exploiting joint channel (0.852)]  (316.7s)
           not perfect (0 tracking, 6 holistic, 0 pooling signallers)
             S0: general(G0,G1,G2,G3,G4,G5) [nonlinear] (kind=general, depends on [0, 1, 2, 3, 4, 5])
             S1: general(G0,G1,G2,G3,G4,G5) [nonlinear] (kind=general, depends on [0, 1, 2, 3, 4, 5])
             S2: general(G0,G1,G2,G3,G4,G5) [nonlinear] (kind=general, depends on [0, 1, 2, 3, 4, 5])
             S3: general(G0,G1,G2,G3,G4,G5) [nonlinear] (kind=general, depends on [0, 1, 2, 3, 4, 5])
             S4: general(G0,G1,G2,G3,G4,G5) [nonlinear] (kind=general, depends on [0, 1, 2, 3, 4, 5])
             S5: general(G0,G1,G2,G3,G4,G5) [nonlinear] (kind=general, depends on [0, 1, 2, 3, 4, 5])
             entropy reduction per guesser (out of 1.0): G0=0.91, G1=0.89, G2=0.75, G3=0.75, G4=0.72, G5=0.79
             ex1: items(G0=DOG, G1=DOG, G2=DOG, G3=DOG, G4=DOG, G5=DOG) -> lights(S0=ON, S1=ON, S2=ON, S3=OFF, S4=ON, S5=OFF) -> guesses(G0=CATXX, G1=DOGok, G2=DOGok, G3=DOGok, G4=DOGok, G5=DOGok)  R=0.83
             ex2: items(G0=DOG, G1=DOG, G2=CAT, G3=DOG, G4=CAT, G5=DOG) -> lights(S0=ON, S1=OFF, S2=ON, S3=OFF, S4=OFF, S5=OFF) -> guesses(G0=DOGok, G1=DOGok, G2=CATok, G3=DOGok, G4=CATok, G5=DOGok)  R=1.00
             ex3: items(G0=CAT, G1=DOG, G2=DOG, G3=DOG, G4=CAT, G5=CAT) -> lights(S0=OFF, S1=ON, S2=ON, S3=ON, S4=OFF, S5=OFF) -> guesses(G0=CATok, G1=CATXX, G2=DOGok, G3=DOGok, G4=CATok, G5=CATok)  R=0.83
             ex4: items(G0=CAT, G1=CAT, G2=CAT, G3=DOG, G4=CAT, G5=CAT) -> lights(S0=OFF, S1=OFF, S2=ON, S3=ON, S4=ON, S5=OFF) -> guesses(G0=CATok, G1=DOGXX, G2=CATok, G3=DOGok, G4=CATok, G5=CATok)  R=0.83
             ex5: items(G0=CAT, G1=CAT, G2=DOG, G3=DOG, G4=DOG, G5=CAT) -> lights(S0=OFF, S1=OFF, S2=OFF, S3=ON, S4=OFF, S5=ON) -> guesses(G0=CATok, G1=CATok, G2=DOGok, G3=DOGok, G4=CATXX, G5=CATok)  R=0.83

  seed 27  R=0.844  [exploiting joint channel (0.844)]  (316.7s)
           not perfect (0 tracking, 6 holistic, 0 pooling signallers)
             S0: general(G0,G1,G2,G3,G4,G5) [nonlinear] (kind=general, depends on [0, 1, 2, 3, 4, 5])
             S1: general(G0,G1,G2,G3,G4,G5) [nonlinear] (kind=general, depends on [0, 1, 2, 3, 4, 5])
             S2: general(G0,G1,G2,G3,G4,G5) [nonlinear] (kind=general, depends on [0, 1, 2, 3, 4, 5])
             S3: general(G0,G1,G2,G3,G4,G5) [nonlinear] (kind=general, depends on [0, 1, 2, 3, 4, 5])
             S4: general(G0,G1,G2,G3,G4,G5) [nonlinear] (kind=general, depends on [0, 1, 2, 3, 4, 5])
             S5: general(G0,G1,G2,G3,G4,G5) [nonlinear] (kind=general, depends on [0, 1, 2, 3, 4, 5])
             entropy reduction per guesser (out of 1.0): G0=0.83, G1=0.77, G2=0.82, G3=0.72, G4=0.81, G5=0.59
             ex1: items(G0=CAT, G1=DOG, G2=CAT, G3=DOG, G4=CAT, G5=DOG) -> lights(S0=OFF, S1=ON, S2=ON, S3=ON, S4=ON, S5=OFF) -> guesses(G0=CATok, G1=DOGok, G2=CATok, G3=DOGok, G4=DOGXX, G5=DOGok)  R=0.83
             ex2: items(G0=CAT, G1=DOG, G2=DOG, G3=CAT, G4=DOG, G5=DOG) -> lights(S0=OFF, S1=ON, S2=OFF, S3=OFF, S4=OFF, S5=OFF) -> guesses(G0=CATok, G1=DOGok, G2=DOGok, G3=CATok, G4=DOGok, G5=DOGok)  R=1.00
             ex3: items(G0=CAT, G1=DOG, G2=DOG, G3=DOG, G4=DOG, G5=DOG) -> lights(S0=OFF, S1=ON, S2=OFF, S3=OFF, S4=OFF, S5=OFF) -> guesses(G0=CATok, G1=DOGok, G2=DOGok, G3=CATXX, G4=DOGok, G5=DOGok)  R=0.83
             ex4: items(G0=DOG, G1=DOG, G2=CAT, G3=DOG, G4=CAT, G5=CAT) -> lights(S0=ON, S1=OFF, S2=ON, S3=OFF, S4=ON, S5=OFF) -> guesses(G0=DOGok, G1=DOGok, G2=CATok, G3=CATXX, G4=CATok, G5=CATok)  R=0.83
             ex5: items(G0=DOG, G1=DOG, G2=DOG, G3=DOG, G4=DOG, G5=DOG) -> lights(S0=OFF, S1=OFF, S2=OFF, S3=OFF, S4=OFF, S5=ON) -> guesses(G0=DOGok, G1=DOGok, G2=DOGok, G3=CATXX, G4=DOGok, G5=DOGok)  R=0.83

  seed 28  R=0.865  [exploiting joint channel (0.865)]  (317.6s)
           not perfect (0 tracking, 6 holistic, 0 pooling signallers)
             S0: general(G0,G1,G2,G3,G4,G5) [nonlinear] (kind=general, depends on [0, 1, 2, 3, 4, 5])
             S1: general(G0,G1,G2,G3,G4,G5) [nonlinear] (kind=general, depends on [0, 1, 2, 3, 4, 5])
             S2: general(G0,G1,G2,G3,G4,G5) [nonlinear] (kind=general, depends on [0, 1, 2, 3, 4, 5])
             S3: general(G0,G1,G2,G3,G4,G5) [nonlinear] (kind=general, depends on [0, 1, 2, 3, 4, 5])
             S4: general(G0,G1,G2,G3,G4,G5) [nonlinear] (kind=general, depends on [0, 1, 2, 3, 4, 5])
             S5: general(G0,G1,G2,G3,G4,G5) [nonlinear] (kind=general, depends on [0, 1, 2, 3, 4, 5])
             entropy reduction per guesser (out of 1.0): G0=0.72, G1=0.84, G2=0.61, G3=0.94, G4=0.79, G5=0.79
             ex1: items(G0=DOG, G1=CAT, G2=DOG, G3=CAT, G4=DOG, G5=CAT) -> lights(S0=OFF, S1=OFF, S2=ON, S3=OFF, S4=ON, S5=OFF) -> guesses(G0=DOGok, G1=CATok, G2=DOGok, G3=CATok, G4=DOGok, G5=DOGXX)  R=0.83
             ex2: items(G0=DOG, G1=DOG, G2=CAT, G3=CAT, G4=DOG, G5=CAT) -> lights(S0=ON, S1=ON, S2=OFF, S3=ON, S4=OFF, S5=ON) -> guesses(G0=DOGok, G1=DOGok, G2=CATok, G3=CATok, G4=DOGok, G5=CATok)  R=1.00
             ex3: items(G0=DOG, G1=DOG, G2=CAT, G3=CAT, G4=CAT, G5=DOG) -> lights(S0=OFF, S1=ON, S2=OFF, S3=OFF, S4=ON, S5=OFF) -> guesses(G0=DOGok, G1=CATXX, G2=CATok, G3=CATok, G4=CATok, G5=DOGok)  R=0.83
             ex4: items(G0=CAT, G1=CAT, G2=CAT, G3=CAT, G4=DOG, G5=DOG) -> lights(S0=OFF, S1=OFF, S2=ON, S3=OFF, S4=ON, S5=OFF) -> guesses(G0=DOGXX, G1=CATok, G2=DOGXX, G3=CATok, G4=DOGok, G5=DOGok)  R=0.67
             ex5: items(G0=CAT, G1=CAT, G2=CAT, G3=DOG, G4=CAT, G5=CAT) -> lights(S0=OFF, S1=ON, S2=OFF, S3=ON, S4=OFF, S5=ON) -> guesses(G0=DOGXX, G1=DOGXX, G2=CATok, G3=DOGok, G4=CATok, G5=CATok)  R=0.67

  seed 29  R=0.833  [exploiting joint channel (0.833)]  (316.1s)
           not perfect (0 tracking, 6 holistic, 0 pooling signallers)
             S0: general(G0,G1,G2,G3,G4,G5) [nonlinear] (kind=general, depends on [0, 1, 2, 3, 4, 5])
             S1: general(G0,G1,G2,G3,G4,G5) [nonlinear] (kind=general, depends on [0, 1, 2, 3, 4, 5])
             S2: general(G0,G1,G2,G3,G4,G5) [nonlinear] (kind=general, depends on [0, 1, 2, 3, 4, 5])
             S3: general(G0,G1,G2,G3,G4,G5) [nonlinear] (kind=general, depends on [0, 1, 2, 3, 4, 5])
             S4: general(G0,G1,G2,G3,G4,G5) [nonlinear] (kind=general, depends on [0, 1, 2, 3, 4, 5])
             S5: general(G0,G1,G2,G3,G4,G5) [nonlinear] (kind=general, depends on [0, 1, 2, 3, 4, 5])
             entropy reduction per guesser (out of 1.0): G0=0.60, G1=0.82, G2=0.81, G3=0.85, G4=0.65, G5=0.79
             ex1: items(G0=DOG, G1=CAT, G2=DOG, G3=DOG, G4=CAT, G5=DOG) -> lights(S0=ON, S1=ON, S2=ON, S3=ON, S4=OFF, S5=ON) -> guesses(G0=DOGok, G1=CATok, G2=DOGok, G3=DOGok, G4=CATok, G5=DOGok)  R=1.00
             ex2: items(G0=DOG, G1=DOG, G2=DOG, G3=CAT, G4=DOG, G5=DOG) -> lights(S0=OFF, S1=ON, S2=OFF, S3=ON, S4=ON, S5=OFF) -> guesses(G0=DOGok, G1=DOGok, G2=CATXX, G3=CATok, G4=DOGok, G5=DOGok)  R=0.83
             ex3: items(G0=CAT, G1=DOG, G2=DOG, G3=CAT, G4=CAT, G5=DOG) -> lights(S0=ON, S1=ON, S2=OFF, S3=ON, S4=OFF, S5=OFF) -> guesses(G0=CATok, G1=CATXX, G2=DOGok, G3=CATok, G4=CATok, G5=DOGok)  R=0.83
             ex4: items(G0=CAT, G1=CAT, G2=CAT, G3=CAT, G4=DOG, G5=CAT) -> lights(S0=OFF, S1=OFF, S2=OFF, S3=OFF, S4=ON, S5=ON) -> guesses(G0=CATok, G1=DOGXX, G2=CATok, G3=CATok, G4=DOGok, G5=CATok)  R=0.83
             ex5: items(G0=CAT, G1=DOG, G2=CAT, G3=CAT, G4=DOG, G5=DOG) -> lights(S0=ON, S1=OFF, S2=OFF, S3=OFF, S4=ON, S5=ON) -> guesses(G0=CATok, G1=DOGok, G2=CATok, G3=CATok, G4=CATXX, G5=DOGok)  R=0.83

  --- K6x6 / independent: summary over 30 seeds ---
      mean team reward           : 0.850
      complementarity rate       : 0.0% of seeds perfect
      convention types:
        partial / non-perfect: 30/30
      signaller-light census (all seeds pooled): general=180 (100%)
      mean channel utilisation H(M) : 0.987 bits (out of 1.0)
      mean entropy reduction / guesser: 0.781 bits (out of 1.0)

========================================================================
convention_diversity_kmm.py complete in 544.5 min
========================================================================

Done at:      Wed Sep 30 12:33:46 AM UTC 2026
Full log:     /home-mscluster/travhengani/Graph-Signalling-Game/results/question1/logs/convention_kmm_20260929_152821.log
